product_id,product_name,category,subcategory,gender,color,size,fit,material,brand,price_inr,rating,season,description
PRD1001,Nike Unisex's Green Slim Fit Casual Button-Down,shirts,Casual Button-Down,Unisex,Green,S,Slim Fit,Linen,Nike,3549,4.6,Summer,"Top-rated Nike casual button-down featuring premium Green Linen. Tailored to a comfortable Slim Fit, ideal for everyday wear during Summer."
PRD1002,H&M Women's Black Slim Fit Oxford Cotton Shirt,shirts,Oxford Cotton Shirt,Women,Black,M,Slim Fit,Cotton,H&M,2849,4.4,Summer,"Top-rated H&M oxford cotton shirt featuring premium Black Cotton. Tailored to a comfortable Slim Fit, ideal for everyday wear during Summer."
PRD1003,Allen Solly Women's Red Regular Fit Oxford Cotton Shirt,shirts,Oxford Cotton Shirt,Women,Red,M,Regular Fit,Rayon,Allen Solly,2499,4.0,Summer,"Elevate your look with this stylish Red oxford cotton shirt by Allen Solly. Designed in a comfortable Regular Fit using high-grade Rayon, perfect for casual or semi-formal outings."
PRD1004,Allen Solly Men's Blue Regular Fit Linen Resort Shirt,shirts,Linen Resort Shirt,Men,Blue,L,Regular Fit,Cotton,Allen Solly,3249,3.9,Spring,"Crafted from premium Cotton, this Allen Solly Blue linen resort shirt offers exceptional comfort and durability for Spring wardrobe styling. Features a sleek Regular Fit design."
PRD1005,Jack & Jones Men's Grey Slim Fit Oxford Cotton Shirt,shirts,Oxford Cotton Shirt,Men,Grey,XXL,Slim Fit,Rayon,Jack & Jones,2249,4.4,All-Season,"Crafted from premium Rayon, this Jack & Jones Grey oxford cotton shirt offers exceptional comfort and durability for All-Season wardrobe styling. Features a sleek Slim Fit design."
PRD1006,Zara Women's Blue Slim Fit Formal Dress Shirt,shirts,Formal Dress Shirt,Women,Blue,L,Slim Fit,Cotton,Zara,2649,4.5,Spring,"Essential Zara Women's formal dress shirt tailored with a modern Slim Fit. Made of soft, breathable Cotton in rich Blue. Ideal choice for Spring."
PRD1007,FabIndia Women's Red Relaxed Fit Linen Resort Shirt,shirts,Linen Resort Shirt,Women,Red,S,Relaxed Fit,Rayon,FabIndia,3249,4.5,All-Season,"Top-rated FabIndia linen resort shirt featuring premium Red Rayon. Tailored to a comfortable Relaxed Fit, ideal for everyday wear during All-Season."
PRD1008,Puma Women's Grey Regular Fit Formal Dress Shirt,shirts,Formal Dress Shirt,Women,Grey,L,Regular Fit,Linen,Puma,999,3.8,All-Season,"Crafted from premium Linen, this Puma Grey formal dress shirt offers exceptional comfort and durability for All-Season wardrobe styling. Features a sleek Regular Fit design."
PRD1009,Tommy Hilfiger Women's Blue Slim Fit Checked Flannel Shirt,shirts,Checked Flannel Shirt,Women,Blue,XL,Slim Fit,Rayon,Tommy Hilfiger,2399,4.8,Summer,Stay fashion-forward with this versatile Blue checked flannel shirt from Tommy Hilfiger. Includes a refined Slim Fit profile and high quality Rayon fabric.
PRD1010,Roadster Men's Red Relaxed Fit Linen Resort Shirt,shirts,Linen Resort Shirt,Men,Red,XXL,Relaxed Fit,Rayon,Roadster,2549,4.8,All-Season,Stay fashion-forward with this versatile Red linen resort shirt from Roadster. Includes a refined Relaxed Fit profile and high quality Rayon fabric.
PRD1011,W Men's Yellow Regular Fit Formal Dress Shirt,shirts,Formal Dress Shirt,Men,Yellow,S,Regular Fit,Cotton,W,1399,4.4,Summer,Stay fashion-forward with this versatile Yellow formal dress shirt from W. Includes a refined Regular Fit profile and high quality Cotton fabric.
PRD1012,H&M Women's Pink Regular Fit Checked Flannel Shirt,shirts,Checked Flannel Shirt,Women,Pink,S,Regular Fit,Rayon,H&M,3549,4.6,All-Season,"Top-rated H&M checked flannel shirt featuring premium Pink Rayon. Tailored to a comfortable Regular Fit, ideal for everyday wear during All-Season."
PRD1013,Adidas Men's Green Regular Fit Linen Resort Shirt,shirts,Linen Resort Shirt,Men,Green,S,Regular Fit,Linen,Adidas,1849,5.0,Spring,"Elevate your look with this stylish Green linen resort shirt by Adidas. Designed in a comfortable Regular Fit using high-grade Linen, perfect for casual or semi-formal outings."
PRD1014,Manyavar Unisex's Green Relaxed Fit Casual Button-Down,shirts,Casual Button-Down,Unisex,Green,L,Relaxed Fit,Linen,Manyavar,1449,4.3,Summer,"Top-rated Manyavar casual button-down featuring premium Green Linen. Tailored to a comfortable Relaxed Fit, ideal for everyday wear during Summer."
PRD1015,Levi's Women's Beige Slim Fit Oxford Cotton Shirt,shirts,Oxford Cotton Shirt,Women,Beige,L,Slim Fit,Cotton,Levi's,1749,3.6,Spring,"Top-rated Levi's oxford cotton shirt featuring premium Beige Cotton. Tailored to a comfortable Slim Fit, ideal for everyday wear during Spring."
PRD1016,H&M Unisex's Beige Slim Fit Casual Button-Down,shirts,Casual Button-Down,Unisex,Beige,XL,Slim Fit,Linen,H&M,3049,3.7,Summer,"Top-rated H&M casual button-down featuring premium Beige Linen. Tailored to a comfortable Slim Fit, ideal for everyday wear during Summer."
PRD1017,HRX Unisex's Brown Relaxed Fit Formal Dress Shirt,shirts,Formal Dress Shirt,Unisex,Brown,L,Relaxed Fit,Linen,HRX,2399,5.0,All-Season,"Essential HRX Unisex's formal dress shirt tailored with a modern Relaxed Fit. Made of soft, breathable Linen in rich Brown. Ideal choice for All-Season."
PRD1018,Jack & Jones Women's Blue Slim Fit Oxford Cotton Shirt,shirts,Oxford Cotton Shirt,Women,Blue,L,Slim Fit,Linen,Jack & Jones,849,4.4,Summer,"Elevate your look with this stylish Blue oxford cotton shirt by Jack & Jones. Designed in a comfortable Slim Fit using high-grade Linen, perfect for casual or semi-formal outings."
PRD1019,Under Armour Men's Blue Relaxed Fit Formal Dress Shirt,shirts,Formal Dress Shirt,Men,Blue,S,Relaxed Fit,Cotton,Under Armour,899,4.8,Summer,"Crafted from premium Cotton, this Under Armour Blue formal dress shirt offers exceptional comfort and durability for Summer wardrobe styling. Features a sleek Relaxed Fit design."
PRD1020,Manyavar Women's Olive Regular Fit Formal Dress Shirt,shirts,Formal Dress Shirt,Women,Olive,M,Regular Fit,Linen,Manyavar,3099,4.4,All-Season,"Elevate your look with this stylish Olive formal dress shirt by Manyavar. Designed in a comfortable Regular Fit using high-grade Linen, perfect for casual or semi-formal outings."
PRD1021,Mango Men's Blue Slim Fit Checked Flannel Shirt,shirts,Checked Flannel Shirt,Men,Blue,XL,Slim Fit,Polyester,Mango,2449,4.2,Spring,"Crafted from premium Polyester, this Mango Blue checked flannel shirt offers exceptional comfort and durability for Spring wardrobe styling. Features a sleek Slim Fit design."
PRD1022,Nike Women's Maroon Regular Fit Casual Button-Down,shirts,Casual Button-Down,Women,Maroon,M,Regular Fit,Cotton,Nike,1549,4.3,Summer,"Elevate your look with this stylish Maroon casual button-down by Nike. Designed in a comfortable Regular Fit using high-grade Cotton, perfect for casual or semi-formal outings."
PRD1023,HRX Women's Beige Slim Fit Formal Dress Shirt,shirts,Formal Dress Shirt,Women,Beige,XXL,Slim Fit,Cotton,HRX,1199,3.6,Spring,"Top-rated HRX formal dress shirt featuring premium Beige Cotton. Tailored to a comfortable Slim Fit, ideal for everyday wear during Spring."
PRD1024,Levi's Men's White Regular Fit Casual Button-Down,shirts,Casual Button-Down,Men,White,M,Regular Fit,Polyester,Levi's,2399,4.9,Spring,"Elevate your look with this stylish White casual button-down by Levi's. Designed in a comfortable Regular Fit using high-grade Polyester, perfect for casual or semi-formal outings."
PRD1025,Biba Women's Green Regular Fit Casual Button-Down,shirts,Casual Button-Down,Women,Green,XXL,Regular Fit,Rayon,Biba,3499,4.6,Spring,"Elevate your look with this stylish Green casual button-down by Biba. Designed in a comfortable Regular Fit using high-grade Rayon, perfect for casual or semi-formal outings."
PRD1026,Allen Solly Men's Black Relaxed Fit Linen Resort Shirt,shirts,Linen Resort Shirt,Men,Black,L,Relaxed Fit,Cotton,Allen Solly,999,3.6,All-Season,Stay fashion-forward with this versatile Black linen resort shirt from Allen Solly. Includes a refined Relaxed Fit profile and high quality Cotton fabric.
PRD1027,Manyavar Men's Black Relaxed Fit Oxford Cotton Shirt,shirts,Oxford Cotton Shirt,Men,Black,S,Relaxed Fit,Cotton,Manyavar,3199,3.6,Summer,"Elevate your look with this stylish Black oxford cotton shirt by Manyavar. Designed in a comfortable Relaxed Fit using high-grade Cotton, perfect for casual or semi-formal outings."
PRD1028,Biba Unisex's Red Relaxed Fit Casual Button-Down,shirts,Casual Button-Down,Unisex,Red,S,Relaxed Fit,Cotton,Biba,2499,4.5,All-Season,"Top-rated Biba casual button-down featuring premium Red Cotton. Tailored to a comfortable Relaxed Fit, ideal for everyday wear during All-Season."
PRD1029,Manyavar Women's Red Relaxed Fit Linen Resort Shirt,shirts,Linen Resort Shirt,Women,Red,L,Relaxed Fit,Rayon,Manyavar,2399,3.7,Summer,"Essential Manyavar Women's linen resort shirt tailored with a modern Relaxed Fit. Made of soft, breathable Rayon in rich Red. Ideal choice for Summer."
PRD1030,Jack & Jones Men's Black Regular Fit Linen Resort Shirt,shirts,Linen Resort Shirt,Men,Black,XXL,Regular Fit,Cotton,Jack & Jones,1649,4.3,Summer,"Elevate your look with this stylish Black linen resort shirt by Jack & Jones. Designed in a comfortable Regular Fit using high-grade Cotton, perfect for casual or semi-formal outings."
PRD1031,W Men's Navy Regular Fit Casual Button-Down,shirts,Casual Button-Down,Men,Navy,XXL,Regular Fit,Linen,W,1999,4.4,Spring,"Top-rated W casual button-down featuring premium Navy Linen. Tailored to a comfortable Regular Fit, ideal for everyday wear during Spring."
PRD1032,Levi's Women's Olive Slim Fit Oxford Cotton Shirt,shirts,Oxford Cotton Shirt,Women,Olive,S,Slim Fit,Linen,Levi's,1199,4.6,Spring,"Elevate your look with this stylish Olive oxford cotton shirt by Levi's. Designed in a comfortable Slim Fit using high-grade Linen, perfect for casual or semi-formal outings."
PRD1033,Adidas Unisex's Red Relaxed Fit Linen Resort Shirt,shirts,Linen Resort Shirt,Unisex,Red,L,Relaxed Fit,Rayon,Adidas,2849,4.2,Summer,"Crafted from premium Rayon, this Adidas Red linen resort shirt offers exceptional comfort and durability for Summer wardrobe styling. Features a sleek Relaxed Fit design."
PRD1034,H&M Women's Black Slim Fit Checked Flannel Shirt,shirts,Checked Flannel Shirt,Women,Black,L,Slim Fit,Rayon,H&M,1449,4.6,Summer,"Top-rated H&M checked flannel shirt featuring premium Black Rayon. Tailored to a comfortable Slim Fit, ideal for everyday wear during Summer."
PRD1035,HRX Men's Blue Slim Fit Oxford Cotton Shirt,shirts,Oxford Cotton Shirt,Men,Blue,S,Slim Fit,Linen,HRX,2299,4.4,All-Season,"Elevate your look with this stylish Blue oxford cotton shirt by HRX. Designed in a comfortable Slim Fit using high-grade Linen, perfect for casual or semi-formal outings."
PRD1036,HRX Men's Green Regular Fit Formal Dress Shirt,shirts,Formal Dress Shirt,Men,Green,M,Regular Fit,Cotton,HRX,3549,3.9,Spring,"Crafted from premium Cotton, this HRX Green formal dress shirt offers exceptional comfort and durability for Spring wardrobe styling. Features a sleek Regular Fit design."
PRD1037,W Women's Pink Relaxed Fit Oxford Cotton Shirt,shirts,Oxford Cotton Shirt,Women,Pink,M,Relaxed Fit,Linen,W,1499,4.8,Summer,"Crafted from premium Linen, this W Pink oxford cotton shirt offers exceptional comfort and durability for Summer wardrobe styling. Features a sleek Relaxed Fit design."
PRD1038,FabIndia Women's Brown Relaxed Fit Linen Resort Shirt,shirts,Linen Resort Shirt,Women,Brown,M,Relaxed Fit,Linen,FabIndia,1199,4.1,Spring,"Crafted from premium Linen, this FabIndia Brown linen resort shirt offers exceptional comfort and durability for Spring wardrobe styling. Features a sleek Relaxed Fit design."
PRD1039,Mango Men's Purple Regular Fit Formal Dress Shirt,shirts,Formal Dress Shirt,Men,Purple,M,Regular Fit,Rayon,Mango,1699,3.5,Spring,"Elevate your look with this stylish Purple formal dress shirt by Mango. Designed in a comfortable Regular Fit using high-grade Rayon, perfect for casual or semi-formal outings."
PRD1040,Biba Women's Purple Slim Fit Linen Resort Shirt,shirts,Linen Resort Shirt,Women,Purple,XXL,Slim Fit,Rayon,Biba,2399,4.5,Spring,"Top-rated Biba linen resort shirt featuring premium Purple Rayon. Tailored to a comfortable Slim Fit, ideal for everyday wear during Spring."
PRD1041,Tommy Hilfiger Men's Green Slim Fit Casual Button-Down,shirts,Casual Button-Down,Men,Green,S,Slim Fit,Rayon,Tommy Hilfiger,3199,4.2,Summer,"Essential Tommy Hilfiger Men's casual button-down tailored with a modern Slim Fit. Made of soft, breathable Rayon in rich Green. Ideal choice for Summer."
PRD1042,HRX Unisex's Blue Regular Fit Oxford Cotton Shirt,shirts,Oxford Cotton Shirt,Unisex,Blue,S,Regular Fit,Linen,HRX,2549,3.5,Spring,"Top-rated HRX oxford cotton shirt featuring premium Blue Linen. Tailored to a comfortable Regular Fit, ideal for everyday wear during Spring."
PRD1043,Allen Solly Women's Blue Relaxed Fit Linen Resort Shirt,shirts,Linen Resort Shirt,Women,Blue,L,Relaxed Fit,Rayon,Allen Solly,3499,4.8,All-Season,"Essential Allen Solly Women's linen resort shirt tailored with a modern Relaxed Fit. Made of soft, breathable Rayon in rich Blue. Ideal choice for All-Season."
PRD1044,Manyavar Unisex's Grey Regular Fit Linen Resort Shirt,shirts,Linen Resort Shirt,Unisex,Grey,L,Regular Fit,Polyester,Manyavar,3049,3.7,All-Season,Stay fashion-forward with this versatile Grey linen resort shirt from Manyavar. Includes a refined Regular Fit profile and high quality Polyester fabric.
PRD1045,Biba Unisex's Pink Regular Fit Formal Dress Shirt,shirts,Formal Dress Shirt,Unisex,Pink,S,Regular Fit,Polyester,Biba,1999,3.9,All-Season,Stay fashion-forward with this versatile Pink formal dress shirt from Biba. Includes a refined Regular Fit profile and high quality Polyester fabric.
PRD1046,Under Armour Unisex's Navy Regular Fit Oxford Cotton Shirt,shirts,Oxford Cotton Shirt,Unisex,Navy,M,Regular Fit,Polyester,Under Armour,2849,4.2,Spring,"Elevate your look with this stylish Navy oxford cotton shirt by Under Armour. Designed in a comfortable Regular Fit using high-grade Polyester, perfect for casual or semi-formal outings."
PRD1047,H&M Unisex's Olive Relaxed Fit Linen Resort Shirt,shirts,Linen Resort Shirt,Unisex,Olive,M,Relaxed Fit,Rayon,H&M,3549,4.0,Summer,"Elevate your look with this stylish Olive linen resort shirt by H&M. Designed in a comfortable Relaxed Fit using high-grade Rayon, perfect for casual or semi-formal outings."
PRD1048,Roadster Men's Red Regular Fit Casual Button-Down,shirts,Casual Button-Down,Men,Red,XL,Regular Fit,Cotton,Roadster,3349,4.4,Spring,Stay fashion-forward with this versatile Red casual button-down from Roadster. Includes a refined Regular Fit profile and high quality Cotton fabric.
PRD1049,Mango Men's White Relaxed Fit Checked Flannel Shirt,shirts,Checked Flannel Shirt,Men,White,XL,Relaxed Fit,Cotton,Mango,1649,3.8,Summer,"Top-rated Mango checked flannel shirt featuring premium White Cotton. Tailored to a comfortable Relaxed Fit, ideal for everyday wear during Summer."
PRD1050,Jack & Jones Unisex's Red Slim Fit Casual Button-Down,shirts,Casual Button-Down,Unisex,Red,XL,Slim Fit,Polyester,Jack & Jones,3499,4.3,Summer,"Top-rated Jack & Jones casual button-down featuring premium Red Polyester. Tailored to a comfortable Slim Fit, ideal for everyday wear during Summer."
PRD1051,Tommy Hilfiger Unisex's Purple Relaxed Fit Checked Flannel Shirt,shirts,Checked Flannel Shirt,Unisex,Purple,XL,Relaxed Fit,Polyester,Tommy Hilfiger,1449,4.6,All-Season,Stay fashion-forward with this versatile Purple checked flannel shirt from Tommy Hilfiger. Includes a refined Relaxed Fit profile and high quality Polyester fabric.
PRD1052,Jack & Jones Men's Purple Relaxed Fit Linen Resort Shirt,shirts,Linen Resort Shirt,Men,Purple,XL,Relaxed Fit,Rayon,Jack & Jones,3349,3.9,All-Season,Stay fashion-forward with this versatile Purple linen resort shirt from Jack & Jones. Includes a refined Relaxed Fit profile and high quality Rayon fabric.
PRD1053,H&M Men's Green Regular Fit Linen Resort Shirt,shirts,Linen Resort Shirt,Men,Green,S,Regular Fit,Rayon,H&M,1349,3.7,All-Season,Stay fashion-forward with this versatile Green linen resort shirt from H&M. Includes a refined Regular Fit profile and high quality Rayon fabric.
PRD1054,Roadster Men's Grey Regular Fit Formal Dress Shirt,shirts,Formal Dress Shirt,Men,Grey,XL,Regular Fit,Rayon,Roadster,2499,3.6,All-Season,Stay fashion-forward with this versatile Grey formal dress shirt from Roadster. Includes a refined Regular Fit profile and high quality Rayon fabric.
PRD1055,Biba Unisex's Black Relaxed Fit Oxford Cotton Shirt,shirts,Oxford Cotton Shirt,Unisex,Black,S,Relaxed Fit,Polyester,Biba,2199,3.9,Spring,Stay fashion-forward with this versatile Black oxford cotton shirt from Biba. Includes a refined Relaxed Fit profile and high quality Polyester fabric.
PRD1056,HRX Unisex's Maroon Relaxed Fit Oxford Cotton Shirt,shirts,Oxford Cotton Shirt,Unisex,Maroon,M,Relaxed Fit,Linen,HRX,1899,4.2,Spring,"Crafted from premium Linen, this HRX Maroon oxford cotton shirt offers exceptional comfort and durability for Spring wardrobe styling. Features a sleek Relaxed Fit design."
PRD1057,Biba Unisex's Olive Regular Fit Linen Resort Shirt,shirts,Linen Resort Shirt,Unisex,Olive,M,Regular Fit,Linen,Biba,3299,4.3,Spring,Stay fashion-forward with this versatile Olive linen resort shirt from Biba. Includes a refined Regular Fit profile and high quality Linen fabric.
PRD1058,Under Armour Unisex's Black Slim Fit Oxford Cotton Shirt,shirts,Oxford Cotton Shirt,Unisex,Black,XL,Slim Fit,Polyester,Under Armour,1499,3.6,Summer,Stay fashion-forward with this versatile Black oxford cotton shirt from Under Armour. Includes a refined Slim Fit profile and high quality Polyester fabric.
PRD1059,Tommy Hilfiger Women's Navy Regular Fit Formal Dress Shirt,shirts,Formal Dress Shirt,Women,Navy,XL,Regular Fit,Polyester,Tommy Hilfiger,1799,4.8,Spring,Stay fashion-forward with this versatile Navy formal dress shirt from Tommy Hilfiger. Includes a refined Regular Fit profile and high quality Polyester fabric.
PRD1060,Levi's Men's Navy Slim Fit Oxford Cotton Shirt,shirts,Oxford Cotton Shirt,Men,Navy,S,Slim Fit,Cotton,Levi's,899,4.9,All-Season,"Elevate your look with this stylish Navy oxford cotton shirt by Levi's. Designed in a comfortable Slim Fit using high-grade Cotton, perfect for casual or semi-formal outings."
PRD1061,Levi's Men's Red Slim Fit Oxford Cotton Shirt,shirts,Oxford Cotton Shirt,Men,Red,S,Slim Fit,Polyester,Levi's,3099,4.9,All-Season,Stay fashion-forward with this versatile Red oxford cotton shirt from Levi's. Includes a refined Slim Fit profile and high quality Polyester fabric.
PRD1062,Adidas Men's Pink Relaxed Fit Linen Resort Shirt,shirts,Linen Resort Shirt,Men,Pink,L,Relaxed Fit,Cotton,Adidas,1199,4.4,Summer,"Essential Adidas Men's linen resort shirt tailored with a modern Relaxed Fit. Made of soft, breathable Cotton in rich Pink. Ideal choice for Summer."
PRD1063,Under Armour Women's Maroon Slim Fit Checked Flannel Shirt,shirts,Checked Flannel Shirt,Women,Maroon,M,Slim Fit,Cotton,Under Armour,1199,4.5,All-Season,"Essential Under Armour Women's checked flannel shirt tailored with a modern Slim Fit. Made of soft, breathable Cotton in rich Maroon. Ideal choice for All-Season."
PRD1064,Nike Men's Navy Relaxed Fit Oxford Cotton Shirt,shirts,Oxford Cotton Shirt,Men,Navy,L,Relaxed Fit,Polyester,Nike,1049,4.3,All-Season,"Essential Nike Men's oxford cotton shirt tailored with a modern Relaxed Fit. Made of soft, breathable Polyester in rich Navy. Ideal choice for All-Season."
PRD1065,Levi's Women's Blue Regular Fit Checked Flannel Shirt,shirts,Checked Flannel Shirt,Women,Blue,XL,Regular Fit,Rayon,Levi's,1399,4.2,All-Season,"Top-rated Levi's checked flannel shirt featuring premium Blue Rayon. Tailored to a comfortable Regular Fit, ideal for everyday wear during All-Season."
PRD1066,Adidas Unisex's Brown Regular Fit Oxford Cotton Shirt,shirts,Oxford Cotton Shirt,Unisex,Brown,XXL,Regular Fit,Polyester,Adidas,1849,4.0,Spring,"Elevate your look with this stylish Brown oxford cotton shirt by Adidas. Designed in a comfortable Regular Fit using high-grade Polyester, perfect for casual or semi-formal outings."
PRD1067,H&M Women's Red Regular Fit Linen Resort Shirt,shirts,Linen Resort Shirt,Women,Red,S,Regular Fit,Polyester,H&M,2799,4.8,Spring,"Elevate your look with this stylish Red linen resort shirt by H&M. Designed in a comfortable Regular Fit using high-grade Polyester, perfect for casual or semi-formal outings."
PRD1068,Mango Women's Brown Regular Fit Formal Dress Shirt,shirts,Formal Dress Shirt,Women,Brown,XXL,Regular Fit,Rayon,Mango,1899,4.3,Spring,"Top-rated Mango formal dress shirt featuring premium Brown Rayon. Tailored to a comfortable Regular Fit, ideal for everyday wear during Spring."
PRD1069,Allen Solly Men's Maroon Regular Fit Casual Button-Down,shirts,Casual Button-Down,Men,Maroon,M,Regular Fit,Polyester,Allen Solly,2699,4.5,All-Season,Stay fashion-forward with this versatile Maroon casual button-down from Allen Solly. Includes a refined Regular Fit profile and high quality Polyester fabric.
PRD1070,Jack & Jones Men's Green Slim Fit Casual Button-Down,shirts,Casual Button-Down,Men,Green,M,Slim Fit,Polyester,Jack & Jones,2049,4.5,All-Season,"Essential Jack & Jones Men's casual button-down tailored with a modern Slim Fit. Made of soft, breathable Polyester in rich Green. Ideal choice for All-Season."
PRD1071,Mango Unisex's Navy Regular Fit Oxford Cotton Shirt,shirts,Oxford Cotton Shirt,Unisex,Navy,XL,Regular Fit,Rayon,Mango,1899,4.0,Spring,"Elevate your look with this stylish Navy oxford cotton shirt by Mango. Designed in a comfortable Regular Fit using high-grade Rayon, perfect for casual or semi-formal outings."
PRD1072,Nike Women's Blue Relaxed Fit Formal Dress Shirt,shirts,Formal Dress Shirt,Women,Blue,M,Relaxed Fit,Linen,Nike,2749,3.9,Summer,"Top-rated Nike formal dress shirt featuring premium Blue Linen. Tailored to a comfortable Relaxed Fit, ideal for everyday wear during Summer."
PRD1073,Manyavar Women's Blue Slim Fit Oxford Cotton Shirt,shirts,Oxford Cotton Shirt,Women,Blue,L,Slim Fit,Rayon,Manyavar,1499,4.0,Summer,"Top-rated Manyavar oxford cotton shirt featuring premium Blue Rayon. Tailored to a comfortable Slim Fit, ideal for everyday wear during Summer."
PRD1074,Roadster Men's Black Relaxed Fit Linen Resort Shirt,shirts,Linen Resort Shirt,Men,Black,M,Relaxed Fit,Rayon,Roadster,3399,4.8,All-Season,Stay fashion-forward with this versatile Black linen resort shirt from Roadster. Includes a refined Relaxed Fit profile and high quality Rayon fabric.
PRD1075,Nike Unisex's Green Regular Fit Casual Button-Down,shirts,Casual Button-Down,Unisex,Green,L,Regular Fit,Polyester,Nike,1549,4.9,Spring,"Essential Nike Unisex's casual button-down tailored with a modern Regular Fit. Made of soft, breathable Polyester in rich Green. Ideal choice for Spring."
PRD1076,Mango Men's Grey Regular Fit Casual Button-Down,shirts,Casual Button-Down,Men,Grey,S,Regular Fit,Cotton,Mango,1399,3.7,All-Season,"Top-rated Mango casual button-down featuring premium Grey Cotton. Tailored to a comfortable Regular Fit, ideal for everyday wear during All-Season."
PRD1077,US Polo Assn Men's Blue Relaxed Fit Casual Button-Down,shirts,Casual Button-Down,Men,Blue,XXL,Relaxed Fit,Polyester,US Polo Assn,3299,3.8,All-Season,"Top-rated US Polo Assn casual button-down featuring premium Blue Polyester. Tailored to a comfortable Relaxed Fit, ideal for everyday wear during All-Season."
PRD1078,Biba Women's Green Relaxed Fit Checked Flannel Shirt,shirts,Checked Flannel Shirt,Women,Green,XXL,Relaxed Fit,Polyester,Biba,3299,3.6,Spring,"Crafted from premium Polyester, this Biba Green checked flannel shirt offers exceptional comfort and durability for Spring wardrobe styling. Features a sleek Relaxed Fit design."
PRD1079,Allen Solly Women's Olive Slim Fit Formal Dress Shirt,shirts,Formal Dress Shirt,Women,Olive,M,Slim Fit,Linen,Allen Solly,3049,3.6,Summer,"Crafted from premium Linen, this Allen Solly Olive formal dress shirt offers exceptional comfort and durability for Summer wardrobe styling. Features a sleek Slim Fit design."
PRD1080,HRX Unisex's Pink Regular Fit Checked Flannel Shirt,shirts,Checked Flannel Shirt,Unisex,Pink,M,Regular Fit,Rayon,HRX,1949,4.6,Summer,Stay fashion-forward with this versatile Pink checked flannel shirt from HRX. Includes a refined Regular Fit profile and high quality Rayon fabric.
PRD1081,H&M Women's Brown Relaxed Fit Formal Dress Shirt,shirts,Formal Dress Shirt,Women,Brown,S,Relaxed Fit,Linen,H&M,2999,3.8,Spring,"Elevate your look with this stylish Brown formal dress shirt by H&M. Designed in a comfortable Relaxed Fit using high-grade Linen, perfect for casual or semi-formal outings."
PRD1082,Adidas Men's Black Slim Fit Formal Dress Shirt,shirts,Formal Dress Shirt,Men,Black,XXL,Slim Fit,Rayon,Adidas,1949,4.2,All-Season,Stay fashion-forward with this versatile Black formal dress shirt from Adidas. Includes a refined Slim Fit profile and high quality Rayon fabric.
PRD1083,US Polo Assn Women's Yellow Relaxed Fit Checked Flannel Shirt,shirts,Checked Flannel Shirt,Women,Yellow,S,Relaxed Fit,Polyester,US Polo Assn,3199,3.6,Spring,Stay fashion-forward with this versatile Yellow checked flannel shirt from US Polo Assn. Includes a refined Relaxed Fit profile and high quality Polyester fabric.
PRD1084,Tommy Hilfiger Women's Black Slim Fit Oxford Cotton Shirt,shirts,Oxford Cotton Shirt,Women,Black,XXL,Slim Fit,Linen,Tommy Hilfiger,3199,4.9,All-Season,"Essential Tommy Hilfiger Women's oxford cotton shirt tailored with a modern Slim Fit. Made of soft, breathable Linen in rich Black. Ideal choice for All-Season."
PRD1085,Under Armour Men's Beige Relaxed Fit Casual Button-Down,shirts,Casual Button-Down,Men,Beige,M,Relaxed Fit,Polyester,Under Armour,3149,4.2,Spring,Stay fashion-forward with this versatile Beige casual button-down from Under Armour. Includes a refined Relaxed Fit profile and high quality Polyester fabric.
PRD1086,H&M Women's Grey Regular Fit Checked Flannel Shirt,shirts,Checked Flannel Shirt,Women,Grey,S,Regular Fit,Rayon,H&M,1449,4.0,All-Season,Stay fashion-forward with this versatile Grey checked flannel shirt from H&M. Includes a refined Regular Fit profile and high quality Rayon fabric.
PRD1087,US Polo Assn Unisex's Black Regular Fit Checked Flannel Shirt,shirts,Checked Flannel Shirt,Unisex,Black,L,Regular Fit,Cotton,US Polo Assn,2099,3.7,Spring,Stay fashion-forward with this versatile Black checked flannel shirt from US Polo Assn. Includes a refined Regular Fit profile and high quality Cotton fabric.
PRD1088,Manyavar Unisex's Purple Relaxed Fit Casual Button-Down,shirts,Casual Button-Down,Unisex,Purple,S,Relaxed Fit,Polyester,Manyavar,1549,4.3,Spring,"Top-rated Manyavar casual button-down featuring premium Purple Polyester. Tailored to a comfortable Relaxed Fit, ideal for everyday wear during Spring."
PRD1089,Mango Men's Red Regular Fit Checked Flannel Shirt,shirts,Checked Flannel Shirt,Men,Red,XL,Regular Fit,Linen,Mango,2749,3.7,Spring,"Top-rated Mango checked flannel shirt featuring premium Red Linen. Tailored to a comfortable Regular Fit, ideal for everyday wear during Spring."
PRD1090,Puma Women's Yellow Slim Fit Formal Dress Shirt,shirts,Formal Dress Shirt,Women,Yellow,M,Slim Fit,Polyester,Puma,1249,4.2,Summer,"Crafted from premium Polyester, this Puma Yellow formal dress shirt offers exceptional comfort and durability for Summer wardrobe styling. Features a sleek Slim Fit design."
PRD1091,Roadster Unisex's Green Relaxed Fit Checked Flannel Shirt,shirts,Checked Flannel Shirt,Unisex,Green,XL,Relaxed Fit,Rayon,Roadster,2699,3.9,Spring,"Top-rated Roadster checked flannel shirt featuring premium Green Rayon. Tailored to a comfortable Relaxed Fit, ideal for everyday wear during Spring."
PRD1092,Roadster Men's Pink Relaxed Fit Checked Flannel Shirt,shirts,Checked Flannel Shirt,Men,Pink,L,Relaxed Fit,Linen,Roadster,2449,4.0,Summer,"Top-rated Roadster checked flannel shirt featuring premium Pink Linen. Tailored to a comfortable Relaxed Fit, ideal for everyday wear during Summer."
PRD1093,Adidas Women's Maroon Regular Fit Casual Button-Down,shirts,Casual Button-Down,Women,Maroon,XL,Regular Fit,Polyester,Adidas,2999,4.2,Summer,"Essential Adidas Women's casual button-down tailored with a modern Regular Fit. Made of soft, breathable Polyester in rich Maroon. Ideal choice for Summer."
PRD1094,Aurelia Women's Beige Regular Fit Oxford Cotton Shirt,shirts,Oxford Cotton Shirt,Women,Beige,M,Regular Fit,Linen,Aurelia,3099,4.1,All-Season,Stay fashion-forward with this versatile Beige oxford cotton shirt from Aurelia. Includes a refined Regular Fit profile and high quality Linen fabric.
PRD1095,Zara Unisex's Beige Relaxed Fit Linen Resort Shirt,shirts,Linen Resort Shirt,Unisex,Beige,M,Relaxed Fit,Polyester,Zara,2799,4.9,Spring,"Elevate your look with this stylish Beige linen resort shirt by Zara. Designed in a comfortable Relaxed Fit using high-grade Polyester, perfect for casual or semi-formal outings."
PRD1096,Manyavar Women's Purple Slim Fit Oxford Cotton Shirt,shirts,Oxford Cotton Shirt,Women,Purple,XXL,Slim Fit,Polyester,Manyavar,2649,3.5,Summer,"Elevate your look with this stylish Purple oxford cotton shirt by Manyavar. Designed in a comfortable Slim Fit using high-grade Polyester, perfect for casual or semi-formal outings."
PRD1097,HRX Men's Beige Regular Fit Formal Dress Shirt,shirts,Formal Dress Shirt,Men,Beige,XL,Regular Fit,Rayon,HRX,3449,3.6,All-Season,"Essential HRX Men's formal dress shirt tailored with a modern Regular Fit. Made of soft, breathable Rayon in rich Beige. Ideal choice for All-Season."
PRD1098,Aurelia Women's Olive Relaxed Fit Checked Flannel Shirt,shirts,Checked Flannel Shirt,Women,Olive,S,Relaxed Fit,Polyester,Aurelia,3299,3.6,All-Season,"Essential Aurelia Women's checked flannel shirt tailored with a modern Relaxed Fit. Made of soft, breathable Polyester in rich Olive. Ideal choice for All-Season."
PRD1099,Puma Women's Blue Relaxed Fit Casual Button-Down,shirts,Casual Button-Down,Women,Blue,M,Relaxed Fit,Cotton,Puma,1999,4.9,Spring,"Crafted from premium Cotton, this Puma Blue casual button-down offers exceptional comfort and durability for Spring wardrobe styling. Features a sleek Relaxed Fit design."
PRD1100,Tommy Hilfiger Women's Navy Regular Fit Casual Button-Down,shirts,Casual Button-Down,Women,Navy,M,Regular Fit,Polyester,Tommy Hilfiger,2949,4.1,Summer,"Elevate your look with this stylish Navy casual button-down by Tommy Hilfiger. Designed in a comfortable Regular Fit using high-grade Polyester, perfect for casual or semi-formal outings."
PRD1101,FabIndia Men's Pink Regular Fit Formal Dress Shirt,shirts,Formal Dress Shirt,Men,Pink,XXL,Regular Fit,Linen,FabIndia,1349,3.8,Spring,"Essential FabIndia Men's formal dress shirt tailored with a modern Regular Fit. Made of soft, breathable Linen in rich Pink. Ideal choice for Spring."
PRD1102,Jack & Jones Unisex's Black Regular Fit Linen Resort Shirt,shirts,Linen Resort Shirt,Unisex,Black,XXL,Regular Fit,Rayon,Jack & Jones,1399,3.6,All-Season,"Essential Jack & Jones Unisex's linen resort shirt tailored with a modern Regular Fit. Made of soft, breathable Rayon in rich Black. Ideal choice for All-Season."
PRD1103,Under Armour Unisex's Grey Relaxed Fit Linen Resort Shirt,shirts,Linen Resort Shirt,Unisex,Grey,L,Relaxed Fit,Rayon,Under Armour,1599,5.0,Spring,Stay fashion-forward with this versatile Grey linen resort shirt from Under Armour. Includes a refined Relaxed Fit profile and high quality Rayon fabric.
PRD1104,Nike Women's Pink Regular Fit Formal Dress Shirt,shirts,Formal Dress Shirt,Women,Pink,L,Regular Fit,Rayon,Nike,849,5.0,All-Season,Stay fashion-forward with this versatile Pink formal dress shirt from Nike. Includes a refined Regular Fit profile and high quality Rayon fabric.
PRD1105,Adidas Unisex's Purple Relaxed Fit Casual Button-Down,shirts,Casual Button-Down,Unisex,Purple,XL,Relaxed Fit,Cotton,Adidas,1949,4.7,All-Season,"Elevate your look with this stylish Purple casual button-down by Adidas. Designed in a comfortable Relaxed Fit using high-grade Cotton, perfect for casual or semi-formal outings."
PRD1106,W Unisex's Red Relaxed Fit Formal Dress Shirt,shirts,Formal Dress Shirt,Unisex,Red,M,Relaxed Fit,Rayon,W,3349,3.6,All-Season,"Crafted from premium Rayon, this W Red formal dress shirt offers exceptional comfort and durability for All-Season wardrobe styling. Features a sleek Relaxed Fit design."
PRD1107,US Polo Assn Men's Pink Regular Fit Checked Flannel Shirt,shirts,Checked Flannel Shirt,Men,Pink,L,Regular Fit,Linen,US Polo Assn,2099,4.6,Summer,"Elevate your look with this stylish Pink checked flannel shirt by US Polo Assn. Designed in a comfortable Regular Fit using high-grade Linen, perfect for casual or semi-formal outings."
PRD1108,Allen Solly Unisex's Navy Relaxed Fit Formal Dress Shirt,shirts,Formal Dress Shirt,Unisex,Navy,L,Relaxed Fit,Rayon,Allen Solly,2749,5.0,Summer,"Essential Allen Solly Unisex's formal dress shirt tailored with a modern Relaxed Fit. Made of soft, breathable Rayon in rich Navy. Ideal choice for Summer."
PRD1109,Tommy Hilfiger Women's Blue Slim Fit Casual Button-Down,shirts,Casual Button-Down,Women,Blue,XL,Slim Fit,Linen,Tommy Hilfiger,3049,4.0,All-Season,Stay fashion-forward with this versatile Blue casual button-down from Tommy Hilfiger. Includes a refined Slim Fit profile and high quality Linen fabric.
PRD1110,Levi's Unisex's Blue Regular Fit Linen Resort Shirt,shirts,Linen Resort Shirt,Unisex,Blue,L,Regular Fit,Rayon,Levi's,3149,4.1,All-Season,"Essential Levi's Unisex's linen resort shirt tailored with a modern Regular Fit. Made of soft, breathable Rayon in rich Blue. Ideal choice for All-Season."
PRD1111,Nike Women's Black Relaxed Fit Formal Dress Shirt,shirts,Formal Dress Shirt,Women,Black,M,Relaxed Fit,Rayon,Nike,3449,3.6,All-Season,Stay fashion-forward with this versatile Black formal dress shirt from Nike. Includes a refined Relaxed Fit profile and high quality Rayon fabric.
PRD1112,US Polo Assn Men's White Slim Fit Checked Flannel Shirt,shirts,Checked Flannel Shirt,Men,White,XL,Slim Fit,Cotton,US Polo Assn,1249,3.6,Spring,"Top-rated US Polo Assn checked flannel shirt featuring premium White Cotton. Tailored to a comfortable Slim Fit, ideal for everyday wear during Spring."
PRD1113,Roadster Women's Navy Relaxed Fit Checked Flannel Shirt,shirts,Checked Flannel Shirt,Women,Navy,M,Relaxed Fit,Polyester,Roadster,2449,4.5,All-Season,Stay fashion-forward with this versatile Navy checked flannel shirt from Roadster. Includes a refined Relaxed Fit profile and high quality Polyester fabric.
PRD1114,HRX Men's Maroon Regular Fit Linen Resort Shirt,shirts,Linen Resort Shirt,Men,Maroon,XL,Regular Fit,Linen,HRX,1749,4.8,Spring,"Crafted from premium Linen, this HRX Maroon linen resort shirt offers exceptional comfort and durability for Spring wardrobe styling. Features a sleek Regular Fit design."
PRD1115,W Unisex's Navy Slim Fit Oxford Cotton Shirt,shirts,Oxford Cotton Shirt,Unisex,Navy,M,Slim Fit,Polyester,W,1249,4.9,Spring,Stay fashion-forward with this versatile Navy oxford cotton shirt from W. Includes a refined Slim Fit profile and high quality Polyester fabric.
PRD1116,H&M Unisex's Olive Relaxed Fit Formal Dress Shirt,shirts,Formal Dress Shirt,Unisex,Olive,L,Relaxed Fit,Cotton,H&M,1749,5.0,Summer,"Top-rated H&M formal dress shirt featuring premium Olive Cotton. Tailored to a comfortable Relaxed Fit, ideal for everyday wear during Summer."
PRD1117,Allen Solly Unisex's Red Relaxed Fit Casual Button-Down,shirts,Casual Button-Down,Unisex,Red,L,Relaxed Fit,Linen,Allen Solly,1399,4.7,Summer,"Top-rated Allen Solly casual button-down featuring premium Red Linen. Tailored to a comfortable Relaxed Fit, ideal for everyday wear during Summer."
PRD1118,Levi's Men's White Relaxed Fit Linen Resort Shirt,shirts,Linen Resort Shirt,Men,White,S,Relaxed Fit,Rayon,Levi's,3499,4.8,Summer,"Elevate your look with this stylish White linen resort shirt by Levi's. Designed in a comfortable Relaxed Fit using high-grade Rayon, perfect for casual or semi-formal outings."
PRD1119,Levi's Men's Pink Regular Fit Linen Resort Shirt,shirts,Linen Resort Shirt,Men,Pink,L,Regular Fit,Cotton,Levi's,999,3.7,Summer,Stay fashion-forward with this versatile Pink linen resort shirt from Levi's. Includes a refined Regular Fit profile and high quality Cotton fabric.
PRD1120,Manyavar Unisex's Blue Regular Fit Casual Button-Down,shirts,Casual Button-Down,Unisex,Blue,XXL,Regular Fit,Polyester,Manyavar,3199,3.7,Spring,"Top-rated Manyavar casual button-down featuring premium Blue Polyester. Tailored to a comfortable Regular Fit, ideal for everyday wear during Spring."
PRD1121,Puma Men's Maroon Relaxed Fit Oxford Cotton Shirt,shirts,Oxford Cotton Shirt,Men,Maroon,S,Relaxed Fit,Rayon,Puma,999,5.0,Spring,Stay fashion-forward with this versatile Maroon oxford cotton shirt from Puma. Includes a refined Relaxed Fit profile and high quality Rayon fabric.
PRD1122,HRX Women's Maroon Regular Fit Casual Button-Down,shirts,Casual Button-Down,Women,Maroon,L,Regular Fit,Cotton,HRX,3249,3.7,Summer,"Elevate your look with this stylish Maroon casual button-down by HRX. Designed in a comfortable Regular Fit using high-grade Cotton, perfect for casual or semi-formal outings."
PRD1123,Adidas Unisex's Pink Relaxed Fit Oxford Cotton Shirt,shirts,Oxford Cotton Shirt,Unisex,Pink,XXL,Relaxed Fit,Rayon,Adidas,2949,3.9,Spring,"Top-rated Adidas oxford cotton shirt featuring premium Pink Rayon. Tailored to a comfortable Relaxed Fit, ideal for everyday wear during Spring."
PRD1124,HRX Unisex's Blue Relaxed Fit Casual Button-Down,shirts,Casual Button-Down,Unisex,Blue,XL,Relaxed Fit,Linen,HRX,1699,4.1,Spring,Stay fashion-forward with this versatile Blue casual button-down from HRX. Includes a refined Relaxed Fit profile and high quality Linen fabric.
PRD1125,Biba Unisex's Blue Regular Fit Checked Flannel Shirt,shirts,Checked Flannel Shirt,Unisex,Blue,L,Regular Fit,Polyester,Biba,2299,4.9,Spring,Stay fashion-forward with this versatile Blue checked flannel shirt from Biba. Includes a refined Regular Fit profile and high quality Polyester fabric.
PRD1126,H&M Men's Blue Regular Fit Casual Button-Down,shirts,Casual Button-Down,Men,Blue,L,Regular Fit,Cotton,H&M,1299,4.3,All-Season,"Top-rated H&M casual button-down featuring premium Blue Cotton. Tailored to a comfortable Regular Fit, ideal for everyday wear during All-Season."
PRD1127,Aurelia Women's Olive Slim Fit Oxford Cotton Shirt,shirts,Oxford Cotton Shirt,Women,Olive,XL,Slim Fit,Polyester,Aurelia,999,5.0,Spring,"Top-rated Aurelia oxford cotton shirt featuring premium Olive Polyester. Tailored to a comfortable Slim Fit, ideal for everyday wear during Spring."
PRD1128,US Polo Assn Men's Pink Relaxed Fit Linen Resort Shirt,shirts,Linen Resort Shirt,Men,Pink,XL,Relaxed Fit,Linen,US Polo Assn,1699,4.8,Summer,"Essential US Polo Assn Men's linen resort shirt tailored with a modern Relaxed Fit. Made of soft, breathable Linen in rich Pink. Ideal choice for Summer."
PRD1129,Aurelia Men's Brown Regular Fit Linen Resort Shirt,shirts,Linen Resort Shirt,Men,Brown,XXL,Regular Fit,Linen,Aurelia,3299,4.4,Spring,"Top-rated Aurelia linen resort shirt featuring premium Brown Linen. Tailored to a comfortable Regular Fit, ideal for everyday wear during Spring."
PRD1130,Levi's Unisex's Purple Relaxed Fit Oxford Cotton Shirt,shirts,Oxford Cotton Shirt,Unisex,Purple,M,Relaxed Fit,Rayon,Levi's,1899,4.6,Summer,"Essential Levi's Unisex's oxford cotton shirt tailored with a modern Relaxed Fit. Made of soft, breathable Rayon in rich Purple. Ideal choice for Summer."
PRD1131,Tommy Hilfiger Men's White Slim Fit Linen Resort Shirt,shirts,Linen Resort Shirt,Men,White,M,Slim Fit,Polyester,Tommy Hilfiger,3349,5.0,Summer,"Crafted from premium Polyester, this Tommy Hilfiger White linen resort shirt offers exceptional comfort and durability for Summer wardrobe styling. Features a sleek Slim Fit design."
PRD1132,Manyavar Women's Grey Regular Fit Formal Dress Shirt,shirts,Formal Dress Shirt,Women,Grey,L,Regular Fit,Rayon,Manyavar,2049,4.6,Summer,"Top-rated Manyavar formal dress shirt featuring premium Grey Rayon. Tailored to a comfortable Regular Fit, ideal for everyday wear during Summer."
PRD1133,H&M Men's White Relaxed Fit Casual Button-Down,shirts,Casual Button-Down,Men,White,S,Relaxed Fit,Cotton,H&M,1899,4.2,All-Season,Stay fashion-forward with this versatile White casual button-down from H&M. Includes a refined Relaxed Fit profile and high quality Cotton fabric.
PRD1134,Mango Women's Grey Regular Fit Oxford Cotton Shirt,shirts,Oxford Cotton Shirt,Women,Grey,S,Regular Fit,Linen,Mango,2199,4.1,All-Season,"Essential Mango Women's oxford cotton shirt tailored with a modern Regular Fit. Made of soft, breathable Linen in rich Grey. Ideal choice for All-Season."
PRD1135,Under Armour Unisex's Olive Regular Fit Checked Flannel Shirt,shirts,Checked Flannel Shirt,Unisex,Olive,XL,Regular Fit,Cotton,Under Armour,3249,3.6,Summer,"Elevate your look with this stylish Olive checked flannel shirt by Under Armour. Designed in a comfortable Regular Fit using high-grade Cotton, perfect for casual or semi-formal outings."
PRD1136,US Polo Assn Men's Brown Regular Fit Formal Dress Shirt,shirts,Formal Dress Shirt,Men,Brown,S,Regular Fit,Rayon,US Polo Assn,799,4.2,Spring,Stay fashion-forward with this versatile Brown formal dress shirt from US Polo Assn. Includes a refined Regular Fit profile and high quality Rayon fabric.
PRD1137,FabIndia Women's Yellow Relaxed Fit Formal Dress Shirt,shirts,Formal Dress Shirt,Women,Yellow,XXL,Relaxed Fit,Linen,FabIndia,3499,4.7,All-Season,"Crafted from premium Linen, this FabIndia Yellow formal dress shirt offers exceptional comfort and durability for All-Season wardrobe styling. Features a sleek Relaxed Fit design."
PRD1138,Biba Women's Black Regular Fit Casual Button-Down,shirts,Casual Button-Down,Women,Black,XXL,Regular Fit,Cotton,Biba,2549,4.4,Spring,Stay fashion-forward with this versatile Black casual button-down from Biba. Includes a refined Regular Fit profile and high quality Cotton fabric.
PRD1139,US Polo Assn Women's Black Regular Fit Casual Button-Down,shirts,Casual Button-Down,Women,Black,XL,Regular Fit,Linen,US Polo Assn,2249,3.6,All-Season,"Crafted from premium Linen, this US Polo Assn Black casual button-down offers exceptional comfort and durability for All-Season wardrobe styling. Features a sleek Regular Fit design."
PRD1140,Puma Unisex's Grey Relaxed Fit Checked Flannel Shirt,shirts,Checked Flannel Shirt,Unisex,Grey,L,Relaxed Fit,Cotton,Puma,2149,3.8,Spring,"Elevate your look with this stylish Grey checked flannel shirt by Puma. Designed in a comfortable Relaxed Fit using high-grade Cotton, perfect for casual or semi-formal outings."
PRD1141,H&M Unisex's Blue Relaxed Fit Oxford Cotton Shirt,shirts,Oxford Cotton Shirt,Unisex,Blue,L,Relaxed Fit,Linen,H&M,3399,4.7,Spring,"Elevate your look with this stylish Blue oxford cotton shirt by H&M. Designed in a comfortable Relaxed Fit using high-grade Linen, perfect for casual or semi-formal outings."
PRD1142,Nike Women's Red Slim Fit Formal Dress Shirt,shirts,Formal Dress Shirt,Women,Red,S,Slim Fit,Linen,Nike,1499,4.9,All-Season,Stay fashion-forward with this versatile Red formal dress shirt from Nike. Includes a refined Slim Fit profile and high quality Linen fabric.
PRD1143,Jack & Jones Unisex's Beige Relaxed Fit Oxford Cotton Shirt,shirts,Oxford Cotton Shirt,Unisex,Beige,L,Relaxed Fit,Rayon,Jack & Jones,1399,4.2,All-Season,Stay fashion-forward with this versatile Beige oxford cotton shirt from Jack & Jones. Includes a refined Relaxed Fit profile and high quality Rayon fabric.
PRD1144,Jack & Jones Women's Pink Slim Fit Linen Resort Shirt,shirts,Linen Resort Shirt,Women,Pink,S,Slim Fit,Rayon,Jack & Jones,2049,4.2,All-Season,"Crafted from premium Rayon, this Jack & Jones Pink linen resort shirt offers exceptional comfort and durability for All-Season wardrobe styling. Features a sleek Slim Fit design."
PRD1145,Zara Women's Blue Relaxed Fit Linen Resort Shirt,shirts,Linen Resort Shirt,Women,Blue,XXL,Relaxed Fit,Cotton,Zara,2849,4.1,All-Season,"Top-rated Zara linen resort shirt featuring premium Blue Cotton. Tailored to a comfortable Relaxed Fit, ideal for everyday wear during All-Season."
PRD1146,Aurelia Women's Brown Relaxed Fit Casual Button-Down,shirts,Casual Button-Down,Women,Brown,XXL,Relaxed Fit,Linen,Aurelia,2699,4.3,Spring,"Crafted from premium Linen, this Aurelia Brown casual button-down offers exceptional comfort and durability for Spring wardrobe styling. Features a sleek Relaxed Fit design."
PRD1147,Jack & Jones Women's Maroon Slim Fit Casual Button-Down,shirts,Casual Button-Down,Women,Maroon,M,Slim Fit,Linen,Jack & Jones,2549,5.0,Summer,"Top-rated Jack & Jones casual button-down featuring premium Maroon Linen. Tailored to a comfortable Slim Fit, ideal for everyday wear during Summer."
PRD1148,Manyavar Men's Navy Regular Fit Oxford Cotton Shirt,shirts,Oxford Cotton Shirt,Men,Navy,XL,Regular Fit,Rayon,Manyavar,2149,4.5,Spring,"Crafted from premium Rayon, this Manyavar Navy oxford cotton shirt offers exceptional comfort and durability for Spring wardrobe styling. Features a sleek Regular Fit design."
PRD1149,Tommy Hilfiger Women's Blue Relaxed Fit Casual Button-Down,shirts,Casual Button-Down,Women,Blue,L,Relaxed Fit,Polyester,Tommy Hilfiger,3449,4.9,Spring,"Top-rated Tommy Hilfiger casual button-down featuring premium Blue Polyester. Tailored to a comfortable Relaxed Fit, ideal for everyday wear during Spring."
PRD1150,Roadster Men's Pink Relaxed Fit Linen Resort Shirt,shirts,Linen Resort Shirt,Men,Pink,L,Relaxed Fit,Linen,Roadster,3449,4.5,Spring,Stay fashion-forward with this versatile Pink linen resort shirt from Roadster. Includes a refined Relaxed Fit profile and high quality Linen fabric.
PRD1151,Roadster Unisex's Blue Regular Fit Oxford Cotton Shirt,shirts,Oxford Cotton Shirt,Unisex,Blue,L,Regular Fit,Polyester,Roadster,1299,4.5,All-Season,"Top-rated Roadster oxford cotton shirt featuring premium Blue Polyester. Tailored to a comfortable Regular Fit, ideal for everyday wear during All-Season."
PRD1152,H&M Unisex's Navy Slim Fit Checked Flannel Shirt,shirts,Checked Flannel Shirt,Unisex,Navy,M,Slim Fit,Rayon,H&M,1649,4.0,Spring,Stay fashion-forward with this versatile Navy checked flannel shirt from H&M. Includes a refined Slim Fit profile and high quality Rayon fabric.
PRD1153,Allen Solly Men's White Slim Fit Formal Dress Shirt,shirts,Formal Dress Shirt,Men,White,XXL,Slim Fit,Rayon,Allen Solly,2999,4.8,Summer,"Top-rated Allen Solly formal dress shirt featuring premium White Rayon. Tailored to a comfortable Slim Fit, ideal for everyday wear during Summer."
PRD1154,Zara Unisex's White Relaxed Fit Linen Resort Shirt,shirts,Linen Resort Shirt,Unisex,White,M,Relaxed Fit,Polyester,Zara,1499,4.7,Summer,"Top-rated Zara linen resort shirt featuring premium White Polyester. Tailored to a comfortable Relaxed Fit, ideal for everyday wear during Summer."
PRD1155,FabIndia Men's Grey Regular Fit Checked Flannel Shirt,shirts,Checked Flannel Shirt,Men,Grey,XXL,Regular Fit,Linen,FabIndia,1949,4.6,Spring,Stay fashion-forward with this versatile Grey checked flannel shirt from FabIndia. Includes a refined Regular Fit profile and high quality Linen fabric.
PRD1156,Puma Men's Green Regular Fit Oxford Cotton Shirt,shirts,Oxford Cotton Shirt,Men,Green,XXL,Regular Fit,Linen,Puma,2599,4.2,Spring,"Essential Puma Men's oxford cotton shirt tailored with a modern Regular Fit. Made of soft, breathable Linen in rich Green. Ideal choice for Spring."
PRD1157,Biba Unisex's Grey Slim Fit Oxford Cotton Shirt,shirts,Oxford Cotton Shirt,Unisex,Grey,M,Slim Fit,Linen,Biba,1799,3.6,All-Season,Stay fashion-forward with this versatile Grey oxford cotton shirt from Biba. Includes a refined Slim Fit profile and high quality Linen fabric.
PRD1158,W Men's Maroon Relaxed Fit Oxford Cotton Shirt,shirts,Oxford Cotton Shirt,Men,Maroon,S,Relaxed Fit,Cotton,W,1449,3.9,Spring,"Top-rated W oxford cotton shirt featuring premium Maroon Cotton. Tailored to a comfortable Relaxed Fit, ideal for everyday wear during Spring."
PRD1159,Roadster Men's Red Regular Fit Checked Flannel Shirt,shirts,Checked Flannel Shirt,Men,Red,XL,Regular Fit,Rayon,Roadster,999,4.1,Summer,"Essential Roadster Men's checked flannel shirt tailored with a modern Regular Fit. Made of soft, breathable Rayon in rich Red. Ideal choice for Summer."
PRD1160,Puma Men's Navy Slim Fit Checked Flannel Shirt,shirts,Checked Flannel Shirt,Men,Navy,S,Slim Fit,Cotton,Puma,3449,4.0,Spring,"Elevate your look with this stylish Navy checked flannel shirt by Puma. Designed in a comfortable Slim Fit using high-grade Cotton, perfect for casual or semi-formal outings."
PRD1161,Roadster Women's Purple Regular Fit Casual Button-Down,shirts,Casual Button-Down,Women,Purple,XL,Regular Fit,Linen,Roadster,2599,4.4,All-Season,"Crafted from premium Linen, this Roadster Purple casual button-down offers exceptional comfort and durability for All-Season wardrobe styling. Features a sleek Regular Fit design."
PRD1162,Levi's Men's Purple Slim Fit Linen Resort Shirt,shirts,Linen Resort Shirt,Men,Purple,L,Slim Fit,Polyester,Levi's,1749,4.0,Summer,"Crafted from premium Polyester, this Levi's Purple linen resort shirt offers exceptional comfort and durability for Summer wardrobe styling. Features a sleek Slim Fit design."
PRD1163,Puma Unisex's Brown Relaxed Fit Checked Flannel Shirt,shirts,Checked Flannel Shirt,Unisex,Brown,S,Relaxed Fit,Polyester,Puma,2799,4.4,Summer,"Crafted from premium Polyester, this Puma Brown checked flannel shirt offers exceptional comfort and durability for Summer wardrobe styling. Features a sleek Relaxed Fit design."
PRD1164,Manyavar Men's Maroon Slim Fit Oxford Cotton Shirt,shirts,Oxford Cotton Shirt,Men,Maroon,S,Slim Fit,Rayon,Manyavar,3299,4.0,Spring,"Top-rated Manyavar oxford cotton shirt featuring premium Maroon Rayon. Tailored to a comfortable Slim Fit, ideal for everyday wear during Spring."
PRD1165,HRX Unisex's Olive Slim Fit Formal Dress Shirt,shirts,Formal Dress Shirt,Unisex,Olive,XXL,Slim Fit,Rayon,HRX,2999,4.3,Summer,"Top-rated HRX formal dress shirt featuring premium Olive Rayon. Tailored to a comfortable Slim Fit, ideal for everyday wear during Summer."
PRD1166,Aurelia Women's Purple Regular Fit Casual Button-Down,shirts,Casual Button-Down,Women,Purple,XL,Regular Fit,Cotton,Aurelia,2299,3.9,All-Season,"Crafted from premium Cotton, this Aurelia Purple casual button-down offers exceptional comfort and durability for All-Season wardrobe styling. Features a sleek Regular Fit design."
PRD1167,W Women's Red Relaxed Fit Casual Button-Down,shirts,Casual Button-Down,Women,Red,L,Relaxed Fit,Cotton,W,1299,3.6,All-Season,"Top-rated W casual button-down featuring premium Red Cotton. Tailored to a comfortable Relaxed Fit, ideal for everyday wear during All-Season."
PRD1168,Tommy Hilfiger Unisex's Beige Relaxed Fit Formal Dress Shirt,shirts,Formal Dress Shirt,Unisex,Beige,M,Relaxed Fit,Polyester,Tommy Hilfiger,1349,3.6,All-Season,Stay fashion-forward with this versatile Beige formal dress shirt from Tommy Hilfiger. Includes a refined Relaxed Fit profile and high quality Polyester fabric.
PRD1169,Zara Men's Black Slim Fit Linen Resort Shirt,shirts,Linen Resort Shirt,Men,Black,L,Slim Fit,Cotton,Zara,2899,4.1,Spring,"Top-rated Zara linen resort shirt featuring premium Black Cotton. Tailored to a comfortable Slim Fit, ideal for everyday wear during Spring."
PRD1170,Mango Men's Brown Relaxed Fit Linen Resort Shirt,shirts,Linen Resort Shirt,Men,Brown,L,Relaxed Fit,Linen,Mango,949,4.8,Spring,"Essential Mango Men's linen resort shirt tailored with a modern Relaxed Fit. Made of soft, breathable Linen in rich Brown. Ideal choice for Spring."
PRD1171,Adidas Women's Grey Regular Fit Casual Button-Down,shirts,Casual Button-Down,Women,Grey,L,Regular Fit,Polyester,Adidas,1549,4.2,Spring,Stay fashion-forward with this versatile Grey casual button-down from Adidas. Includes a refined Regular Fit profile and high quality Polyester fabric.
PRD1172,W Women's Brown Slim Fit Oxford Cotton Shirt,shirts,Oxford Cotton Shirt,Women,Brown,XL,Slim Fit,Polyester,W,3249,5.0,Summer,"Elevate your look with this stylish Brown oxford cotton shirt by W. Designed in a comfortable Slim Fit using high-grade Polyester, perfect for casual or semi-formal outings."
PRD1173,Aurelia Women's Blue Slim Fit Linen Resort Shirt,shirts,Linen Resort Shirt,Women,Blue,L,Slim Fit,Rayon,Aurelia,2049,4.2,All-Season,Stay fashion-forward with this versatile Blue linen resort shirt from Aurelia. Includes a refined Slim Fit profile and high quality Rayon fabric.
PRD1174,FabIndia Women's Beige Slim Fit Checked Flannel Shirt,shirts,Checked Flannel Shirt,Women,Beige,XL,Slim Fit,Rayon,FabIndia,1899,4.5,All-Season,"Crafted from premium Rayon, this FabIndia Beige checked flannel shirt offers exceptional comfort and durability for All-Season wardrobe styling. Features a sleek Slim Fit design."
PRD1175,H&M Women's Yellow Relaxed Fit Checked Flannel Shirt,shirts,Checked Flannel Shirt,Women,Yellow,M,Relaxed Fit,Linen,H&M,3249,4.5,Summer,Stay fashion-forward with this versatile Yellow checked flannel shirt from H&M. Includes a refined Relaxed Fit profile and high quality Linen fabric.
PRD1176,Zara Men's Red Relaxed Fit Formal Dress Shirt,shirts,Formal Dress Shirt,Men,Red,XL,Relaxed Fit,Rayon,Zara,3099,3.5,Spring,"Elevate your look with this stylish Red formal dress shirt by Zara. Designed in a comfortable Relaxed Fit using high-grade Rayon, perfect for casual or semi-formal outings."
PRD1177,Jack & Jones Women's Beige Slim Fit Linen Resort Shirt,shirts,Linen Resort Shirt,Women,Beige,L,Slim Fit,Linen,Jack & Jones,2399,4.0,All-Season,"Essential Jack & Jones Women's linen resort shirt tailored with a modern Slim Fit. Made of soft, breathable Linen in rich Beige. Ideal choice for All-Season."
PRD1178,Puma Men's Maroon Slim Fit Casual Button-Down,shirts,Casual Button-Down,Men,Maroon,XL,Slim Fit,Polyester,Puma,3049,3.7,All-Season,"Essential Puma Men's casual button-down tailored with a modern Slim Fit. Made of soft, breathable Polyester in rich Maroon. Ideal choice for All-Season."
PRD1179,Jack & Jones Unisex's Green Relaxed Fit Formal Dress Shirt,shirts,Formal Dress Shirt,Unisex,Green,S,Relaxed Fit,Polyester,Jack & Jones,1349,4.8,Summer,Stay fashion-forward with this versatile Green formal dress shirt from Jack & Jones. Includes a refined Relaxed Fit profile and high quality Polyester fabric.
PRD1180,FabIndia Men's Brown Relaxed Fit Checked Flannel Shirt,shirts,Checked Flannel Shirt,Men,Brown,L,Relaxed Fit,Rayon,FabIndia,1049,4.3,All-Season,"Essential FabIndia Men's checked flannel shirt tailored with a modern Relaxed Fit. Made of soft, breathable Rayon in rich Brown. Ideal choice for All-Season."
PRD1181,US Polo Assn Unisex's Maroon Relaxed Fit Formal Dress Shirt,shirts,Formal Dress Shirt,Unisex,Maroon,XXL,Relaxed Fit,Linen,US Polo Assn,1699,3.7,Spring,"Elevate your look with this stylish Maroon formal dress shirt by US Polo Assn. Designed in a comfortable Relaxed Fit using high-grade Linen, perfect for casual or semi-formal outings."
PRD1182,Roadster Women's Black Regular Fit Formal Dress Shirt,shirts,Formal Dress Shirt,Women,Black,XXL,Regular Fit,Rayon,Roadster,1299,4.4,Spring,"Crafted from premium Rayon, this Roadster Black formal dress shirt offers exceptional comfort and durability for Spring wardrobe styling. Features a sleek Regular Fit design."
PRD1183,H&M Women's Maroon Relaxed Fit Linen Resort Shirt,shirts,Linen Resort Shirt,Women,Maroon,XL,Relaxed Fit,Polyester,H&M,2449,4.7,All-Season,"Crafted from premium Polyester, this H&M Maroon linen resort shirt offers exceptional comfort and durability for All-Season wardrobe styling. Features a sleek Relaxed Fit design."
PRD1184,Roadster Unisex's Blue Regular Fit Linen Resort Shirt,shirts,Linen Resort Shirt,Unisex,Blue,XXL,Regular Fit,Polyester,Roadster,2199,3.7,All-Season,"Top-rated Roadster linen resort shirt featuring premium Blue Polyester. Tailored to a comfortable Regular Fit, ideal for everyday wear during All-Season."
PRD1185,Under Armour Men's Grey Relaxed Fit Formal Dress Shirt,shirts,Formal Dress Shirt,Men,Grey,XXL,Relaxed Fit,Cotton,Under Armour,1399,4.0,Summer,"Elevate your look with this stylish Grey formal dress shirt by Under Armour. Designed in a comfortable Relaxed Fit using high-grade Cotton, perfect for casual or semi-formal outings."
PRD1186,Tommy Hilfiger Women's Yellow Regular Fit Formal Dress Shirt,shirts,Formal Dress Shirt,Women,Yellow,M,Regular Fit,Cotton,Tommy Hilfiger,3399,4.9,Spring,"Essential Tommy Hilfiger Women's formal dress shirt tailored with a modern Regular Fit. Made of soft, breathable Cotton in rich Yellow. Ideal choice for Spring."
PRD1187,Roadster Unisex's Yellow Slim Fit Linen Resort Shirt,shirts,Linen Resort Shirt,Unisex,Yellow,XXL,Slim Fit,Linen,Roadster,1399,3.8,All-Season,"Top-rated Roadster linen resort shirt featuring premium Yellow Linen. Tailored to a comfortable Slim Fit, ideal for everyday wear during All-Season."
PRD1188,Tommy Hilfiger Men's Purple Slim Fit Oxford Cotton Shirt,shirts,Oxford Cotton Shirt,Men,Purple,XXL,Slim Fit,Cotton,Tommy Hilfiger,1849,4.5,Summer,"Top-rated Tommy Hilfiger oxford cotton shirt featuring premium Purple Cotton. Tailored to a comfortable Slim Fit, ideal for everyday wear during Summer."
PRD1189,HRX Unisex's Black Regular Fit Oxford Cotton Shirt,shirts,Oxford Cotton Shirt,Unisex,Black,L,Regular Fit,Rayon,HRX,2749,3.9,All-Season,Stay fashion-forward with this versatile Black oxford cotton shirt from HRX. Includes a refined Regular Fit profile and high quality Rayon fabric.
PRD1190,US Polo Assn Men's Maroon Slim Fit Checked Flannel Shirt,shirts,Checked Flannel Shirt,Men,Maroon,XL,Slim Fit,Linen,US Polo Assn,2749,4.2,Spring,"Essential US Polo Assn Men's checked flannel shirt tailored with a modern Slim Fit. Made of soft, breathable Linen in rich Maroon. Ideal choice for Spring."
PRD1191,Roadster Unisex's Navy Relaxed Fit Linen Resort Shirt,shirts,Linen Resort Shirt,Unisex,Navy,M,Relaxed Fit,Rayon,Roadster,2299,4.3,Spring,"Crafted from premium Rayon, this Roadster Navy linen resort shirt offers exceptional comfort and durability for Spring wardrobe styling. Features a sleek Relaxed Fit design."
PRD1192,Tommy Hilfiger Women's Blue Regular Fit Formal Dress Shirt,shirts,Formal Dress Shirt,Women,Blue,M,Regular Fit,Polyester,Tommy Hilfiger,1149,3.6,Summer,Stay fashion-forward with this versatile Blue formal dress shirt from Tommy Hilfiger. Includes a refined Regular Fit profile and high quality Polyester fabric.
PRD1193,HRX Men's Purple Regular Fit Formal Dress Shirt,shirts,Formal Dress Shirt,Men,Purple,M,Regular Fit,Rayon,HRX,2799,5.0,Summer,Stay fashion-forward with this versatile Purple formal dress shirt from HRX. Includes a refined Regular Fit profile and high quality Rayon fabric.
PRD1194,Mango Women's Black Slim Fit Linen Resort Shirt,shirts,Linen Resort Shirt,Women,Black,XL,Slim Fit,Polyester,Mango,1749,3.8,All-Season,"Essential Mango Women's linen resort shirt tailored with a modern Slim Fit. Made of soft, breathable Polyester in rich Black. Ideal choice for All-Season."
PRD1195,Zara Women's Beige Relaxed Fit Casual Button-Down,shirts,Casual Button-Down,Women,Beige,XXL,Relaxed Fit,Polyester,Zara,799,4.8,Spring,Stay fashion-forward with this versatile Beige casual button-down from Zara. Includes a refined Relaxed Fit profile and high quality Polyester fabric.
PRD1196,Roadster Unisex's Navy Regular Fit Linen Resort Shirt,shirts,Linen Resort Shirt,Unisex,Navy,XL,Regular Fit,Rayon,Roadster,999,4.4,Summer,"Elevate your look with this stylish Navy linen resort shirt by Roadster. Designed in a comfortable Regular Fit using high-grade Rayon, perfect for casual or semi-formal outings."
PRD1197,W Women's Blue Regular Fit Oxford Cotton Shirt,shirts,Oxford Cotton Shirt,Women,Blue,L,Regular Fit,Polyester,W,3349,4.5,All-Season,"Crafted from premium Polyester, this W Blue oxford cotton shirt offers exceptional comfort and durability for All-Season wardrobe styling. Features a sleek Regular Fit design."
PRD1198,Roadster Women's Navy Regular Fit Casual Button-Down,shirts,Casual Button-Down,Women,Navy,M,Regular Fit,Rayon,Roadster,3249,4.3,Summer,"Top-rated Roadster casual button-down featuring premium Navy Rayon. Tailored to a comfortable Regular Fit, ideal for everyday wear during Summer."
PRD1199,Zara Men's White Relaxed Fit Casual Button-Down,shirts,Casual Button-Down,Men,White,XXL,Relaxed Fit,Rayon,Zara,2649,3.7,Spring,"Top-rated Zara casual button-down featuring premium White Rayon. Tailored to a comfortable Relaxed Fit, ideal for everyday wear during Spring."
PRD1200,Roadster Unisex's Navy Slim Fit Linen Resort Shirt,shirts,Linen Resort Shirt,Unisex,Navy,L,Slim Fit,Polyester,Roadster,3199,4.0,All-Season,"Top-rated Roadster linen resort shirt featuring premium Navy Polyester. Tailored to a comfortable Slim Fit, ideal for everyday wear during All-Season."
PRD1201,Aurelia Unisex's Pink Regular Fit Checked Flannel Shirt,shirts,Checked Flannel Shirt,Unisex,Pink,L,Regular Fit,Polyester,Aurelia,2149,4.5,Summer,Stay fashion-forward with this versatile Pink checked flannel shirt from Aurelia. Includes a refined Regular Fit profile and high quality Polyester fabric.
PRD1202,Under Armour Unisex's Purple Relaxed Fit Linen Resort Shirt,shirts,Linen Resort Shirt,Unisex,Purple,XL,Relaxed Fit,Cotton,Under Armour,1849,5.0,All-Season,"Top-rated Under Armour linen resort shirt featuring premium Purple Cotton. Tailored to a comfortable Relaxed Fit, ideal for everyday wear during All-Season."
PRD1203,Under Armour Unisex's Black Relaxed Fit Formal Dress Shirt,shirts,Formal Dress Shirt,Unisex,Black,XXL,Relaxed Fit,Polyester,Under Armour,3349,4.6,Summer,Stay fashion-forward with this versatile Black formal dress shirt from Under Armour. Includes a refined Relaxed Fit profile and high quality Polyester fabric.
PRD1204,Roadster Men's Pink Relaxed Fit Formal Dress Shirt,shirts,Formal Dress Shirt,Men,Pink,S,Relaxed Fit,Cotton,Roadster,2599,4.0,Summer,"Elevate your look with this stylish Pink formal dress shirt by Roadster. Designed in a comfortable Relaxed Fit using high-grade Cotton, perfect for casual or semi-formal outings."
PRD1205,HRX Women's Yellow Relaxed Fit Formal Dress Shirt,shirts,Formal Dress Shirt,Women,Yellow,S,Relaxed Fit,Polyester,HRX,1349,4.3,All-Season,"Top-rated HRX formal dress shirt featuring premium Yellow Polyester. Tailored to a comfortable Relaxed Fit, ideal for everyday wear during All-Season."
PRD1206,Tommy Hilfiger Unisex's Grey Regular Fit Checked Flannel Shirt,shirts,Checked Flannel Shirt,Unisex,Grey,XXL,Regular Fit,Linen,Tommy Hilfiger,2199,4.3,Spring,"Essential Tommy Hilfiger Unisex's checked flannel shirt tailored with a modern Regular Fit. Made of soft, breathable Linen in rich Grey. Ideal choice for Spring."
PRD1207,Mango Men's Green Relaxed Fit Formal Dress Shirt,shirts,Formal Dress Shirt,Men,Green,L,Relaxed Fit,Rayon,Mango,1949,4.6,Summer,Stay fashion-forward with this versatile Green formal dress shirt from Mango. Includes a refined Relaxed Fit profile and high quality Rayon fabric.
PRD1208,Tommy Hilfiger Women's Yellow Relaxed Fit Checked Flannel Shirt,shirts,Checked Flannel Shirt,Women,Yellow,S,Relaxed Fit,Rayon,Tommy Hilfiger,3099,4.5,Spring,Stay fashion-forward with this versatile Yellow checked flannel shirt from Tommy Hilfiger. Includes a refined Relaxed Fit profile and high quality Rayon fabric.
PRD1209,Biba Men's Green Slim Fit Linen Resort Shirt,shirts,Linen Resort Shirt,Men,Green,S,Slim Fit,Rayon,Biba,2199,4.9,All-Season,"Essential Biba Men's linen resort shirt tailored with a modern Slim Fit. Made of soft, breathable Rayon in rich Green. Ideal choice for All-Season."
PRD1210,Mango Men's Purple Relaxed Fit Formal Dress Shirt,shirts,Formal Dress Shirt,Men,Purple,L,Relaxed Fit,Rayon,Mango,1349,3.7,All-Season,"Top-rated Mango formal dress shirt featuring premium Purple Rayon. Tailored to a comfortable Relaxed Fit, ideal for everyday wear during All-Season."
PRD1211,Puma Men's Olive Relaxed Fit Formal Dress Shirt,shirts,Formal Dress Shirt,Men,Olive,M,Relaxed Fit,Linen,Puma,999,3.7,All-Season,"Essential Puma Men's formal dress shirt tailored with a modern Relaxed Fit. Made of soft, breathable Linen in rich Olive. Ideal choice for All-Season."
PRD1212,Mango Unisex's Brown Slim Fit Casual Button-Down,shirts,Casual Button-Down,Unisex,Brown,M,Slim Fit,Cotton,Mango,2449,4.5,All-Season,Stay fashion-forward with this versatile Brown casual button-down from Mango. Includes a refined Slim Fit profile and high quality Cotton fabric.
PRD1213,Mango Women's Navy Regular Fit Formal Dress Shirt,shirts,Formal Dress Shirt,Women,Navy,XXL,Regular Fit,Cotton,Mango,1749,4.3,Summer,"Crafted from premium Cotton, this Mango Navy formal dress shirt offers exceptional comfort and durability for Summer wardrobe styling. Features a sleek Regular Fit design."
PRD1214,FabIndia Men's Black Regular Fit Checked Flannel Shirt,shirts,Checked Flannel Shirt,Men,Black,L,Regular Fit,Polyester,FabIndia,949,3.5,Summer,"Top-rated FabIndia checked flannel shirt featuring premium Black Polyester. Tailored to a comfortable Regular Fit, ideal for everyday wear during Summer."
PRD1215,Nike Women's Beige Relaxed Fit Linen Resort Shirt,shirts,Linen Resort Shirt,Women,Beige,XXL,Relaxed Fit,Polyester,Nike,2699,3.9,Summer,"Crafted from premium Polyester, this Nike Beige linen resort shirt offers exceptional comfort and durability for Summer wardrobe styling. Features a sleek Relaxed Fit design."
PRD1216,Tommy Hilfiger Unisex's Beige Relaxed Fit Formal Dress Shirt,shirts,Formal Dress Shirt,Unisex,Beige,M,Relaxed Fit,Rayon,Tommy Hilfiger,849,4.6,All-Season,"Essential Tommy Hilfiger Unisex's formal dress shirt tailored with a modern Relaxed Fit. Made of soft, breathable Rayon in rich Beige. Ideal choice for All-Season."
PRD1217,Under Armour Men's Pink Relaxed Fit Formal Dress Shirt,shirts,Formal Dress Shirt,Men,Pink,XXL,Relaxed Fit,Polyester,Under Armour,2099,3.6,Spring,"Crafted from premium Polyester, this Under Armour Pink formal dress shirt offers exceptional comfort and durability for Spring wardrobe styling. Features a sleek Relaxed Fit design."
PRD1218,FabIndia Women's Navy Slim Fit Formal Dress Shirt,shirts,Formal Dress Shirt,Women,Navy,XL,Slim Fit,Cotton,FabIndia,1749,4.2,Spring,"Essential FabIndia Women's formal dress shirt tailored with a modern Slim Fit. Made of soft, breathable Cotton in rich Navy. Ideal choice for Spring."
PRD1219,Tommy Hilfiger Unisex's Maroon Relaxed Fit Linen Resort Shirt,shirts,Linen Resort Shirt,Unisex,Maroon,L,Relaxed Fit,Cotton,Tommy Hilfiger,1749,3.6,Spring,"Crafted from premium Cotton, this Tommy Hilfiger Maroon linen resort shirt offers exceptional comfort and durability for Spring wardrobe styling. Features a sleek Relaxed Fit design."
PRD1220,Jack & Jones Men's Grey Relaxed Fit Linen Resort Shirt,shirts,Linen Resort Shirt,Men,Grey,S,Relaxed Fit,Rayon,Jack & Jones,3399,4.9,All-Season,"Essential Jack & Jones Men's linen resort shirt tailored with a modern Relaxed Fit. Made of soft, breathable Rayon in rich Grey. Ideal choice for All-Season."
PRD1221,W Men's Red Slim Fit Oxford Cotton Shirt,shirts,Oxford Cotton Shirt,Men,Red,XL,Slim Fit,Polyester,W,3249,4.1,Summer,"Top-rated W oxford cotton shirt featuring premium Red Polyester. Tailored to a comfortable Slim Fit, ideal for everyday wear during Summer."
PRD1222,Mango Unisex's Purple Slim Fit Oxford Cotton Shirt,shirts,Oxford Cotton Shirt,Unisex,Purple,XXL,Slim Fit,Linen,Mango,1099,4.3,All-Season,"Top-rated Mango oxford cotton shirt featuring premium Purple Linen. Tailored to a comfortable Slim Fit, ideal for everyday wear during All-Season."
PRD1223,W Unisex's Blue Slim Fit Casual Button-Down,shirts,Casual Button-Down,Unisex,Blue,XXL,Slim Fit,Linen,W,1399,3.7,All-Season,"Top-rated W casual button-down featuring premium Blue Linen. Tailored to a comfortable Slim Fit, ideal for everyday wear during All-Season."
PRD1224,Jack & Jones Unisex's Red Relaxed Fit Casual Button-Down,shirts,Casual Button-Down,Unisex,Red,XXL,Relaxed Fit,Polyester,Jack & Jones,2599,4.7,Summer,Stay fashion-forward with this versatile Red casual button-down from Jack & Jones. Includes a refined Relaxed Fit profile and high quality Polyester fabric.
PRD1225,Roadster Women's Beige Relaxed Fit Oxford Cotton Shirt,shirts,Oxford Cotton Shirt,Women,Beige,XL,Relaxed Fit,Cotton,Roadster,3549,4.7,All-Season,"Crafted from premium Cotton, this Roadster Beige oxford cotton shirt offers exceptional comfort and durability for All-Season wardrobe styling. Features a sleek Relaxed Fit design."
PRD1226,Biba Men's Maroon Slim Fit Linen Resort Shirt,shirts,Linen Resort Shirt,Men,Maroon,XL,Slim Fit,Cotton,Biba,2199,4.6,Summer,"Top-rated Biba linen resort shirt featuring premium Maroon Cotton. Tailored to a comfortable Slim Fit, ideal for everyday wear during Summer."
PRD1227,Zara Women's Black Regular Fit Casual Button-Down,shirts,Casual Button-Down,Women,Black,M,Regular Fit,Polyester,Zara,3399,5.0,Summer,Stay fashion-forward with this versatile Black casual button-down from Zara. Includes a refined Regular Fit profile and high quality Polyester fabric.
PRD1228,W Women's Purple Regular Fit Checked Flannel Shirt,shirts,Checked Flannel Shirt,Women,Purple,XXL,Regular Fit,Polyester,W,1299,4.5,Summer,"Essential W Women's checked flannel shirt tailored with a modern Regular Fit. Made of soft, breathable Polyester in rich Purple. Ideal choice for Summer."
PRD1229,Nike Unisex's Grey Relaxed Fit Formal Dress Shirt,shirts,Formal Dress Shirt,Unisex,Grey,M,Relaxed Fit,Linen,Nike,799,4.6,All-Season,"Essential Nike Unisex's formal dress shirt tailored with a modern Relaxed Fit. Made of soft, breathable Linen in rich Grey. Ideal choice for All-Season."
PRD1230,Jack & Jones Women's Yellow Regular Fit Oxford Cotton Shirt,shirts,Oxford Cotton Shirt,Women,Yellow,XL,Regular Fit,Linen,Jack & Jones,2199,3.7,Summer,"Elevate your look with this stylish Yellow oxford cotton shirt by Jack & Jones. Designed in a comfortable Regular Fit using high-grade Linen, perfect for casual or semi-formal outings."
PRD1231,Nike Unisex's Grey Relaxed Fit Casual Button-Down,shirts,Casual Button-Down,Unisex,Grey,M,Relaxed Fit,Cotton,Nike,1049,3.7,Summer,"Crafted from premium Cotton, this Nike Grey casual button-down offers exceptional comfort and durability for Summer wardrobe styling. Features a sleek Relaxed Fit design."
PRD1232,Jack & Jones Unisex's Maroon Slim Fit Henley Collar Tee,t-shirts,Henley Collar Tee,Unisex,Maroon,XL,Slim Fit,Cotton,Jack & Jones,1349,3.9,Summer,"Elevate your look with this stylish Maroon henley collar tee by Jack & Jones. Designed in a comfortable Slim Fit using high-grade Cotton, perfect for casual or semi-formal outings."
PRD1233,Zara Unisex's Green Slim Fit Polo Collar T-Shirt,t-shirts,Polo Collar T-Shirt,Unisex,Green,XXL,Slim Fit,Rayon,Zara,1699,4.7,All-Season,"Essential Zara Unisex's polo collar t-shirt tailored with a modern Slim Fit. Made of soft, breathable Rayon in rich Green. Ideal choice for All-Season."
PRD1234,Puma Men's Olive Oversized Oversized Cotton Tee,t-shirts,Oversized Cotton Tee,Men,Olive,L,Oversized,Cotton,Puma,1049,3.6,All-Season,"Top-rated Puma oversized cotton tee featuring premium Olive Cotton. Tailored to a comfortable Oversized, ideal for everyday wear during All-Season."
PRD1235,FabIndia Unisex's Beige Slim Fit V-Neck Casual T-Shirt,t-shirts,V-Neck Casual T-Shirt,Unisex,Beige,XXL,Slim Fit,Polyester,FabIndia,1149,4.5,All-Season,Stay fashion-forward with this versatile Beige v-neck casual t-shirt from FabIndia. Includes a refined Slim Fit profile and high quality Polyester fabric.
PRD1236,Roadster Women's White Oversized Oversized Cotton Tee,t-shirts,Oversized Cotton Tee,Women,White,M,Oversized,Polyester,Roadster,1099,4.8,Summer,"Elevate your look with this stylish White oversized cotton tee by Roadster. Designed in a comfortable Oversized using high-grade Polyester, perfect for casual or semi-formal outings."
PRD1237,Jack & Jones Unisex's Grey Regular Fit Crewneck Graphic Tee,t-shirts,Crewneck Graphic Tee,Unisex,Grey,XL,Regular Fit,Rayon,Jack & Jones,949,3.9,Summer,"Essential Jack & Jones Unisex's crewneck graphic tee tailored with a modern Regular Fit. Made of soft, breathable Rayon in rich Grey. Ideal choice for Summer."
PRD1238,H&M Women's Blue Oversized V-Neck Casual T-Shirt,t-shirts,V-Neck Casual T-Shirt,Women,Blue,S,Oversized,Rayon,H&M,999,4.1,Summer,"Top-rated H&M v-neck casual t-shirt featuring premium Blue Rayon. Tailored to a comfortable Oversized, ideal for everyday wear during Summer."
PRD1239,Zara Men's Brown Oversized Crewneck Graphic Tee,t-shirts,Crewneck Graphic Tee,Men,Brown,XL,Oversized,Rayon,Zara,899,4.8,Summer,"Essential Zara Men's crewneck graphic tee tailored with a modern Oversized. Made of soft, breathable Rayon in rich Brown. Ideal choice for Summer."
PRD1240,US Polo Assn Men's Red Oversized Crewneck Graphic Tee,t-shirts,Crewneck Graphic Tee,Men,Red,M,Oversized,Cotton,US Polo Assn,1899,4.4,All-Season,"Elevate your look with this stylish Red crewneck graphic tee by US Polo Assn. Designed in a comfortable Oversized using high-grade Cotton, perfect for casual or semi-formal outings."
PRD1241,Biba Unisex's Navy Regular Fit Polo Collar T-Shirt,t-shirts,Polo Collar T-Shirt,Unisex,Navy,XXL,Regular Fit,Polyester,Biba,1799,4.0,All-Season,"Essential Biba Unisex's polo collar t-shirt tailored with a modern Regular Fit. Made of soft, breathable Polyester in rich Navy. Ideal choice for All-Season."
PRD1242,W Women's Beige Slim Fit Henley Collar Tee,t-shirts,Henley Collar Tee,Women,Beige,L,Slim Fit,Rayon,W,899,4.1,All-Season,Stay fashion-forward with this versatile Beige henley collar tee from W. Includes a refined Slim Fit profile and high quality Rayon fabric.
PRD1243,Zara Men's Maroon Slim Fit Henley Collar Tee,t-shirts,Henley Collar Tee,Men,Maroon,XXL,Slim Fit,Cotton,Zara,1649,4.4,All-Season,Stay fashion-forward with this versatile Maroon henley collar tee from Zara. Includes a refined Slim Fit profile and high quality Cotton fabric.
PRD1244,US Polo Assn Men's Navy Slim Fit Polo Collar T-Shirt,t-shirts,Polo Collar T-Shirt,Men,Navy,XL,Slim Fit,Polyester,US Polo Assn,1599,4.5,Summer,"Essential US Polo Assn Men's polo collar t-shirt tailored with a modern Slim Fit. Made of soft, breathable Polyester in rich Navy. Ideal choice for Summer."
PRD1245,Adidas Unisex's Olive Oversized V-Neck Casual T-Shirt,t-shirts,V-Neck Casual T-Shirt,Unisex,Olive,M,Oversized,Polyester,Adidas,1949,4.7,All-Season,"Elevate your look with this stylish Olive v-neck casual t-shirt by Adidas. Designed in a comfortable Oversized using high-grade Polyester, perfect for casual or semi-formal outings."
PRD1246,Roadster Women's White Oversized Henley Collar Tee,t-shirts,Henley Collar Tee,Women,White,XXL,Oversized,Rayon,Roadster,549,4.8,Summer,"Crafted from premium Rayon, this Roadster White henley collar tee offers exceptional comfort and durability for Summer wardrobe styling. Features a sleek Oversized design."
PRD1247,Zara Women's White Oversized Crewneck Graphic Tee,t-shirts,Crewneck Graphic Tee,Women,White,M,Oversized,Cotton,Zara,499,3.8,Summer,Stay fashion-forward with this versatile White crewneck graphic tee from Zara. Includes a refined Oversized profile and high quality Cotton fabric.
PRD1248,W Unisex's Olive Oversized Crewneck Graphic Tee,t-shirts,Crewneck Graphic Tee,Unisex,Olive,XL,Oversized,Rayon,W,499,3.5,All-Season,"Top-rated W crewneck graphic tee featuring premium Olive Rayon. Tailored to a comfortable Oversized, ideal for everyday wear during All-Season."
PRD1249,HRX Men's Yellow Oversized Crewneck Graphic Tee,t-shirts,Crewneck Graphic Tee,Men,Yellow,S,Oversized,Polyester,HRX,1499,4.7,All-Season,Stay fashion-forward with this versatile Yellow crewneck graphic tee from HRX. Includes a refined Oversized profile and high quality Polyester fabric.
PRD1250,FabIndia Men's Yellow Slim Fit Crewneck Graphic Tee,t-shirts,Crewneck Graphic Tee,Men,Yellow,XXL,Slim Fit,Cotton,FabIndia,1549,3.9,Summer,"Essential FabIndia Men's crewneck graphic tee tailored with a modern Slim Fit. Made of soft, breathable Cotton in rich Yellow. Ideal choice for Summer."
PRD1251,Adidas Men's Navy Regular Fit V-Neck Casual T-Shirt,t-shirts,V-Neck Casual T-Shirt,Men,Navy,M,Regular Fit,Polyester,Adidas,1099,4.5,Summer,"Crafted from premium Polyester, this Adidas Navy v-neck casual t-shirt offers exceptional comfort and durability for Summer wardrobe styling. Features a sleek Regular Fit design."
PRD1252,Zara Women's Grey Regular Fit Crewneck Graphic Tee,t-shirts,Crewneck Graphic Tee,Women,Grey,S,Regular Fit,Rayon,Zara,1799,3.5,All-Season,"Elevate your look with this stylish Grey crewneck graphic tee by Zara. Designed in a comfortable Regular Fit using high-grade Rayon, perfect for casual or semi-formal outings."
PRD1253,H&M Women's Olive Regular Fit V-Neck Casual T-Shirt,t-shirts,V-Neck Casual T-Shirt,Women,Olive,XXL,Regular Fit,Rayon,H&M,549,3.8,Summer,"Top-rated H&M v-neck casual t-shirt featuring premium Olive Rayon. Tailored to a comfortable Regular Fit, ideal for everyday wear during Summer."
PRD1254,Mango Men's Blue Oversized Oversized Cotton Tee,t-shirts,Oversized Cotton Tee,Men,Blue,M,Oversized,Polyester,Mango,1099,3.5,Summer,"Elevate your look with this stylish Blue oversized cotton tee by Mango. Designed in a comfortable Oversized using high-grade Polyester, perfect for casual or semi-formal outings."
PRD1255,Under Armour Unisex's Purple Regular Fit Polo Collar T-Shirt,t-shirts,Polo Collar T-Shirt,Unisex,Purple,M,Regular Fit,Cotton,Under Armour,1649,3.9,All-Season,Stay fashion-forward with this versatile Purple polo collar t-shirt from Under Armour. Includes a refined Regular Fit profile and high quality Cotton fabric.
PRD1256,Aurelia Women's Brown Oversized Oversized Cotton Tee,t-shirts,Oversized Cotton Tee,Women,Brown,XXL,Oversized,Cotton,Aurelia,1999,5.0,Summer,"Crafted from premium Cotton, this Aurelia Brown oversized cotton tee offers exceptional comfort and durability for Summer wardrobe styling. Features a sleek Oversized design."
PRD1257,Nike Men's Purple Slim Fit V-Neck Casual T-Shirt,t-shirts,V-Neck Casual T-Shirt,Men,Purple,L,Slim Fit,Polyester,Nike,549,4.5,All-Season,Stay fashion-forward with this versatile Purple v-neck casual t-shirt from Nike. Includes a refined Slim Fit profile and high quality Polyester fabric.
PRD1258,Mango Women's Yellow Regular Fit Polo Collar T-Shirt,t-shirts,Polo Collar T-Shirt,Women,Yellow,XXL,Regular Fit,Polyester,Mango,1849,4.1,Summer,"Top-rated Mango polo collar t-shirt featuring premium Yellow Polyester. Tailored to a comfortable Regular Fit, ideal for everyday wear during Summer."
PRD1259,US Polo Assn Unisex's Blue Slim Fit Polo Collar T-Shirt,t-shirts,Polo Collar T-Shirt,Unisex,Blue,XL,Slim Fit,Polyester,US Polo Assn,1949,4.7,Summer,"Elevate your look with this stylish Blue polo collar t-shirt by US Polo Assn. Designed in a comfortable Slim Fit using high-grade Polyester, perfect for casual or semi-formal outings."
PRD1260,Biba Women's Blue Slim Fit Oversized Cotton Tee,t-shirts,Oversized Cotton Tee,Women,Blue,XL,Slim Fit,Cotton,Biba,1199,4.6,All-Season,"Crafted from premium Cotton, this Biba Blue oversized cotton tee offers exceptional comfort and durability for All-Season wardrobe styling. Features a sleek Slim Fit design."
PRD1261,Roadster Men's Grey Regular Fit Crewneck Graphic Tee,t-shirts,Crewneck Graphic Tee,Men,Grey,S,Regular Fit,Rayon,Roadster,549,3.6,All-Season,"Top-rated Roadster crewneck graphic tee featuring premium Grey Rayon. Tailored to a comfortable Regular Fit, ideal for everyday wear during All-Season."
PRD1262,H&M Unisex's Brown Regular Fit Henley Collar Tee,t-shirts,Henley Collar Tee,Unisex,Brown,L,Regular Fit,Polyester,H&M,1299,4.1,Summer,"Crafted from premium Polyester, this H&M Brown henley collar tee offers exceptional comfort and durability for Summer wardrobe styling. Features a sleek Regular Fit design."
PRD1263,Aurelia Unisex's Yellow Slim Fit Polo Collar T-Shirt,t-shirts,Polo Collar T-Shirt,Unisex,Yellow,M,Slim Fit,Rayon,Aurelia,749,3.9,All-Season,"Essential Aurelia Unisex's polo collar t-shirt tailored with a modern Slim Fit. Made of soft, breathable Rayon in rich Yellow. Ideal choice for All-Season."
PRD1264,Mango Men's White Regular Fit Polo Collar T-Shirt,t-shirts,Polo Collar T-Shirt,Men,White,L,Regular Fit,Polyester,Mango,1449,4.7,All-Season,"Essential Mango Men's polo collar t-shirt tailored with a modern Regular Fit. Made of soft, breathable Polyester in rich White. Ideal choice for All-Season."
PRD1265,Adidas Unisex's Olive Regular Fit Polo Collar T-Shirt,t-shirts,Polo Collar T-Shirt,Unisex,Olive,XL,Regular Fit,Rayon,Adidas,699,3.7,Summer,"Crafted from premium Rayon, this Adidas Olive polo collar t-shirt offers exceptional comfort and durability for Summer wardrobe styling. Features a sleek Regular Fit design."
PRD1266,Biba Unisex's Grey Regular Fit Oversized Cotton Tee,t-shirts,Oversized Cotton Tee,Unisex,Grey,XL,Regular Fit,Polyester,Biba,1799,5.0,All-Season,"Elevate your look with this stylish Grey oversized cotton tee by Biba. Designed in a comfortable Regular Fit using high-grade Polyester, perfect for casual or semi-formal outings."
PRD1267,US Polo Assn Unisex's Maroon Slim Fit Oversized Cotton Tee,t-shirts,Oversized Cotton Tee,Unisex,Maroon,M,Slim Fit,Polyester,US Polo Assn,1299,5.0,All-Season,"Essential US Polo Assn Unisex's oversized cotton tee tailored with a modern Slim Fit. Made of soft, breathable Polyester in rich Maroon. Ideal choice for All-Season."
PRD1268,Mango Men's Navy Regular Fit Henley Collar Tee,t-shirts,Henley Collar Tee,Men,Navy,L,Regular Fit,Polyester,Mango,699,4.9,All-Season,"Elevate your look with this stylish Navy henley collar tee by Mango. Designed in a comfortable Regular Fit using high-grade Polyester, perfect for casual or semi-formal outings."
PRD1269,Under Armour Men's Olive Oversized Henley Collar Tee,t-shirts,Henley Collar Tee,Men,Olive,M,Oversized,Cotton,Under Armour,1349,4.7,All-Season,"Crafted from premium Cotton, this Under Armour Olive henley collar tee offers exceptional comfort and durability for All-Season wardrobe styling. Features a sleek Oversized design."
PRD1270,HRX Men's Olive Regular Fit V-Neck Casual T-Shirt,t-shirts,V-Neck Casual T-Shirt,Men,Olive,M,Regular Fit,Cotton,HRX,1949,4.1,All-Season,Stay fashion-forward with this versatile Olive v-neck casual t-shirt from HRX. Includes a refined Regular Fit profile and high quality Cotton fabric.
PRD1271,H&M Unisex's Beige Oversized V-Neck Casual T-Shirt,t-shirts,V-Neck Casual T-Shirt,Unisex,Beige,XXL,Oversized,Polyester,H&M,549,4.7,All-Season,"Essential H&M Unisex's v-neck casual t-shirt tailored with a modern Oversized. Made of soft, breathable Polyester in rich Beige. Ideal choice for All-Season."
PRD1272,Aurelia Unisex's Blue Slim Fit Henley Collar Tee,t-shirts,Henley Collar Tee,Unisex,Blue,M,Slim Fit,Cotton,Aurelia,1799,4.4,All-Season,"Top-rated Aurelia henley collar tee featuring premium Blue Cotton. Tailored to a comfortable Slim Fit, ideal for everyday wear during All-Season."
PRD1273,Biba Women's Blue Slim Fit Oversized Cotton Tee,t-shirts,Oversized Cotton Tee,Women,Blue,M,Slim Fit,Cotton,Biba,1499,4.6,All-Season,"Top-rated Biba oversized cotton tee featuring premium Blue Cotton. Tailored to a comfortable Slim Fit, ideal for everyday wear during All-Season."
PRD1274,Under Armour Men's Beige Regular Fit Henley Collar Tee,t-shirts,Henley Collar Tee,Men,Beige,XXL,Regular Fit,Polyester,Under Armour,1899,4.3,All-Season,"Essential Under Armour Men's henley collar tee tailored with a modern Regular Fit. Made of soft, breathable Polyester in rich Beige. Ideal choice for All-Season."
PRD1275,Levi's Men's Green Regular Fit V-Neck Casual T-Shirt,t-shirts,V-Neck Casual T-Shirt,Men,Green,M,Regular Fit,Cotton,Levi's,1199,4.0,Summer,Stay fashion-forward with this versatile Green v-neck casual t-shirt from Levi's. Includes a refined Regular Fit profile and high quality Cotton fabric.
PRD1276,Allen Solly Women's Navy Regular Fit Henley Collar Tee,t-shirts,Henley Collar Tee,Women,Navy,XL,Regular Fit,Cotton,Allen Solly,1149,3.6,All-Season,"Crafted from premium Cotton, this Allen Solly Navy henley collar tee offers exceptional comfort and durability for All-Season wardrobe styling. Features a sleek Regular Fit design."
PRD1277,Nike Women's Olive Slim Fit Crewneck Graphic Tee,t-shirts,Crewneck Graphic Tee,Women,Olive,M,Slim Fit,Rayon,Nike,1549,3.8,Summer,"Elevate your look with this stylish Olive crewneck graphic tee by Nike. Designed in a comfortable Slim Fit using high-grade Rayon, perfect for casual or semi-formal outings."
PRD1278,Tommy Hilfiger Women's Beige Slim Fit Henley Collar Tee,t-shirts,Henley Collar Tee,Women,Beige,M,Slim Fit,Polyester,Tommy Hilfiger,1799,4.5,Summer,Stay fashion-forward with this versatile Beige henley collar tee from Tommy Hilfiger. Includes a refined Slim Fit profile and high quality Polyester fabric.
PRD1279,Levi's Men's Beige Oversized Henley Collar Tee,t-shirts,Henley Collar Tee,Men,Beige,S,Oversized,Polyester,Levi's,1899,3.8,All-Season,"Essential Levi's Men's henley collar tee tailored with a modern Oversized. Made of soft, breathable Polyester in rich Beige. Ideal choice for All-Season."
PRD1280,H&M Men's Brown Oversized Henley Collar Tee,t-shirts,Henley Collar Tee,Men,Brown,L,Oversized,Cotton,H&M,899,4.2,All-Season,"Essential H&M Men's henley collar tee tailored with a modern Oversized. Made of soft, breathable Cotton in rich Brown. Ideal choice for All-Season."
PRD1281,Mango Unisex's Navy Oversized Henley Collar Tee,t-shirts,Henley Collar Tee,Unisex,Navy,XXL,Oversized,Polyester,Mango,699,4.0,All-Season,Stay fashion-forward with this versatile Navy henley collar tee from Mango. Includes a refined Oversized profile and high quality Polyester fabric.
PRD1282,FabIndia Unisex's Pink Slim Fit Oversized Cotton Tee,t-shirts,Oversized Cotton Tee,Unisex,Pink,L,Slim Fit,Rayon,FabIndia,699,3.9,Summer,"Crafted from premium Rayon, this FabIndia Pink oversized cotton tee offers exceptional comfort and durability for Summer wardrobe styling. Features a sleek Slim Fit design."
PRD1283,FabIndia Unisex's White Oversized Oversized Cotton Tee,t-shirts,Oversized Cotton Tee,Unisex,White,XXL,Oversized,Polyester,FabIndia,749,4.4,All-Season,Stay fashion-forward with this versatile White oversized cotton tee from FabIndia. Includes a refined Oversized profile and high quality Polyester fabric.
PRD1284,FabIndia Unisex's Yellow Oversized V-Neck Casual T-Shirt,t-shirts,V-Neck Casual T-Shirt,Unisex,Yellow,XXL,Oversized,Rayon,FabIndia,799,4.2,Summer,"Elevate your look with this stylish Yellow v-neck casual t-shirt by FabIndia. Designed in a comfortable Oversized using high-grade Rayon, perfect for casual or semi-formal outings."
PRD1285,FabIndia Women's Pink Slim Fit Oversized Cotton Tee,t-shirts,Oversized Cotton Tee,Women,Pink,XL,Slim Fit,Polyester,FabIndia,749,3.8,Summer,Stay fashion-forward with this versatile Pink oversized cotton tee from FabIndia. Includes a refined Slim Fit profile and high quality Polyester fabric.
PRD1286,Aurelia Unisex's Beige Regular Fit Henley Collar Tee,t-shirts,Henley Collar Tee,Unisex,Beige,XL,Regular Fit,Rayon,Aurelia,1949,4.8,All-Season,Stay fashion-forward with this versatile Beige henley collar tee from Aurelia. Includes a refined Regular Fit profile and high quality Rayon fabric.
PRD1287,FabIndia Unisex's Black Slim Fit Crewneck Graphic Tee,t-shirts,Crewneck Graphic Tee,Unisex,Black,L,Slim Fit,Polyester,FabIndia,949,4.3,Summer,"Elevate your look with this stylish Black crewneck graphic tee by FabIndia. Designed in a comfortable Slim Fit using high-grade Polyester, perfect for casual or semi-formal outings."
PRD1288,Jack & Jones Unisex's Brown Regular Fit Henley Collar Tee,t-shirts,Henley Collar Tee,Unisex,Brown,XXL,Regular Fit,Rayon,Jack & Jones,699,3.9,Summer,"Top-rated Jack & Jones henley collar tee featuring premium Brown Rayon. Tailored to a comfortable Regular Fit, ideal for everyday wear during Summer."
PRD1289,W Men's Brown Oversized Henley Collar Tee,t-shirts,Henley Collar Tee,Men,Brown,XL,Oversized,Polyester,W,699,4.6,Summer,"Elevate your look with this stylish Brown henley collar tee by W. Designed in a comfortable Oversized using high-grade Polyester, perfect for casual or semi-formal outings."
PRD1290,US Polo Assn Women's Green Regular Fit Crewneck Graphic Tee,t-shirts,Crewneck Graphic Tee,Women,Green,S,Regular Fit,Cotton,US Polo Assn,2049,4.7,All-Season,"Elevate your look with this stylish Green crewneck graphic tee by US Polo Assn. Designed in a comfortable Regular Fit using high-grade Cotton, perfect for casual or semi-formal outings."
PRD1291,Under Armour Unisex's Pink Oversized Oversized Cotton Tee,t-shirts,Oversized Cotton Tee,Unisex,Pink,XXL,Oversized,Polyester,Under Armour,749,4.7,Summer,"Elevate your look with this stylish Pink oversized cotton tee by Under Armour. Designed in a comfortable Oversized using high-grade Polyester, perfect for casual or semi-formal outings."
PRD1292,Zara Women's Yellow Regular Fit Henley Collar Tee,t-shirts,Henley Collar Tee,Women,Yellow,L,Regular Fit,Rayon,Zara,1899,3.9,Summer,"Top-rated Zara henley collar tee featuring premium Yellow Rayon. Tailored to a comfortable Regular Fit, ideal for everyday wear during Summer."
PRD1293,Adidas Unisex's Purple Slim Fit Henley Collar Tee,t-shirts,Henley Collar Tee,Unisex,Purple,S,Slim Fit,Cotton,Adidas,1049,4.8,All-Season,"Elevate your look with this stylish Purple henley collar tee by Adidas. Designed in a comfortable Slim Fit using high-grade Cotton, perfect for casual or semi-formal outings."
PRD1294,Roadster Men's Maroon Regular Fit Polo Collar T-Shirt,t-shirts,Polo Collar T-Shirt,Men,Maroon,XL,Regular Fit,Cotton,Roadster,749,4.4,All-Season,"Essential Roadster Men's polo collar t-shirt tailored with a modern Regular Fit. Made of soft, breathable Cotton in rich Maroon. Ideal choice for All-Season."
PRD1295,HRX Women's Blue Oversized V-Neck Casual T-Shirt,t-shirts,V-Neck Casual T-Shirt,Women,Blue,XXL,Oversized,Cotton,HRX,1999,3.9,All-Season,"Essential HRX Women's v-neck casual t-shirt tailored with a modern Oversized. Made of soft, breathable Cotton in rich Blue. Ideal choice for All-Season."
PRD1296,Jack & Jones Women's Pink Slim Fit V-Neck Casual T-Shirt,t-shirts,V-Neck Casual T-Shirt,Women,Pink,XL,Slim Fit,Rayon,Jack & Jones,1749,4.5,Summer,"Essential Jack & Jones Women's v-neck casual t-shirt tailored with a modern Slim Fit. Made of soft, breathable Rayon in rich Pink. Ideal choice for Summer."
PRD1297,H&M Women's Red Regular Fit Henley Collar Tee,t-shirts,Henley Collar Tee,Women,Red,L,Regular Fit,Cotton,H&M,1149,4.7,All-Season,"Essential H&M Women's henley collar tee tailored with a modern Regular Fit. Made of soft, breathable Cotton in rich Red. Ideal choice for All-Season."
PRD1298,Aurelia Men's Pink Regular Fit Henley Collar Tee,t-shirts,Henley Collar Tee,Men,Pink,S,Regular Fit,Polyester,Aurelia,699,4.4,Summer,Stay fashion-forward with this versatile Pink henley collar tee from Aurelia. Includes a refined Regular Fit profile and high quality Polyester fabric.
PRD1299,Levi's Men's Beige Regular Fit Crewneck Graphic Tee,t-shirts,Crewneck Graphic Tee,Men,Beige,M,Regular Fit,Cotton,Levi's,1899,4.9,All-Season,"Essential Levi's Men's crewneck graphic tee tailored with a modern Regular Fit. Made of soft, breathable Cotton in rich Beige. Ideal choice for All-Season."
PRD1300,FabIndia Men's Olive Regular Fit Oversized Cotton Tee,t-shirts,Oversized Cotton Tee,Men,Olive,L,Regular Fit,Polyester,FabIndia,1849,4.9,Summer,"Elevate your look with this stylish Olive oversized cotton tee by FabIndia. Designed in a comfortable Regular Fit using high-grade Polyester, perfect for casual or semi-formal outings."
PRD1301,Zara Unisex's Green Oversized V-Neck Casual T-Shirt,t-shirts,V-Neck Casual T-Shirt,Unisex,Green,XL,Oversized,Rayon,Zara,1799,3.6,Summer,"Crafted from premium Rayon, this Zara Green v-neck casual t-shirt offers exceptional comfort and durability for Summer wardrobe styling. Features a sleek Oversized design."
PRD1302,Levi's Women's Blue Slim Fit Polo Collar T-Shirt,t-shirts,Polo Collar T-Shirt,Women,Blue,XXL,Slim Fit,Rayon,Levi's,1849,4.2,Summer,"Crafted from premium Rayon, this Levi's Blue polo collar t-shirt offers exceptional comfort and durability for Summer wardrobe styling. Features a sleek Slim Fit design."
PRD1303,Tommy Hilfiger Women's Maroon Slim Fit Crewneck Graphic Tee,t-shirts,Crewneck Graphic Tee,Women,Maroon,M,Slim Fit,Polyester,Tommy Hilfiger,1249,3.6,Summer,"Crafted from premium Polyester, this Tommy Hilfiger Maroon crewneck graphic tee offers exceptional comfort and durability for Summer wardrobe styling. Features a sleek Slim Fit design."
PRD1304,Nike Women's Green Slim Fit Oversized Cotton Tee,t-shirts,Oversized Cotton Tee,Women,Green,M,Slim Fit,Polyester,Nike,599,4.3,Summer,"Crafted from premium Polyester, this Nike Green oversized cotton tee offers exceptional comfort and durability for Summer wardrobe styling. Features a sleek Slim Fit design."
PRD1305,FabIndia Women's Maroon Slim Fit V-Neck Casual T-Shirt,t-shirts,V-Neck Casual T-Shirt,Women,Maroon,XL,Slim Fit,Rayon,FabIndia,1749,4.5,Summer,"Elevate your look with this stylish Maroon v-neck casual t-shirt by FabIndia. Designed in a comfortable Slim Fit using high-grade Rayon, perfect for casual or semi-formal outings."
PRD1306,H&M Men's Brown Slim Fit Crewneck Graphic Tee,t-shirts,Crewneck Graphic Tee,Men,Brown,L,Slim Fit,Rayon,H&M,1349,4.0,All-Season,"Elevate your look with this stylish Brown crewneck graphic tee by H&M. Designed in a comfortable Slim Fit using high-grade Rayon, perfect for casual or semi-formal outings."
PRD1307,Puma Unisex's Blue Slim Fit Oversized Cotton Tee,t-shirts,Oversized Cotton Tee,Unisex,Blue,S,Slim Fit,Rayon,Puma,1799,4.8,All-Season,"Elevate your look with this stylish Blue oversized cotton tee by Puma. Designed in a comfortable Slim Fit using high-grade Rayon, perfect for casual or semi-formal outings."
PRD1308,Manyavar Unisex's Red Oversized Henley Collar Tee,t-shirts,Henley Collar Tee,Unisex,Red,S,Oversized,Polyester,Manyavar,949,4.2,All-Season,"Crafted from premium Polyester, this Manyavar Red henley collar tee offers exceptional comfort and durability for All-Season wardrobe styling. Features a sleek Oversized design."
PRD1309,Puma Unisex's Pink Slim Fit V-Neck Casual T-Shirt,t-shirts,V-Neck Casual T-Shirt,Unisex,Pink,L,Slim Fit,Rayon,Puma,1099,3.7,Summer,"Top-rated Puma v-neck casual t-shirt featuring premium Pink Rayon. Tailored to a comfortable Slim Fit, ideal for everyday wear during Summer."
PRD1310,HRX Unisex's Olive Slim Fit Oversized Cotton Tee,t-shirts,Oversized Cotton Tee,Unisex,Olive,S,Slim Fit,Polyester,HRX,1699,3.6,Summer,"Essential HRX Unisex's oversized cotton tee tailored with a modern Slim Fit. Made of soft, breathable Polyester in rich Olive. Ideal choice for Summer."
PRD1311,Allen Solly Men's Brown Regular Fit Crewneck Graphic Tee,t-shirts,Crewneck Graphic Tee,Men,Brown,XXL,Regular Fit,Rayon,Allen Solly,2049,4.1,All-Season,Stay fashion-forward with this versatile Brown crewneck graphic tee from Allen Solly. Includes a refined Regular Fit profile and high quality Rayon fabric.
PRD1312,H&M Unisex's Pink Slim Fit Henley Collar Tee,t-shirts,Henley Collar Tee,Unisex,Pink,L,Slim Fit,Polyester,H&M,649,4.3,Summer,"Elevate your look with this stylish Pink henley collar tee by H&M. Designed in a comfortable Slim Fit using high-grade Polyester, perfect for casual or semi-formal outings."
PRD1313,Roadster Women's Grey Oversized Henley Collar Tee,t-shirts,Henley Collar Tee,Women,Grey,L,Oversized,Rayon,Roadster,1899,4.2,Summer,"Elevate your look with this stylish Grey henley collar tee by Roadster. Designed in a comfortable Oversized using high-grade Rayon, perfect for casual or semi-formal outings."
PRD1314,Zara Men's Grey Slim Fit Polo Collar T-Shirt,t-shirts,Polo Collar T-Shirt,Men,Grey,L,Slim Fit,Polyester,Zara,1849,4.6,Summer,"Elevate your look with this stylish Grey polo collar t-shirt by Zara. Designed in a comfortable Slim Fit using high-grade Polyester, perfect for casual or semi-formal outings."
PRD1315,Nike Unisex's White Oversized Crewneck Graphic Tee,t-shirts,Crewneck Graphic Tee,Unisex,White,XL,Oversized,Cotton,Nike,1199,4.3,Summer,"Essential Nike Unisex's crewneck graphic tee tailored with a modern Oversized. Made of soft, breathable Cotton in rich White. Ideal choice for Summer."
PRD1316,FabIndia Men's Maroon Regular Fit Oversized Cotton Tee,t-shirts,Oversized Cotton Tee,Men,Maroon,S,Regular Fit,Rayon,FabIndia,1149,4.7,Summer,"Essential FabIndia Men's oversized cotton tee tailored with a modern Regular Fit. Made of soft, breathable Rayon in rich Maroon. Ideal choice for Summer."
PRD1317,Manyavar Women's Maroon Oversized Crewneck Graphic Tee,t-shirts,Crewneck Graphic Tee,Women,Maroon,XL,Oversized,Rayon,Manyavar,1399,4.3,Summer,"Crafted from premium Rayon, this Manyavar Maroon crewneck graphic tee offers exceptional comfort and durability for Summer wardrobe styling. Features a sleek Oversized design."
PRD1318,Mango Men's Navy Slim Fit Henley Collar Tee,t-shirts,Henley Collar Tee,Men,Navy,XXL,Slim Fit,Polyester,Mango,1849,4.6,Summer,"Elevate your look with this stylish Navy henley collar tee by Mango. Designed in a comfortable Slim Fit using high-grade Polyester, perfect for casual or semi-formal outings."
PRD1319,Manyavar Men's Purple Slim Fit Crewneck Graphic Tee,t-shirts,Crewneck Graphic Tee,Men,Purple,XL,Slim Fit,Cotton,Manyavar,1199,4.1,Summer,"Elevate your look with this stylish Purple crewneck graphic tee by Manyavar. Designed in a comfortable Slim Fit using high-grade Cotton, perfect for casual or semi-formal outings."
PRD1320,FabIndia Unisex's Brown Oversized Crewneck Graphic Tee,t-shirts,Crewneck Graphic Tee,Unisex,Brown,M,Oversized,Rayon,FabIndia,1149,3.9,All-Season,"Essential FabIndia Unisex's crewneck graphic tee tailored with a modern Oversized. Made of soft, breathable Rayon in rich Brown. Ideal choice for All-Season."
PRD1321,Adidas Unisex's Navy Slim Fit Crewneck Graphic Tee,t-shirts,Crewneck Graphic Tee,Unisex,Navy,M,Slim Fit,Rayon,Adidas,949,4.7,Summer,"Crafted from premium Rayon, this Adidas Navy crewneck graphic tee offers exceptional comfort and durability for Summer wardrobe styling. Features a sleek Slim Fit design."
PRD1322,Biba Women's Purple Regular Fit Crewneck Graphic Tee,t-shirts,Crewneck Graphic Tee,Women,Purple,S,Regular Fit,Polyester,Biba,1599,4.2,All-Season,"Essential Biba Women's crewneck graphic tee tailored with a modern Regular Fit. Made of soft, breathable Polyester in rich Purple. Ideal choice for All-Season."
PRD1323,Allen Solly Unisex's Brown Regular Fit Oversized Cotton Tee,t-shirts,Oversized Cotton Tee,Unisex,Brown,XL,Regular Fit,Rayon,Allen Solly,1249,4.4,Summer,Stay fashion-forward with this versatile Brown oversized cotton tee from Allen Solly. Includes a refined Regular Fit profile and high quality Rayon fabric.
PRD1324,Allen Solly Men's White Slim Fit Henley Collar Tee,t-shirts,Henley Collar Tee,Men,White,M,Slim Fit,Polyester,Allen Solly,1599,4.0,Summer,"Crafted from premium Polyester, this Allen Solly White henley collar tee offers exceptional comfort and durability for Summer wardrobe styling. Features a sleek Slim Fit design."
PRD1325,Tommy Hilfiger Unisex's Grey Oversized Crewneck Graphic Tee,t-shirts,Crewneck Graphic Tee,Unisex,Grey,S,Oversized,Rayon,Tommy Hilfiger,899,4.3,All-Season,"Elevate your look with this stylish Grey crewneck graphic tee by Tommy Hilfiger. Designed in a comfortable Oversized using high-grade Rayon, perfect for casual or semi-formal outings."
PRD1326,HRX Men's White Oversized V-Neck Casual T-Shirt,t-shirts,V-Neck Casual T-Shirt,Men,White,S,Oversized,Polyester,HRX,949,4.8,Summer,"Top-rated HRX v-neck casual t-shirt featuring premium White Polyester. Tailored to a comfortable Oversized, ideal for everyday wear during Summer."
PRD1327,HRX Women's Maroon Slim Fit Oversized Cotton Tee,t-shirts,Oversized Cotton Tee,Women,Maroon,XXL,Slim Fit,Rayon,HRX,749,4.5,Summer,Stay fashion-forward with this versatile Maroon oversized cotton tee from HRX. Includes a refined Slim Fit profile and high quality Rayon fabric.
PRD1328,H&M Unisex's Black Regular Fit Henley Collar Tee,t-shirts,Henley Collar Tee,Unisex,Black,M,Regular Fit,Rayon,H&M,1049,3.9,Summer,"Essential H&M Unisex's henley collar tee tailored with a modern Regular Fit. Made of soft, breathable Rayon in rich Black. Ideal choice for Summer."
PRD1329,Biba Women's Beige Regular Fit Oversized Cotton Tee,t-shirts,Oversized Cotton Tee,Women,Beige,M,Regular Fit,Cotton,Biba,749,4.7,Summer,"Top-rated Biba oversized cotton tee featuring premium Beige Cotton. Tailored to a comfortable Regular Fit, ideal for everyday wear during Summer."
PRD1330,Nike Men's White Regular Fit Polo Collar T-Shirt,t-shirts,Polo Collar T-Shirt,Men,White,XL,Regular Fit,Polyester,Nike,699,4.3,All-Season,"Elevate your look with this stylish White polo collar t-shirt by Nike. Designed in a comfortable Regular Fit using high-grade Polyester, perfect for casual or semi-formal outings."
PRD1331,Jack & Jones Women's Green Slim Fit Oversized Cotton Tee,t-shirts,Oversized Cotton Tee,Women,Green,L,Slim Fit,Cotton,Jack & Jones,1899,4.5,Summer,"Crafted from premium Cotton, this Jack & Jones Green oversized cotton tee offers exceptional comfort and durability for Summer wardrobe styling. Features a sleek Slim Fit design."
PRD1332,Allen Solly Men's Blue Oversized Oversized Cotton Tee,t-shirts,Oversized Cotton Tee,Men,Blue,XL,Oversized,Cotton,Allen Solly,1549,3.6,All-Season,"Essential Allen Solly Men's oversized cotton tee tailored with a modern Oversized. Made of soft, breathable Cotton in rich Blue. Ideal choice for All-Season."
PRD1333,Adidas Men's Grey Regular Fit Polo Collar T-Shirt,t-shirts,Polo Collar T-Shirt,Men,Grey,S,Regular Fit,Rayon,Adidas,1399,3.7,Summer,"Elevate your look with this stylish Grey polo collar t-shirt by Adidas. Designed in a comfortable Regular Fit using high-grade Rayon, perfect for casual or semi-formal outings."
PRD1334,Nike Men's Purple Slim Fit Crewneck Graphic Tee,t-shirts,Crewneck Graphic Tee,Men,Purple,XL,Slim Fit,Cotton,Nike,1249,4.5,Summer,"Crafted from premium Cotton, this Nike Purple crewneck graphic tee offers exceptional comfort and durability for Summer wardrobe styling. Features a sleek Slim Fit design."
PRD1335,Under Armour Women's Purple Slim Fit Henley Collar Tee,t-shirts,Henley Collar Tee,Women,Purple,M,Slim Fit,Cotton,Under Armour,1799,4.2,Summer,"Elevate your look with this stylish Purple henley collar tee by Under Armour. Designed in a comfortable Slim Fit using high-grade Cotton, perfect for casual or semi-formal outings."
PRD1336,H&M Men's Black Regular Fit Oversized Cotton Tee,t-shirts,Oversized Cotton Tee,Men,Black,XXL,Regular Fit,Cotton,H&M,1349,4.7,Summer,Stay fashion-forward with this versatile Black oversized cotton tee from H&M. Includes a refined Regular Fit profile and high quality Cotton fabric.
PRD1337,Mango Women's Olive Regular Fit Crewneck Graphic Tee,t-shirts,Crewneck Graphic Tee,Women,Olive,M,Regular Fit,Cotton,Mango,849,3.9,All-Season,Stay fashion-forward with this versatile Olive crewneck graphic tee from Mango. Includes a refined Regular Fit profile and high quality Cotton fabric.
PRD1338,Roadster Unisex's Pink Oversized Crewneck Graphic Tee,t-shirts,Crewneck Graphic Tee,Unisex,Pink,XL,Oversized,Cotton,Roadster,1299,4.8,All-Season,Stay fashion-forward with this versatile Pink crewneck graphic tee from Roadster. Includes a refined Oversized profile and high quality Cotton fabric.
PRD1339,Zara Women's Grey Slim Fit Crewneck Graphic Tee,t-shirts,Crewneck Graphic Tee,Women,Grey,XXL,Slim Fit,Polyester,Zara,999,4.4,Summer,"Top-rated Zara crewneck graphic tee featuring premium Grey Polyester. Tailored to a comfortable Slim Fit, ideal for everyday wear during Summer."
PRD1340,Levi's Unisex's Navy Regular Fit V-Neck Casual T-Shirt,t-shirts,V-Neck Casual T-Shirt,Unisex,Navy,L,Regular Fit,Rayon,Levi's,1649,4.3,All-Season,Stay fashion-forward with this versatile Navy v-neck casual t-shirt from Levi's. Includes a refined Regular Fit profile and high quality Rayon fabric.
PRD1341,Adidas Men's Navy Oversized Polo Collar T-Shirt,t-shirts,Polo Collar T-Shirt,Men,Navy,L,Oversized,Cotton,Adidas,599,4.7,Summer,Stay fashion-forward with this versatile Navy polo collar t-shirt from Adidas. Includes a refined Oversized profile and high quality Cotton fabric.
PRD1342,Manyavar Unisex's Red Slim Fit Oversized Cotton Tee,t-shirts,Oversized Cotton Tee,Unisex,Red,M,Slim Fit,Cotton,Manyavar,999,4.3,Summer,"Crafted from premium Cotton, this Manyavar Red oversized cotton tee offers exceptional comfort and durability for Summer wardrobe styling. Features a sleek Slim Fit design."
PRD1343,Puma Women's Navy Slim Fit Henley Collar Tee,t-shirts,Henley Collar Tee,Women,Navy,XXL,Slim Fit,Cotton,Puma,1149,4.7,Summer,"Essential Puma Women's henley collar tee tailored with a modern Slim Fit. Made of soft, breathable Cotton in rich Navy. Ideal choice for Summer."
PRD1344,Under Armour Unisex's Maroon Regular Fit Crewneck Graphic Tee,t-shirts,Crewneck Graphic Tee,Unisex,Maroon,XXL,Regular Fit,Rayon,Under Armour,849,4.8,Summer,Stay fashion-forward with this versatile Maroon crewneck graphic tee from Under Armour. Includes a refined Regular Fit profile and high quality Rayon fabric.
PRD1345,Aurelia Men's Beige Slim Fit Oversized Cotton Tee,t-shirts,Oversized Cotton Tee,Men,Beige,M,Slim Fit,Cotton,Aurelia,1699,3.8,Summer,"Top-rated Aurelia oversized cotton tee featuring premium Beige Cotton. Tailored to a comfortable Slim Fit, ideal for everyday wear during Summer."
PRD1346,Mango Women's Pink Slim Fit Crewneck Graphic Tee,t-shirts,Crewneck Graphic Tee,Women,Pink,M,Slim Fit,Cotton,Mango,1149,3.6,All-Season,"Elevate your look with this stylish Pink crewneck graphic tee by Mango. Designed in a comfortable Slim Fit using high-grade Cotton, perfect for casual or semi-formal outings."
PRD1347,Under Armour Men's Purple Oversized Polo Collar T-Shirt,t-shirts,Polo Collar T-Shirt,Men,Purple,L,Oversized,Polyester,Under Armour,1899,4.9,Summer,Stay fashion-forward with this versatile Purple polo collar t-shirt from Under Armour. Includes a refined Oversized profile and high quality Polyester fabric.
PRD1348,Under Armour Women's Green Regular Fit Crewneck Graphic Tee,t-shirts,Crewneck Graphic Tee,Women,Green,XL,Regular Fit,Cotton,Under Armour,1799,4.9,Summer,"Essential Under Armour Women's crewneck graphic tee tailored with a modern Regular Fit. Made of soft, breathable Cotton in rich Green. Ideal choice for Summer."
PRD1349,FabIndia Unisex's Pink Regular Fit Henley Collar Tee,t-shirts,Henley Collar Tee,Unisex,Pink,XL,Regular Fit,Cotton,FabIndia,1099,4.6,Summer,"Essential FabIndia Unisex's henley collar tee tailored with a modern Regular Fit. Made of soft, breathable Cotton in rich Pink. Ideal choice for Summer."
PRD1350,Roadster Unisex's Black Oversized Polo Collar T-Shirt,t-shirts,Polo Collar T-Shirt,Unisex,Black,XXL,Oversized,Rayon,Roadster,549,3.8,All-Season,"Essential Roadster Unisex's polo collar t-shirt tailored with a modern Oversized. Made of soft, breathable Rayon in rich Black. Ideal choice for All-Season."
PRD1351,Puma Men's Beige Slim Fit Henley Collar Tee,t-shirts,Henley Collar Tee,Men,Beige,M,Slim Fit,Polyester,Puma,1199,5.0,Summer,"Elevate your look with this stylish Beige henley collar tee by Puma. Designed in a comfortable Slim Fit using high-grade Polyester, perfect for casual or semi-formal outings."
PRD1352,H&M Women's Black Regular Fit Oversized Cotton Tee,t-shirts,Oversized Cotton Tee,Women,Black,S,Regular Fit,Cotton,H&M,1199,3.9,Summer,"Crafted from premium Cotton, this H&M Black oversized cotton tee offers exceptional comfort and durability for Summer wardrobe styling. Features a sleek Regular Fit design."
PRD1353,Levi's Women's Beige Oversized Crewneck Graphic Tee,t-shirts,Crewneck Graphic Tee,Women,Beige,XL,Oversized,Polyester,Levi's,1499,4.8,Summer,"Essential Levi's Women's crewneck graphic tee tailored with a modern Oversized. Made of soft, breathable Polyester in rich Beige. Ideal choice for Summer."
PRD1354,Aurelia Men's Purple Regular Fit V-Neck Casual T-Shirt,t-shirts,V-Neck Casual T-Shirt,Men,Purple,M,Regular Fit,Rayon,Aurelia,1399,3.6,Summer,"Crafted from premium Rayon, this Aurelia Purple v-neck casual t-shirt offers exceptional comfort and durability for Summer wardrobe styling. Features a sleek Regular Fit design."
PRD1355,US Polo Assn Women's Green Slim Fit Crewneck Graphic Tee,t-shirts,Crewneck Graphic Tee,Women,Green,M,Slim Fit,Cotton,US Polo Assn,1249,3.7,All-Season,"Crafted from premium Cotton, this US Polo Assn Green crewneck graphic tee offers exceptional comfort and durability for All-Season wardrobe styling. Features a sleek Slim Fit design."
PRD1356,Aurelia Women's Pink Oversized Crewneck Graphic Tee,t-shirts,Crewneck Graphic Tee,Women,Pink,XL,Oversized,Polyester,Aurelia,1799,3.7,Summer,Stay fashion-forward with this versatile Pink crewneck graphic tee from Aurelia. Includes a refined Oversized profile and high quality Polyester fabric.
PRD1357,FabIndia Men's Navy Slim Fit Crewneck Graphic Tee,t-shirts,Crewneck Graphic Tee,Men,Navy,XXL,Slim Fit,Cotton,FabIndia,1949,4.9,All-Season,"Top-rated FabIndia crewneck graphic tee featuring premium Navy Cotton. Tailored to a comfortable Slim Fit, ideal for everyday wear during All-Season."
PRD1358,Adidas Women's Red Slim Fit Oversized Cotton Tee,t-shirts,Oversized Cotton Tee,Women,Red,XXL,Slim Fit,Cotton,Adidas,1599,4.8,All-Season,"Elevate your look with this stylish Red oversized cotton tee by Adidas. Designed in a comfortable Slim Fit using high-grade Cotton, perfect for casual or semi-formal outings."
PRD1359,Zara Men's Grey Slim Fit Oversized Cotton Tee,t-shirts,Oversized Cotton Tee,Men,Grey,M,Slim Fit,Polyester,Zara,649,3.5,All-Season,"Elevate your look with this stylish Grey oversized cotton tee by Zara. Designed in a comfortable Slim Fit using high-grade Polyester, perfect for casual or semi-formal outings."
PRD1360,US Polo Assn Women's Purple Slim Fit Crewneck Graphic Tee,t-shirts,Crewneck Graphic Tee,Women,Purple,XL,Slim Fit,Polyester,US Polo Assn,1499,4.8,All-Season,"Essential US Polo Assn Women's crewneck graphic tee tailored with a modern Slim Fit. Made of soft, breathable Polyester in rich Purple. Ideal choice for All-Season."
PRD1361,H&M Women's White Regular Fit Henley Collar Tee,t-shirts,Henley Collar Tee,Women,White,M,Regular Fit,Polyester,H&M,1399,3.6,All-Season,Stay fashion-forward with this versatile White henley collar tee from H&M. Includes a refined Regular Fit profile and high quality Polyester fabric.
PRD1362,Jack & Jones Men's Purple Regular Fit Oversized Cotton Tee,t-shirts,Oversized Cotton Tee,Men,Purple,M,Regular Fit,Rayon,Jack & Jones,1999,4.5,Summer,"Crafted from premium Rayon, this Jack & Jones Purple oversized cotton tee offers exceptional comfort and durability for Summer wardrobe styling. Features a sleek Regular Fit design."
PRD1363,H&M Unisex's Grey Oversized Oversized Cotton Tee,t-shirts,Oversized Cotton Tee,Unisex,Grey,XL,Oversized,Cotton,H&M,1549,4.1,Summer,"Top-rated H&M oversized cotton tee featuring premium Grey Cotton. Tailored to a comfortable Oversized, ideal for everyday wear during Summer."
PRD1364,Mango Men's Beige Regular Fit Henley Collar Tee,t-shirts,Henley Collar Tee,Men,Beige,S,Regular Fit,Cotton,Mango,1499,4.4,All-Season,"Top-rated Mango henley collar tee featuring premium Beige Cotton. Tailored to a comfortable Regular Fit, ideal for everyday wear during All-Season."
PRD1365,Under Armour Men's Blue Regular Fit Henley Collar Tee,t-shirts,Henley Collar Tee,Men,Blue,M,Regular Fit,Cotton,Under Armour,849,3.7,Summer,Stay fashion-forward with this versatile Blue henley collar tee from Under Armour. Includes a refined Regular Fit profile and high quality Cotton fabric.
PRD1366,H&M Men's Purple Oversized V-Neck Casual T-Shirt,t-shirts,V-Neck Casual T-Shirt,Men,Purple,L,Oversized,Cotton,H&M,1949,4.9,All-Season,"Crafted from premium Cotton, this H&M Purple v-neck casual t-shirt offers exceptional comfort and durability for All-Season wardrobe styling. Features a sleek Oversized design."
PRD1367,H&M Unisex's Grey Oversized V-Neck Casual T-Shirt,t-shirts,V-Neck Casual T-Shirt,Unisex,Grey,XXL,Oversized,Polyester,H&M,1399,4.9,All-Season,"Crafted from premium Polyester, this H&M Grey v-neck casual t-shirt offers exceptional comfort and durability for All-Season wardrobe styling. Features a sleek Oversized design."
PRD1368,Under Armour Women's Blue Regular Fit Henley Collar Tee,t-shirts,Henley Collar Tee,Women,Blue,XXL,Regular Fit,Cotton,Under Armour,1699,4.4,Summer,"Crafted from premium Cotton, this Under Armour Blue henley collar tee offers exceptional comfort and durability for Summer wardrobe styling. Features a sleek Regular Fit design."
PRD1369,Nike Men's Brown Regular Fit Henley Collar Tee,t-shirts,Henley Collar Tee,Men,Brown,XL,Regular Fit,Rayon,Nike,999,4.1,All-Season,Stay fashion-forward with this versatile Brown henley collar tee from Nike. Includes a refined Regular Fit profile and high quality Rayon fabric.
PRD1370,Under Armour Women's Black Slim Fit Henley Collar Tee,t-shirts,Henley Collar Tee,Women,Black,M,Slim Fit,Polyester,Under Armour,1749,4.4,All-Season,Stay fashion-forward with this versatile Black henley collar tee from Under Armour. Includes a refined Slim Fit profile and high quality Polyester fabric.
PRD1371,Zara Women's Maroon Slim Fit V-Neck Casual T-Shirt,t-shirts,V-Neck Casual T-Shirt,Women,Maroon,L,Slim Fit,Cotton,Zara,1249,3.5,All-Season,"Essential Zara Women's v-neck casual t-shirt tailored with a modern Slim Fit. Made of soft, breathable Cotton in rich Maroon. Ideal choice for All-Season."
PRD1372,US Polo Assn Women's Purple Oversized Oversized Cotton Tee,t-shirts,Oversized Cotton Tee,Women,Purple,M,Oversized,Rayon,US Polo Assn,749,4.0,Summer,Stay fashion-forward with this versatile Purple oversized cotton tee from US Polo Assn. Includes a refined Oversized profile and high quality Rayon fabric.
PRD1373,Tommy Hilfiger Unisex's Grey Oversized Oversized Cotton Tee,t-shirts,Oversized Cotton Tee,Unisex,Grey,M,Oversized,Rayon,Tommy Hilfiger,1399,3.8,Summer,Stay fashion-forward with this versatile Grey oversized cotton tee from Tommy Hilfiger. Includes a refined Oversized profile and high quality Rayon fabric.
PRD1374,Mango Women's Purple Slim Fit Henley Collar Tee,t-shirts,Henley Collar Tee,Women,Purple,S,Slim Fit,Rayon,Mango,1099,4.6,Summer,Stay fashion-forward with this versatile Purple henley collar tee from Mango. Includes a refined Slim Fit profile and high quality Rayon fabric.
PRD1375,Roadster Unisex's Black Slim Fit Henley Collar Tee,t-shirts,Henley Collar Tee,Unisex,Black,S,Slim Fit,Cotton,Roadster,999,3.5,Summer,"Crafted from premium Cotton, this Roadster Black henley collar tee offers exceptional comfort and durability for Summer wardrobe styling. Features a sleek Slim Fit design."
PRD1376,W Women's Navy Regular Fit Polo Collar T-Shirt,t-shirts,Polo Collar T-Shirt,Women,Navy,S,Regular Fit,Rayon,W,1849,3.5,All-Season,"Essential W Women's polo collar t-shirt tailored with a modern Regular Fit. Made of soft, breathable Rayon in rich Navy. Ideal choice for All-Season."
PRD1377,Mango Women's White Regular Fit Henley Collar Tee,t-shirts,Henley Collar Tee,Women,White,L,Regular Fit,Rayon,Mango,799,4.8,All-Season,"Essential Mango Women's henley collar tee tailored with a modern Regular Fit. Made of soft, breathable Rayon in rich White. Ideal choice for All-Season."
PRD1378,H&M Men's Grey Slim Fit Oversized Cotton Tee,t-shirts,Oversized Cotton Tee,Men,Grey,M,Slim Fit,Cotton,H&M,1799,3.8,Summer,"Elevate your look with this stylish Grey oversized cotton tee by H&M. Designed in a comfortable Slim Fit using high-grade Cotton, perfect for casual or semi-formal outings."
PRD1379,Adidas Unisex's Black Oversized V-Neck Casual T-Shirt,t-shirts,V-Neck Casual T-Shirt,Unisex,Black,M,Oversized,Cotton,Adidas,1799,3.8,All-Season,"Crafted from premium Cotton, this Adidas Black v-neck casual t-shirt offers exceptional comfort and durability for All-Season wardrobe styling. Features a sleek Oversized design."
PRD1380,Puma Unisex's Brown Regular Fit Oversized Cotton Tee,t-shirts,Oversized Cotton Tee,Unisex,Brown,XL,Regular Fit,Rayon,Puma,1249,4.8,All-Season,Stay fashion-forward with this versatile Brown oversized cotton tee from Puma. Includes a refined Regular Fit profile and high quality Rayon fabric.
PRD1381,Adidas Women's Green Oversized Polo Collar T-Shirt,t-shirts,Polo Collar T-Shirt,Women,Green,XXL,Oversized,Rayon,Adidas,699,3.5,All-Season,"Essential Adidas Women's polo collar t-shirt tailored with a modern Oversized. Made of soft, breathable Rayon in rich Green. Ideal choice for All-Season."
PRD1382,Aurelia Unisex's Green Regular Fit Henley Collar Tee,t-shirts,Henley Collar Tee,Unisex,Green,XL,Regular Fit,Rayon,Aurelia,599,4.0,Summer,"Essential Aurelia Unisex's henley collar tee tailored with a modern Regular Fit. Made of soft, breathable Rayon in rich Green. Ideal choice for Summer."
PRD1383,Tommy Hilfiger Women's Olive Oversized Oversized Cotton Tee,t-shirts,Oversized Cotton Tee,Women,Olive,M,Oversized,Rayon,Tommy Hilfiger,799,4.3,All-Season,"Elevate your look with this stylish Olive oversized cotton tee by Tommy Hilfiger. Designed in a comfortable Oversized using high-grade Rayon, perfect for casual or semi-formal outings."
PRD1384,Zara Women's Olive Regular Fit Henley Collar Tee,t-shirts,Henley Collar Tee,Women,Olive,S,Regular Fit,Rayon,Zara,1799,4.2,Summer,"Essential Zara Women's henley collar tee tailored with a modern Regular Fit. Made of soft, breathable Rayon in rich Olive. Ideal choice for Summer."
PRD1385,Adidas Women's Grey Oversized V-Neck Casual T-Shirt,t-shirts,V-Neck Casual T-Shirt,Women,Grey,L,Oversized,Cotton,Adidas,1949,4.6,Summer,"Top-rated Adidas v-neck casual t-shirt featuring premium Grey Cotton. Tailored to a comfortable Oversized, ideal for everyday wear during Summer."
PRD1386,Mango Unisex's Green Slim Fit Oversized Cotton Tee,t-shirts,Oversized Cotton Tee,Unisex,Green,L,Slim Fit,Rayon,Mango,649,4.2,Summer,"Essential Mango Unisex's oversized cotton tee tailored with a modern Slim Fit. Made of soft, breathable Rayon in rich Green. Ideal choice for Summer."
PRD1387,Aurelia Unisex's Navy Oversized Polo Collar T-Shirt,t-shirts,Polo Collar T-Shirt,Unisex,Navy,L,Oversized,Cotton,Aurelia,949,4.6,Summer,"Essential Aurelia Unisex's polo collar t-shirt tailored with a modern Oversized. Made of soft, breathable Cotton in rich Navy. Ideal choice for Summer."
PRD1388,HRX Women's Green Oversized Oversized Cotton Tee,t-shirts,Oversized Cotton Tee,Women,Green,S,Oversized,Polyester,HRX,1449,3.6,All-Season,"Top-rated HRX oversized cotton tee featuring premium Green Polyester. Tailored to a comfortable Oversized, ideal for everyday wear during All-Season."
PRD1389,Under Armour Men's Beige Slim Fit Henley Collar Tee,t-shirts,Henley Collar Tee,Men,Beige,XL,Slim Fit,Rayon,Under Armour,1549,3.9,Summer,"Crafted from premium Rayon, this Under Armour Beige henley collar tee offers exceptional comfort and durability for Summer wardrobe styling. Features a sleek Slim Fit design."
PRD1390,Roadster Men's Navy Regular Fit Polo Collar T-Shirt,t-shirts,Polo Collar T-Shirt,Men,Navy,M,Regular Fit,Rayon,Roadster,1099,4.8,All-Season,"Elevate your look with this stylish Navy polo collar t-shirt by Roadster. Designed in a comfortable Regular Fit using high-grade Rayon, perfect for casual or semi-formal outings."
PRD1391,H&M Women's Olive Slim Fit V-Neck Casual T-Shirt,t-shirts,V-Neck Casual T-Shirt,Women,Olive,S,Slim Fit,Polyester,H&M,1399,3.9,Summer,"Elevate your look with this stylish Olive v-neck casual t-shirt by H&M. Designed in a comfortable Slim Fit using high-grade Polyester, perfect for casual or semi-formal outings."
PRD1392,Under Armour Women's Brown Slim Fit Polo Collar T-Shirt,t-shirts,Polo Collar T-Shirt,Women,Brown,XL,Slim Fit,Cotton,Under Armour,1299,4.1,All-Season,Stay fashion-forward with this versatile Brown polo collar t-shirt from Under Armour. Includes a refined Slim Fit profile and high quality Cotton fabric.
PRD1393,Biba Men's Yellow Slim Fit Crewneck Graphic Tee,t-shirts,Crewneck Graphic Tee,Men,Yellow,S,Slim Fit,Rayon,Biba,1149,4.6,All-Season,"Top-rated Biba crewneck graphic tee featuring premium Yellow Rayon. Tailored to a comfortable Slim Fit, ideal for everyday wear during All-Season."
PRD1394,Allen Solly Unisex's Black Oversized Crewneck Graphic Tee,t-shirts,Crewneck Graphic Tee,Unisex,Black,M,Oversized,Rayon,Allen Solly,1899,4.8,Summer,"Essential Allen Solly Unisex's crewneck graphic tee tailored with a modern Oversized. Made of soft, breathable Rayon in rich Black. Ideal choice for Summer."
PRD1395,Roadster Women's Yellow Oversized Crewneck Graphic Tee,t-shirts,Crewneck Graphic Tee,Women,Yellow,S,Oversized,Polyester,Roadster,549,3.9,Summer,"Essential Roadster Women's crewneck graphic tee tailored with a modern Oversized. Made of soft, breathable Polyester in rich Yellow. Ideal choice for Summer."
PRD1396,Jack & Jones Unisex's Yellow Regular Fit Henley Collar Tee,t-shirts,Henley Collar Tee,Unisex,Yellow,L,Regular Fit,Polyester,Jack & Jones,1499,4.0,Summer,"Elevate your look with this stylish Yellow henley collar tee by Jack & Jones. Designed in a comfortable Regular Fit using high-grade Polyester, perfect for casual or semi-formal outings."
PRD1397,FabIndia Men's Red Slim Fit V-Neck Casual T-Shirt,t-shirts,V-Neck Casual T-Shirt,Men,Red,M,Slim Fit,Rayon,FabIndia,1999,3.5,Summer,"Top-rated FabIndia v-neck casual t-shirt featuring premium Red Rayon. Tailored to a comfortable Slim Fit, ideal for everyday wear during Summer."
PRD1398,FabIndia Women's Maroon Oversized Crewneck Graphic Tee,t-shirts,Crewneck Graphic Tee,Women,Maroon,L,Oversized,Cotton,FabIndia,2049,4.3,All-Season,"Crafted from premium Cotton, this FabIndia Maroon crewneck graphic tee offers exceptional comfort and durability for All-Season wardrobe styling. Features a sleek Oversized design."
PRD1399,Zara Unisex's Purple Slim Fit Crewneck Graphic Tee,t-shirts,Crewneck Graphic Tee,Unisex,Purple,XL,Slim Fit,Cotton,Zara,1399,4.1,Summer,"Top-rated Zara crewneck graphic tee featuring premium Purple Cotton. Tailored to a comfortable Slim Fit, ideal for everyday wear during Summer."
PRD1400,Adidas Unisex's White Slim Fit V-Neck Casual T-Shirt,t-shirts,V-Neck Casual T-Shirt,Unisex,White,L,Slim Fit,Rayon,Adidas,1349,4.5,Summer,"Top-rated Adidas v-neck casual t-shirt featuring premium White Rayon. Tailored to a comfortable Slim Fit, ideal for everyday wear during Summer."
PRD1401,Adidas Unisex's Maroon Slim Fit Henley Collar Tee,t-shirts,Henley Collar Tee,Unisex,Maroon,XXL,Slim Fit,Polyester,Adidas,1949,4.4,Summer,"Essential Adidas Unisex's henley collar tee tailored with a modern Slim Fit. Made of soft, breathable Polyester in rich Maroon. Ideal choice for Summer."
PRD1402,Nike Women's Red Oversized Crewneck Graphic Tee,t-shirts,Crewneck Graphic Tee,Women,Red,XXL,Oversized,Cotton,Nike,899,4.0,All-Season,Stay fashion-forward with this versatile Red crewneck graphic tee from Nike. Includes a refined Oversized profile and high quality Cotton fabric.
PRD1403,US Polo Assn Men's Yellow Regular Fit Polo Collar T-Shirt,t-shirts,Polo Collar T-Shirt,Men,Yellow,L,Regular Fit,Cotton,US Polo Assn,949,3.5,All-Season,"Crafted from premium Cotton, this US Polo Assn Yellow polo collar t-shirt offers exceptional comfort and durability for All-Season wardrobe styling. Features a sleek Regular Fit design."
PRD1404,Nike Unisex's Beige Slim Fit Henley Collar Tee,t-shirts,Henley Collar Tee,Unisex,Beige,S,Slim Fit,Cotton,Nike,999,4.5,Summer,Stay fashion-forward with this versatile Beige henley collar tee from Nike. Includes a refined Slim Fit profile and high quality Cotton fabric.
PRD1405,US Polo Assn Women's Black Slim Fit Oversized Cotton Tee,t-shirts,Oversized Cotton Tee,Women,Black,L,Slim Fit,Cotton,US Polo Assn,1199,4.7,Summer,"Essential US Polo Assn Women's oversized cotton tee tailored with a modern Slim Fit. Made of soft, breathable Cotton in rich Black. Ideal choice for Summer."
PRD1406,HRX Men's Purple Slim Fit Crewneck Graphic Tee,t-shirts,Crewneck Graphic Tee,Men,Purple,M,Slim Fit,Cotton,HRX,1149,4.0,Summer,Stay fashion-forward with this versatile Purple crewneck graphic tee from HRX. Includes a refined Slim Fit profile and high quality Cotton fabric.
PRD1407,Adidas Women's Purple Regular Fit Crewneck Graphic Tee,t-shirts,Crewneck Graphic Tee,Women,Purple,XL,Regular Fit,Cotton,Adidas,1299,4.9,Summer,"Essential Adidas Women's crewneck graphic tee tailored with a modern Regular Fit. Made of soft, breathable Cotton in rich Purple. Ideal choice for Summer."
PRD1408,Biba Women's Olive Slim Fit V-Neck Casual T-Shirt,t-shirts,V-Neck Casual T-Shirt,Women,Olive,S,Slim Fit,Cotton,Biba,799,3.7,Summer,"Top-rated Biba v-neck casual t-shirt featuring premium Olive Cotton. Tailored to a comfortable Slim Fit, ideal for everyday wear during Summer."
PRD1409,Mango Unisex's Beige Slim Fit Henley Collar Tee,t-shirts,Henley Collar Tee,Unisex,Beige,L,Slim Fit,Rayon,Mango,1749,3.5,All-Season,"Elevate your look with this stylish Beige henley collar tee by Mango. Designed in a comfortable Slim Fit using high-grade Rayon, perfect for casual or semi-formal outings."
PRD1410,Mango Men's Grey Regular Fit V-Neck Casual T-Shirt,t-shirts,V-Neck Casual T-Shirt,Men,Grey,L,Regular Fit,Cotton,Mango,1799,4.0,Summer,"Top-rated Mango v-neck casual t-shirt featuring premium Grey Cotton. Tailored to a comfortable Regular Fit, ideal for everyday wear during Summer."
PRD1411,Under Armour Men's Olive Regular Fit Henley Collar Tee,t-shirts,Henley Collar Tee,Men,Olive,XL,Regular Fit,Rayon,Under Armour,1849,4.6,Summer,Stay fashion-forward with this versatile Olive henley collar tee from Under Armour. Includes a refined Regular Fit profile and high quality Rayon fabric.
PRD1412,W Men's Purple Oversized V-Neck Casual T-Shirt,t-shirts,V-Neck Casual T-Shirt,Men,Purple,S,Oversized,Rayon,W,1799,4.9,Summer,"Top-rated W v-neck casual t-shirt featuring premium Purple Rayon. Tailored to a comfortable Oversized, ideal for everyday wear during Summer."
PRD1413,Mango Men's Blue Regular Fit V-Neck Casual T-Shirt,t-shirts,V-Neck Casual T-Shirt,Men,Blue,L,Regular Fit,Polyester,Mango,1049,3.6,Summer,"Elevate your look with this stylish Blue v-neck casual t-shirt by Mango. Designed in a comfortable Regular Fit using high-grade Polyester, perfect for casual or semi-formal outings."
PRD1414,Aurelia Women's Purple Slim Fit V-Neck Casual T-Shirt,t-shirts,V-Neck Casual T-Shirt,Women,Purple,XL,Slim Fit,Cotton,Aurelia,1649,4.2,All-Season,Stay fashion-forward with this versatile Purple v-neck casual t-shirt from Aurelia. Includes a refined Slim Fit profile and high quality Cotton fabric.
PRD1415,Jack & Jones Men's Beige Oversized Oversized Cotton Tee,t-shirts,Oversized Cotton Tee,Men,Beige,S,Oversized,Rayon,Jack & Jones,1299,4.1,Summer,"Top-rated Jack & Jones oversized cotton tee featuring premium Beige Rayon. Tailored to a comfortable Oversized, ideal for everyday wear during Summer."
PRD1416,Aurelia Men's Brown Oversized Crewneck Graphic Tee,t-shirts,Crewneck Graphic Tee,Men,Brown,XXL,Oversized,Rayon,Aurelia,1649,3.8,All-Season,Stay fashion-forward with this versatile Brown crewneck graphic tee from Aurelia. Includes a refined Oversized profile and high quality Rayon fabric.
PRD1417,Tommy Hilfiger Men's Purple Slim Fit Oversized Cotton Tee,t-shirts,Oversized Cotton Tee,Men,Purple,XXL,Slim Fit,Polyester,Tommy Hilfiger,2049,4.4,All-Season,Stay fashion-forward with this versatile Purple oversized cotton tee from Tommy Hilfiger. Includes a refined Slim Fit profile and high quality Polyester fabric.
PRD1418,W Men's Blue Oversized V-Neck Casual T-Shirt,t-shirts,V-Neck Casual T-Shirt,Men,Blue,L,Oversized,Cotton,W,1199,4.7,Summer,"Essential W Men's v-neck casual t-shirt tailored with a modern Oversized. Made of soft, breathable Cotton in rich Blue. Ideal choice for Summer."
PRD1419,Aurelia Women's Maroon Slim Fit Henley Collar Tee,t-shirts,Henley Collar Tee,Women,Maroon,XL,Slim Fit,Cotton,Aurelia,749,4.7,Summer,Stay fashion-forward with this versatile Maroon henley collar tee from Aurelia. Includes a refined Slim Fit profile and high quality Cotton fabric.
PRD1420,Nike Unisex's Red Slim Fit Oversized Cotton Tee,t-shirts,Oversized Cotton Tee,Unisex,Red,M,Slim Fit,Cotton,Nike,1399,4.7,All-Season,"Elevate your look with this stylish Red oversized cotton tee by Nike. Designed in a comfortable Slim Fit using high-grade Cotton, perfect for casual or semi-formal outings."
PRD1421,Tommy Hilfiger Women's Black Oversized Crewneck Graphic Tee,t-shirts,Crewneck Graphic Tee,Women,Black,XL,Oversized,Rayon,Tommy Hilfiger,1399,4.5,Summer,"Top-rated Tommy Hilfiger crewneck graphic tee featuring premium Black Rayon. Tailored to a comfortable Oversized, ideal for everyday wear during Summer."
PRD1422,Roadster Men's Yellow Oversized V-Neck Casual T-Shirt,t-shirts,V-Neck Casual T-Shirt,Men,Yellow,XXL,Oversized,Cotton,Roadster,1449,4.9,All-Season,"Elevate your look with this stylish Yellow v-neck casual t-shirt by Roadster. Designed in a comfortable Oversized using high-grade Cotton, perfect for casual or semi-formal outings."
PRD1423,Under Armour Unisex's Purple Slim Fit Polo Collar T-Shirt,t-shirts,Polo Collar T-Shirt,Unisex,Purple,XXL,Slim Fit,Cotton,Under Armour,1699,4.8,All-Season,"Top-rated Under Armour polo collar t-shirt featuring premium Purple Cotton. Tailored to a comfortable Slim Fit, ideal for everyday wear during All-Season."
PRD1424,Biba Unisex's Maroon Slim Fit V-Neck Casual T-Shirt,t-shirts,V-Neck Casual T-Shirt,Unisex,Maroon,L,Slim Fit,Polyester,Biba,1099,4.2,All-Season,"Elevate your look with this stylish Maroon v-neck casual t-shirt by Biba. Designed in a comfortable Slim Fit using high-grade Polyester, perfect for casual or semi-formal outings."
PRD1425,Roadster Unisex's Maroon Oversized V-Neck Casual T-Shirt,t-shirts,V-Neck Casual T-Shirt,Unisex,Maroon,XXL,Oversized,Rayon,Roadster,1099,4.6,All-Season,"Top-rated Roadster v-neck casual t-shirt featuring premium Maroon Rayon. Tailored to a comfortable Oversized, ideal for everyday wear during All-Season."
PRD1426,Allen Solly Men's Pink Oversized Polo Collar T-Shirt,t-shirts,Polo Collar T-Shirt,Men,Pink,M,Oversized,Polyester,Allen Solly,1949,4.5,All-Season,"Elevate your look with this stylish Pink polo collar t-shirt by Allen Solly. Designed in a comfortable Oversized using high-grade Polyester, perfect for casual or semi-formal outings."
PRD1427,Manyavar Unisex's Olive Regular Fit Henley Collar Tee,t-shirts,Henley Collar Tee,Unisex,Olive,L,Regular Fit,Rayon,Manyavar,1649,4.2,Summer,"Top-rated Manyavar henley collar tee featuring premium Olive Rayon. Tailored to a comfortable Regular Fit, ideal for everyday wear during Summer."
PRD1428,HRX Women's Purple Regular Fit Henley Collar Tee,t-shirts,Henley Collar Tee,Women,Purple,S,Regular Fit,Cotton,HRX,1249,3.7,Summer,"Crafted from premium Cotton, this HRX Purple henley collar tee offers exceptional comfort and durability for Summer wardrobe styling. Features a sleek Regular Fit design."
PRD1429,Allen Solly Men's Green Oversized Oversized Cotton Tee,t-shirts,Oversized Cotton Tee,Men,Green,S,Oversized,Polyester,Allen Solly,1899,4.7,Summer,"Elevate your look with this stylish Green oversized cotton tee by Allen Solly. Designed in a comfortable Oversized using high-grade Polyester, perfect for casual or semi-formal outings."
PRD1430,Aurelia Women's Purple Regular Fit Crewneck Graphic Tee,t-shirts,Crewneck Graphic Tee,Women,Purple,XXL,Regular Fit,Cotton,Aurelia,1249,3.9,Summer,"Essential Aurelia Women's crewneck graphic tee tailored with a modern Regular Fit. Made of soft, breathable Cotton in rich Purple. Ideal choice for Summer."
PRD1431,Zara Women's Grey Oversized V-Neck Casual T-Shirt,t-shirts,V-Neck Casual T-Shirt,Women,Grey,S,Oversized,Polyester,Zara,1999,3.9,Summer,"Top-rated Zara v-neck casual t-shirt featuring premium Grey Polyester. Tailored to a comfortable Oversized, ideal for everyday wear during Summer."
PRD1432,Jack & Jones Unisex's Maroon Oversized Polo Collar T-Shirt,t-shirts,Polo Collar T-Shirt,Unisex,Maroon,XXL,Oversized,Rayon,Jack & Jones,1599,4.6,All-Season,"Elevate your look with this stylish Maroon polo collar t-shirt by Jack & Jones. Designed in a comfortable Oversized using high-grade Rayon, perfect for casual or semi-formal outings."
PRD1433,Allen Solly Women's White Oversized Oversized Cotton Tee,t-shirts,Oversized Cotton Tee,Women,White,M,Oversized,Cotton,Allen Solly,1999,4.3,Summer,Stay fashion-forward with this versatile White oversized cotton tee from Allen Solly. Includes a refined Oversized profile and high quality Cotton fabric.
PRD1434,Zara Women's Yellow Regular Fit V-Neck Casual T-Shirt,t-shirts,V-Neck Casual T-Shirt,Women,Yellow,XXL,Regular Fit,Cotton,Zara,999,3.5,Summer,Stay fashion-forward with this versatile Yellow v-neck casual t-shirt from Zara. Includes a refined Regular Fit profile and high quality Cotton fabric.
PRD1435,Roadster Men's Navy Oversized Crewneck Graphic Tee,t-shirts,Crewneck Graphic Tee,Men,Navy,XL,Oversized,Cotton,Roadster,1649,4.3,All-Season,"Crafted from premium Cotton, this Roadster Navy crewneck graphic tee offers exceptional comfort and durability for All-Season wardrobe styling. Features a sleek Oversized design."
PRD1436,Tommy Hilfiger Men's White Oversized Henley Collar Tee,t-shirts,Henley Collar Tee,Men,White,XL,Oversized,Cotton,Tommy Hilfiger,1599,4.3,Summer,"Crafted from premium Cotton, this Tommy Hilfiger White henley collar tee offers exceptional comfort and durability for Summer wardrobe styling. Features a sleek Oversized design."
PRD1437,W Men's Olive Regular Fit Polo Collar T-Shirt,t-shirts,Polo Collar T-Shirt,Men,Olive,L,Regular Fit,Polyester,W,899,4.9,All-Season,"Top-rated W polo collar t-shirt featuring premium Olive Polyester. Tailored to a comfortable Regular Fit, ideal for everyday wear during All-Season."
PRD1438,Manyavar Unisex's Purple Oversized V-Neck Casual T-Shirt,t-shirts,V-Neck Casual T-Shirt,Unisex,Purple,L,Oversized,Cotton,Manyavar,1399,3.9,Summer,"Top-rated Manyavar v-neck casual t-shirt featuring premium Purple Cotton. Tailored to a comfortable Oversized, ideal for everyday wear during Summer."
PRD1439,Puma Unisex's Navy Regular Fit Crewneck Graphic Tee,t-shirts,Crewneck Graphic Tee,Unisex,Navy,L,Regular Fit,Cotton,Puma,1599,4.6,All-Season,"Crafted from premium Cotton, this Puma Navy crewneck graphic tee offers exceptional comfort and durability for All-Season wardrobe styling. Features a sleek Regular Fit design."
PRD1440,Manyavar Unisex's Brown Oversized Oversized Cotton Tee,t-shirts,Oversized Cotton Tee,Unisex,Brown,S,Oversized,Polyester,Manyavar,1099,4.8,All-Season,"Elevate your look with this stylish Brown oversized cotton tee by Manyavar. Designed in a comfortable Oversized using high-grade Polyester, perfect for casual or semi-formal outings."
PRD1441,Tommy Hilfiger Men's Blue Slim Fit Henley Collar Tee,t-shirts,Henley Collar Tee,Men,Blue,S,Slim Fit,Rayon,Tommy Hilfiger,899,4.5,Summer,"Elevate your look with this stylish Blue henley collar tee by Tommy Hilfiger. Designed in a comfortable Slim Fit using high-grade Rayon, perfect for casual or semi-formal outings."
PRD1442,HRX Men's Yellow Oversized Crewneck Graphic Tee,t-shirts,Crewneck Graphic Tee,Men,Yellow,S,Oversized,Rayon,HRX,1999,4.5,All-Season,"Crafted from premium Rayon, this HRX Yellow crewneck graphic tee offers exceptional comfort and durability for All-Season wardrobe styling. Features a sleek Oversized design."
PRD1443,Jack & Jones Men's Blue Slim Fit Oversized Cotton Tee,t-shirts,Oversized Cotton Tee,Men,Blue,L,Slim Fit,Cotton,Jack & Jones,1599,3.6,Summer,"Elevate your look with this stylish Blue oversized cotton tee by Jack & Jones. Designed in a comfortable Slim Fit using high-grade Cotton, perfect for casual or semi-formal outings."
PRD1444,Adidas Women's Beige Oversized V-Neck Casual T-Shirt,t-shirts,V-Neck Casual T-Shirt,Women,Beige,L,Oversized,Polyester,Adidas,499,4.1,All-Season,"Crafted from premium Polyester, this Adidas Beige v-neck casual t-shirt offers exceptional comfort and durability for All-Season wardrobe styling. Features a sleek Oversized design."
PRD1445,Aurelia Unisex's Maroon Oversized Crewneck Graphic Tee,t-shirts,Crewneck Graphic Tee,Unisex,Maroon,S,Oversized,Cotton,Aurelia,1199,4.9,Summer,"Crafted from premium Cotton, this Aurelia Maroon crewneck graphic tee offers exceptional comfort and durability for Summer wardrobe styling. Features a sleek Oversized design."
PRD1446,US Polo Assn Unisex's Blue Regular Fit Oversized Cotton Tee,t-shirts,Oversized Cotton Tee,Unisex,Blue,XL,Regular Fit,Polyester,US Polo Assn,1849,3.5,All-Season,"Elevate your look with this stylish Blue oversized cotton tee by US Polo Assn. Designed in a comfortable Regular Fit using high-grade Polyester, perfect for casual or semi-formal outings."
PRD1447,Aurelia Men's Maroon Regular Fit Polo Collar T-Shirt,t-shirts,Polo Collar T-Shirt,Men,Maroon,M,Regular Fit,Rayon,Aurelia,1099,4.5,All-Season,"Essential Aurelia Men's polo collar t-shirt tailored with a modern Regular Fit. Made of soft, breathable Rayon in rich Maroon. Ideal choice for All-Season."
PRD1448,Levi's Unisex's White Slim Fit Henley Collar Tee,t-shirts,Henley Collar Tee,Unisex,White,XXL,Slim Fit,Cotton,Levi's,1699,4.1,Summer,"Top-rated Levi's henley collar tee featuring premium White Cotton. Tailored to a comfortable Slim Fit, ideal for everyday wear during Summer."
PRD1449,H&M Men's Maroon Oversized Oversized Cotton Tee,t-shirts,Oversized Cotton Tee,Men,Maroon,M,Oversized,Rayon,H&M,1299,4.9,All-Season,"Top-rated H&M oversized cotton tee featuring premium Maroon Rayon. Tailored to a comfortable Oversized, ideal for everyday wear during All-Season."
PRD1450,Roadster Men's Red Oversized Polo Collar T-Shirt,t-shirts,Polo Collar T-Shirt,Men,Red,S,Oversized,Polyester,Roadster,849,4.5,Summer,"Top-rated Roadster polo collar t-shirt featuring premium Red Polyester. Tailored to a comfortable Oversized, ideal for everyday wear during Summer."
PRD1451,Zara Women's Olive Oversized Henley Collar Tee,t-shirts,Henley Collar Tee,Women,Olive,S,Oversized,Cotton,Zara,999,3.6,All-Season,"Top-rated Zara henley collar tee featuring premium Olive Cotton. Tailored to a comfortable Oversized, ideal for everyday wear during All-Season."
PRD1452,Mango Women's White Oversized Oversized Cotton Tee,t-shirts,Oversized Cotton Tee,Women,White,S,Oversized,Rayon,Mango,1049,4.4,Summer,"Elevate your look with this stylish White oversized cotton tee by Mango. Designed in a comfortable Oversized using high-grade Rayon, perfect for casual or semi-formal outings."
PRD1453,Tommy Hilfiger Women's Navy Oversized V-Neck Casual T-Shirt,t-shirts,V-Neck Casual T-Shirt,Women,Navy,XXL,Oversized,Rayon,Tommy Hilfiger,799,4.3,All-Season,"Essential Tommy Hilfiger Women's v-neck casual t-shirt tailored with a modern Oversized. Made of soft, breathable Rayon in rich Navy. Ideal choice for All-Season."
PRD1454,Tommy Hilfiger Men's Black Regular Fit V-Neck Casual T-Shirt,t-shirts,V-Neck Casual T-Shirt,Men,Black,XL,Regular Fit,Cotton,Tommy Hilfiger,1049,4.8,Summer,"Elevate your look with this stylish Black v-neck casual t-shirt by Tommy Hilfiger. Designed in a comfortable Regular Fit using high-grade Cotton, perfect for casual or semi-formal outings."
PRD1455,Tommy Hilfiger Women's Beige Regular Fit V-Neck Casual T-Shirt,t-shirts,V-Neck Casual T-Shirt,Women,Beige,XXL,Regular Fit,Polyester,Tommy Hilfiger,699,3.8,All-Season,"Top-rated Tommy Hilfiger v-neck casual t-shirt featuring premium Beige Polyester. Tailored to a comfortable Regular Fit, ideal for everyday wear during All-Season."
PRD1456,H&M Men's Yellow Slim Fit Oversized Cotton Tee,t-shirts,Oversized Cotton Tee,Men,Yellow,S,Slim Fit,Polyester,H&M,499,4.8,Summer,"Crafted from premium Polyester, this H&M Yellow oversized cotton tee offers exceptional comfort and durability for Summer wardrobe styling. Features a sleek Slim Fit design."
PRD1457,Under Armour Women's Brown Oversized Henley Collar Tee,t-shirts,Henley Collar Tee,Women,Brown,XXL,Oversized,Cotton,Under Armour,999,4.3,Summer,"Top-rated Under Armour henley collar tee featuring premium Brown Cotton. Tailored to a comfortable Oversized, ideal for everyday wear during Summer."
PRD1458,Mango Women's Grey Slim Fit Polo Collar T-Shirt,t-shirts,Polo Collar T-Shirt,Women,Grey,M,Slim Fit,Rayon,Mango,1449,4.3,All-Season,"Crafted from premium Rayon, this Mango Grey polo collar t-shirt offers exceptional comfort and durability for All-Season wardrobe styling. Features a sleek Slim Fit design."
PRD1459,Biba Unisex's Black Oversized Oversized Cotton Tee,t-shirts,Oversized Cotton Tee,Unisex,Black,XXL,Oversized,Cotton,Biba,749,4.2,Summer,"Elevate your look with this stylish Black oversized cotton tee by Biba. Designed in a comfortable Oversized using high-grade Cotton, perfect for casual or semi-formal outings."
PRD1460,Under Armour Unisex's Purple Slim Fit Henley Collar Tee,t-shirts,Henley Collar Tee,Unisex,Purple,L,Slim Fit,Rayon,Under Armour,549,3.8,All-Season,Stay fashion-forward with this versatile Purple henley collar tee from Under Armour. Includes a refined Slim Fit profile and high quality Rayon fabric.
PRD1461,Puma Women's Navy Slim Fit Crewneck Graphic Tee,t-shirts,Crewneck Graphic Tee,Women,Navy,XXL,Slim Fit,Cotton,Puma,1199,4.1,Summer,Stay fashion-forward with this versatile Navy crewneck graphic tee from Puma. Includes a refined Slim Fit profile and high quality Cotton fabric.
PRD1462,Zara Unisex's Navy Slim Fit Crewneck Graphic Tee,t-shirts,Crewneck Graphic Tee,Unisex,Navy,L,Slim Fit,Rayon,Zara,1649,4.3,All-Season,"Elevate your look with this stylish Navy crewneck graphic tee by Zara. Designed in a comfortable Slim Fit using high-grade Rayon, perfect for casual or semi-formal outings."
PRD1463,Biba Women's Pink Slim Fit Relaxed Tapered Jeans,jeans,Relaxed Tapered Jeans,Women,Pink,M,Slim Fit,Cotton,Biba,3399,4.1,Winter,"Essential Biba Women's relaxed tapered jeans tailored with a modern Slim Fit. Made of soft, breathable Cotton in rich Pink. Ideal choice for Winter."
PRD1464,Mango Unisex's Black Regular Fit Relaxed Tapered Jeans,jeans,Relaxed Tapered Jeans,Unisex,Black,M,Regular Fit,Cotton,Mango,1599,4.3,All-Season,"Essential Mango Unisex's relaxed tapered jeans tailored with a modern Regular Fit. Made of soft, breathable Cotton in rich Black. Ideal choice for All-Season."
PRD1465,Allen Solly Men's White Skinny Fit Straight Leg Jeans,jeans,Straight Leg Jeans,Men,White,M,Skinny Fit,Denim,Allen Solly,2949,4.7,Autumn,"Crafted from premium Denim, this Allen Solly White straight leg jeans offers exceptional comfort and durability for Autumn wardrobe styling. Features a sleek Skinny Fit design."
PRD1466,Mango Women's Red Regular Fit Relaxed Tapered Jeans,jeans,Relaxed Tapered Jeans,Women,Red,M,Regular Fit,Cotton,Mango,1449,3.7,All-Season,"Top-rated Mango relaxed tapered jeans featuring premium Red Cotton. Tailored to a comfortable Regular Fit, ideal for everyday wear during All-Season."
PRD1467,FabIndia Unisex's Yellow Slim Fit Straight Leg Jeans,jeans,Straight Leg Jeans,Unisex,Yellow,M,Slim Fit,Denim,FabIndia,2349,4.9,All-Season,"Top-rated FabIndia straight leg jeans featuring premium Yellow Denim. Tailored to a comfortable Slim Fit, ideal for everyday wear during All-Season."
PRD1468,Biba Unisex's Olive Slim Fit High-Waist Mom Jeans,jeans,High-Waist Mom Jeans,Unisex,Olive,M,Slim Fit,Cotton,Biba,3099,4.4,All-Season,Stay fashion-forward with this versatile Olive high-waist mom jeans from Biba. Includes a refined Slim Fit profile and high quality Cotton fabric.
PRD1469,Mango Men's Purple Relaxed Fit Straight Leg Jeans,jeans,Straight Leg Jeans,Men,Purple,M,Relaxed Fit,Denim,Mango,3849,4.5,Autumn,"Essential Mango Men's straight leg jeans tailored with a modern Relaxed Fit. Made of soft, breathable Denim in rich Purple. Ideal choice for Autumn."
PRD1470,FabIndia Women's Pink Slim Fit Skinny Fit Stretch Jeans,jeans,Skinny Fit Stretch Jeans,Women,Pink,XL,Slim Fit,Denim,FabIndia,1799,3.7,Winter,"Elevate your look with this stylish Pink skinny fit stretch jeans by FabIndia. Designed in a comfortable Slim Fit using high-grade Denim, perfect for casual or semi-formal outings."
PRD1471,Manyavar Unisex's Grey Regular Fit High-Waist Mom Jeans,jeans,High-Waist Mom Jeans,Unisex,Grey,XL,Regular Fit,Denim,Manyavar,3799,4.4,All-Season,"Top-rated Manyavar high-waist mom jeans featuring premium Grey Denim. Tailored to a comfortable Regular Fit, ideal for everyday wear during All-Season."
PRD1472,Manyavar Men's Beige Regular Fit Slim Fit Denim Jeans,jeans,Slim Fit Denim Jeans,Men,Beige,XL,Regular Fit,Denim,Manyavar,3399,4.1,Autumn,"Crafted from premium Denim, this Manyavar Beige slim fit denim jeans offers exceptional comfort and durability for Autumn wardrobe styling. Features a sleek Regular Fit design."
PRD1473,Manyavar Men's Brown Relaxed Fit Relaxed Tapered Jeans,jeans,Relaxed Tapered Jeans,Men,Brown,XXL,Relaxed Fit,Cotton,Manyavar,4549,4.6,Winter,"Top-rated Manyavar relaxed tapered jeans featuring premium Brown Cotton. Tailored to a comfortable Relaxed Fit, ideal for everyday wear during Winter."
PRD1474,Nike Men's Green Relaxed Fit Relaxed Tapered Jeans,jeans,Relaxed Tapered Jeans,Men,Green,L,Relaxed Fit,Denim,Nike,3699,4.8,All-Season,Stay fashion-forward with this versatile Green relaxed tapered jeans from Nike. Includes a refined Relaxed Fit profile and high quality Denim fabric.
PRD1475,Adidas Men's Maroon Slim Fit Straight Leg Jeans,jeans,Straight Leg Jeans,Men,Maroon,S,Slim Fit,Denim,Adidas,2799,4.5,Autumn,"Essential Adidas Men's straight leg jeans tailored with a modern Slim Fit. Made of soft, breathable Denim in rich Maroon. Ideal choice for Autumn."
PRD1476,HRX Men's White Relaxed Fit Skinny Fit Stretch Jeans,jeans,Skinny Fit Stretch Jeans,Men,White,XXL,Relaxed Fit,Cotton,HRX,2999,4.3,Winter,"Top-rated HRX skinny fit stretch jeans featuring premium White Cotton. Tailored to a comfortable Relaxed Fit, ideal for everyday wear during Winter."
PRD1477,Adidas Men's Grey Relaxed Fit Relaxed Tapered Jeans,jeans,Relaxed Tapered Jeans,Men,Grey,XXL,Relaxed Fit,Denim,Adidas,3549,4.2,Winter,"Essential Adidas Men's relaxed tapered jeans tailored with a modern Relaxed Fit. Made of soft, breathable Denim in rich Grey. Ideal choice for Winter."
PRD1478,Under Armour Unisex's Grey Regular Fit Skinny Fit Stretch Jeans,jeans,Skinny Fit Stretch Jeans,Unisex,Grey,M,Regular Fit,Denim,Under Armour,3099,4.7,Autumn,"Elevate your look with this stylish Grey skinny fit stretch jeans by Under Armour. Designed in a comfortable Regular Fit using high-grade Denim, perfect for casual or semi-formal outings."
PRD1479,Nike Unisex's Grey Skinny Fit Straight Leg Jeans,jeans,Straight Leg Jeans,Unisex,Grey,XL,Skinny Fit,Denim,Nike,3899,3.5,All-Season,"Crafted from premium Denim, this Nike Grey straight leg jeans offers exceptional comfort and durability for All-Season wardrobe styling. Features a sleek Skinny Fit design."
PRD1480,Roadster Unisex's Grey Slim Fit Relaxed Tapered Jeans,jeans,Relaxed Tapered Jeans,Unisex,Grey,M,Slim Fit,Denim,Roadster,2799,3.6,Winter,"Crafted from premium Denim, this Roadster Grey relaxed tapered jeans offers exceptional comfort and durability for Winter wardrobe styling. Features a sleek Slim Fit design."
PRD1481,Biba Unisex's Olive Skinny Fit Relaxed Tapered Jeans,jeans,Relaxed Tapered Jeans,Unisex,Olive,XL,Skinny Fit,Denim,Biba,3049,3.5,All-Season,"Top-rated Biba relaxed tapered jeans featuring premium Olive Denim. Tailored to a comfortable Skinny Fit, ideal for everyday wear during All-Season."
PRD1482,US Polo Assn Men's Brown Regular Fit Straight Leg Jeans,jeans,Straight Leg Jeans,Men,Brown,S,Regular Fit,Denim,US Polo Assn,2749,3.9,Autumn,"Crafted from premium Denim, this US Polo Assn Brown straight leg jeans offers exceptional comfort and durability for Autumn wardrobe styling. Features a sleek Regular Fit design."
PRD1483,FabIndia Women's Brown Relaxed Fit Slim Fit Denim Jeans,jeans,Slim Fit Denim Jeans,Women,Brown,XL,Relaxed Fit,Cotton,FabIndia,2949,4.4,Autumn,"Top-rated FabIndia slim fit denim jeans featuring premium Brown Cotton. Tailored to a comfortable Relaxed Fit, ideal for everyday wear during Autumn."
PRD1484,Levi's Men's Yellow Skinny Fit Slim Fit Denim Jeans,jeans,Slim Fit Denim Jeans,Men,Yellow,L,Skinny Fit,Cotton,Levi's,2199,4.4,Winter,"Elevate your look with this stylish Yellow slim fit denim jeans by Levi's. Designed in a comfortable Skinny Fit using high-grade Cotton, perfect for casual or semi-formal outings."
PRD1485,Jack & Jones Unisex's Black Skinny Fit Relaxed Tapered Jeans,jeans,Relaxed Tapered Jeans,Unisex,Black,XXL,Skinny Fit,Denim,Jack & Jones,1699,4.3,Winter,"Top-rated Jack & Jones relaxed tapered jeans featuring premium Black Denim. Tailored to a comfortable Skinny Fit, ideal for everyday wear during Winter."
PRD1486,US Polo Assn Men's Brown Skinny Fit Skinny Fit Stretch Jeans,jeans,Skinny Fit Stretch Jeans,Men,Brown,XL,Skinny Fit,Cotton,US Polo Assn,2799,4.3,Autumn,"Elevate your look with this stylish Brown skinny fit stretch jeans by US Polo Assn. Designed in a comfortable Skinny Fit using high-grade Cotton, perfect for casual or semi-formal outings."
PRD1487,Tommy Hilfiger Unisex's Beige Slim Fit Relaxed Tapered Jeans,jeans,Relaxed Tapered Jeans,Unisex,Beige,L,Slim Fit,Cotton,Tommy Hilfiger,1549,4.1,All-Season,"Elevate your look with this stylish Beige relaxed tapered jeans by Tommy Hilfiger. Designed in a comfortable Slim Fit using high-grade Cotton, perfect for casual or semi-formal outings."
PRD1488,Puma Women's Navy Slim Fit Skinny Fit Stretch Jeans,jeans,Skinny Fit Stretch Jeans,Women,Navy,L,Slim Fit,Cotton,Puma,1649,4.1,All-Season,"Essential Puma Women's skinny fit stretch jeans tailored with a modern Slim Fit. Made of soft, breathable Cotton in rich Navy. Ideal choice for All-Season."
PRD1489,H&M Men's Beige Skinny Fit High-Waist Mom Jeans,jeans,High-Waist Mom Jeans,Men,Beige,XXL,Skinny Fit,Cotton,H&M,2399,3.8,All-Season,"Elevate your look with this stylish Beige high-waist mom jeans by H&M. Designed in a comfortable Skinny Fit using high-grade Cotton, perfect for casual or semi-formal outings."
PRD1490,Mango Men's Maroon Regular Fit Straight Leg Jeans,jeans,Straight Leg Jeans,Men,Maroon,M,Regular Fit,Cotton,Mango,2099,4.8,All-Season,"Top-rated Mango straight leg jeans featuring premium Maroon Cotton. Tailored to a comfortable Regular Fit, ideal for everyday wear during All-Season."
PRD1491,W Men's Blue Slim Fit Straight Leg Jeans,jeans,Straight Leg Jeans,Men,Blue,S,Slim Fit,Cotton,W,4399,4.8,Autumn,"Crafted from premium Cotton, this W Blue straight leg jeans offers exceptional comfort and durability for Autumn wardrobe styling. Features a sleek Slim Fit design."
PRD1492,Mango Unisex's Navy Relaxed Fit Skinny Fit Stretch Jeans,jeans,Skinny Fit Stretch Jeans,Unisex,Navy,M,Relaxed Fit,Cotton,Mango,4399,4.9,Winter,"Essential Mango Unisex's skinny fit stretch jeans tailored with a modern Relaxed Fit. Made of soft, breathable Cotton in rich Navy. Ideal choice for Winter."
PRD1493,Biba Unisex's White Slim Fit Straight Leg Jeans,jeans,Straight Leg Jeans,Unisex,White,XXL,Slim Fit,Cotton,Biba,1399,4.3,Winter,Stay fashion-forward with this versatile White straight leg jeans from Biba. Includes a refined Slim Fit profile and high quality Cotton fabric.
PRD1494,FabIndia Men's Maroon Relaxed Fit Relaxed Tapered Jeans,jeans,Relaxed Tapered Jeans,Men,Maroon,S,Relaxed Fit,Cotton,FabIndia,1299,4.5,Autumn,Stay fashion-forward with this versatile Maroon relaxed tapered jeans from FabIndia. Includes a refined Relaxed Fit profile and high quality Cotton fabric.
PRD1495,Under Armour Women's Navy Skinny Fit Slim Fit Denim Jeans,jeans,Slim Fit Denim Jeans,Women,Navy,L,Skinny Fit,Denim,Under Armour,2249,3.9,Autumn,"Top-rated Under Armour slim fit denim jeans featuring premium Navy Denim. Tailored to a comfortable Skinny Fit, ideal for everyday wear during Autumn."
PRD1496,Tommy Hilfiger Men's Beige Relaxed Fit Skinny Fit Stretch Jeans,jeans,Skinny Fit Stretch Jeans,Men,Beige,L,Relaxed Fit,Denim,Tommy Hilfiger,2749,4.8,Winter,"Essential Tommy Hilfiger Men's skinny fit stretch jeans tailored with a modern Relaxed Fit. Made of soft, breathable Denim in rich Beige. Ideal choice for Winter."
PRD1497,Jack & Jones Unisex's White Regular Fit Straight Leg Jeans,jeans,Straight Leg Jeans,Unisex,White,L,Regular Fit,Denim,Jack & Jones,4549,3.9,Autumn,Stay fashion-forward with this versatile White straight leg jeans from Jack & Jones. Includes a refined Regular Fit profile and high quality Denim fabric.
PRD1498,Biba Men's Brown Regular Fit Straight Leg Jeans,jeans,Straight Leg Jeans,Men,Brown,M,Regular Fit,Cotton,Biba,2999,4.2,All-Season,"Top-rated Biba straight leg jeans featuring premium Brown Cotton. Tailored to a comfortable Regular Fit, ideal for everyday wear during All-Season."
PRD1499,Aurelia Women's Green Skinny Fit Skinny Fit Stretch Jeans,jeans,Skinny Fit Stretch Jeans,Women,Green,S,Skinny Fit,Denim,Aurelia,4099,3.7,Winter,"Elevate your look with this stylish Green skinny fit stretch jeans by Aurelia. Designed in a comfortable Skinny Fit using high-grade Denim, perfect for casual or semi-formal outings."
PRD1500,Adidas Unisex's Blue Relaxed Fit Relaxed Tapered Jeans,jeans,Relaxed Tapered Jeans,Unisex,Blue,L,Relaxed Fit,Cotton,Adidas,2749,4.3,Winter,"Essential Adidas Unisex's relaxed tapered jeans tailored with a modern Relaxed Fit. Made of soft, breathable Cotton in rich Blue. Ideal choice for Winter."
PRD1501,W Women's Blue Skinny Fit Slim Fit Denim Jeans,jeans,Slim Fit Denim Jeans,Women,Blue,XXL,Skinny Fit,Denim,W,3949,4.5,Autumn,"Elevate your look with this stylish Blue slim fit denim jeans by W. Designed in a comfortable Skinny Fit using high-grade Denim, perfect for casual or semi-formal outings."
PRD1502,US Polo Assn Women's Olive Relaxed Fit Skinny Fit Stretch Jeans,jeans,Skinny Fit Stretch Jeans,Women,Olive,XL,Relaxed Fit,Cotton,US Polo Assn,3799,3.9,All-Season,"Elevate your look with this stylish Olive skinny fit stretch jeans by US Polo Assn. Designed in a comfortable Relaxed Fit using high-grade Cotton, perfect for casual or semi-formal outings."
PRD1503,FabIndia Women's Olive Relaxed Fit Skinny Fit Stretch Jeans,jeans,Skinny Fit Stretch Jeans,Women,Olive,M,Relaxed Fit,Denim,FabIndia,2699,3.8,All-Season,"Essential FabIndia Women's skinny fit stretch jeans tailored with a modern Relaxed Fit. Made of soft, breathable Denim in rich Olive. Ideal choice for All-Season."
PRD1504,US Polo Assn Unisex's Olive Relaxed Fit Skinny Fit Stretch Jeans,jeans,Skinny Fit Stretch Jeans,Unisex,Olive,L,Relaxed Fit,Cotton,US Polo Assn,4349,4.4,Winter,Stay fashion-forward with this versatile Olive skinny fit stretch jeans from US Polo Assn. Includes a refined Relaxed Fit profile and high quality Cotton fabric.
PRD1505,HRX Men's Purple Slim Fit Straight Leg Jeans,jeans,Straight Leg Jeans,Men,Purple,M,Slim Fit,Denim,HRX,3999,3.9,Autumn,"Crafted from premium Denim, this HRX Purple straight leg jeans offers exceptional comfort and durability for Autumn wardrobe styling. Features a sleek Slim Fit design."
PRD1506,Allen Solly Women's Blue Slim Fit Straight Leg Jeans,jeans,Straight Leg Jeans,Women,Blue,XXL,Slim Fit,Denim,Allen Solly,1499,3.5,Winter,Stay fashion-forward with this versatile Blue straight leg jeans from Allen Solly. Includes a refined Slim Fit profile and high quality Denim fabric.
PRD1507,Manyavar Men's Green Regular Fit Slim Fit Denim Jeans,jeans,Slim Fit Denim Jeans,Men,Green,XL,Regular Fit,Denim,Manyavar,2549,3.8,Autumn,"Essential Manyavar Men's slim fit denim jeans tailored with a modern Regular Fit. Made of soft, breathable Denim in rich Green. Ideal choice for Autumn."
PRD1508,Jack & Jones Men's Yellow Regular Fit Straight Leg Jeans,jeans,Straight Leg Jeans,Men,Yellow,L,Regular Fit,Denim,Jack & Jones,2599,4.8,All-Season,Stay fashion-forward with this versatile Yellow straight leg jeans from Jack & Jones. Includes a refined Regular Fit profile and high quality Denim fabric.
PRD1509,Aurelia Unisex's Beige Regular Fit Skinny Fit Stretch Jeans,jeans,Skinny Fit Stretch Jeans,Unisex,Beige,XXL,Regular Fit,Denim,Aurelia,3149,4.4,Autumn,"Top-rated Aurelia skinny fit stretch jeans featuring premium Beige Denim. Tailored to a comfortable Regular Fit, ideal for everyday wear during Autumn."
PRD1510,HRX Unisex's Olive Skinny Fit High-Waist Mom Jeans,jeans,High-Waist Mom Jeans,Unisex,Olive,XXL,Skinny Fit,Cotton,HRX,2199,4.7,Winter,Stay fashion-forward with this versatile Olive high-waist mom jeans from HRX. Includes a refined Skinny Fit profile and high quality Cotton fabric.
PRD1511,US Polo Assn Women's Green Regular Fit Skinny Fit Stretch Jeans,jeans,Skinny Fit Stretch Jeans,Women,Green,S,Regular Fit,Cotton,US Polo Assn,3399,4.7,All-Season,"Elevate your look with this stylish Green skinny fit stretch jeans by US Polo Assn. Designed in a comfortable Regular Fit using high-grade Cotton, perfect for casual or semi-formal outings."
PRD1512,W Women's Yellow Slim Fit Skinny Fit Stretch Jeans,jeans,Skinny Fit Stretch Jeans,Women,Yellow,L,Slim Fit,Cotton,W,1299,4.6,Winter,"Essential W Women's skinny fit stretch jeans tailored with a modern Slim Fit. Made of soft, breathable Cotton in rich Yellow. Ideal choice for Winter."
PRD1513,Puma Unisex's Navy Regular Fit Slim Fit Denim Jeans,jeans,Slim Fit Denim Jeans,Unisex,Navy,XL,Regular Fit,Cotton,Puma,2899,3.9,Autumn,Stay fashion-forward with this versatile Navy slim fit denim jeans from Puma. Includes a refined Regular Fit profile and high quality Cotton fabric.
PRD1514,Biba Women's Blue Relaxed Fit Straight Leg Jeans,jeans,Straight Leg Jeans,Women,Blue,XXL,Relaxed Fit,Denim,Biba,4099,4.5,Autumn,"Essential Biba Women's straight leg jeans tailored with a modern Relaxed Fit. Made of soft, breathable Denim in rich Blue. Ideal choice for Autumn."
PRD1515,Aurelia Women's Red Slim Fit Skinny Fit Stretch Jeans,jeans,Skinny Fit Stretch Jeans,Women,Red,L,Slim Fit,Denim,Aurelia,1749,4.5,All-Season,"Top-rated Aurelia skinny fit stretch jeans featuring premium Red Denim. Tailored to a comfortable Slim Fit, ideal for everyday wear during All-Season."
PRD1516,Jack & Jones Unisex's Pink Relaxed Fit Skinny Fit Stretch Jeans,jeans,Skinny Fit Stretch Jeans,Unisex,Pink,S,Relaxed Fit,Denim,Jack & Jones,1899,3.6,Winter,"Top-rated Jack & Jones skinny fit stretch jeans featuring premium Pink Denim. Tailored to a comfortable Relaxed Fit, ideal for everyday wear during Winter."
PRD1517,Levi's Men's Green Skinny Fit Straight Leg Jeans,jeans,Straight Leg Jeans,Men,Green,XL,Skinny Fit,Denim,Levi's,4249,3.5,Autumn,"Crafted from premium Denim, this Levi's Green straight leg jeans offers exceptional comfort and durability for Autumn wardrobe styling. Features a sleek Skinny Fit design."
PRD1518,Roadster Women's Red Skinny Fit Slim Fit Denim Jeans,jeans,Slim Fit Denim Jeans,Women,Red,XL,Skinny Fit,Cotton,Roadster,2799,4.2,Winter,"Crafted from premium Cotton, this Roadster Red slim fit denim jeans offers exceptional comfort and durability for Winter wardrobe styling. Features a sleek Skinny Fit design."
PRD1519,Tommy Hilfiger Men's Black Skinny Fit Slim Fit Denim Jeans,jeans,Slim Fit Denim Jeans,Men,Black,XXL,Skinny Fit,Cotton,Tommy Hilfiger,3199,3.8,All-Season,"Essential Tommy Hilfiger Men's slim fit denim jeans tailored with a modern Skinny Fit. Made of soft, breathable Cotton in rich Black. Ideal choice for All-Season."
PRD1520,Biba Men's Brown Regular Fit Slim Fit Denim Jeans,jeans,Slim Fit Denim Jeans,Men,Brown,M,Regular Fit,Cotton,Biba,4299,5.0,Winter,"Elevate your look with this stylish Brown slim fit denim jeans by Biba. Designed in a comfortable Regular Fit using high-grade Cotton, perfect for casual or semi-formal outings."
PRD1521,Jack & Jones Unisex's Olive Regular Fit Slim Fit Denim Jeans,jeans,Slim Fit Denim Jeans,Unisex,Olive,L,Regular Fit,Cotton,Jack & Jones,2599,3.7,Winter,"Crafted from premium Cotton, this Jack & Jones Olive slim fit denim jeans offers exceptional comfort and durability for Winter wardrobe styling. Features a sleek Regular Fit design."
PRD1522,Aurelia Men's Green Relaxed Fit High-Waist Mom Jeans,jeans,High-Waist Mom Jeans,Men,Green,L,Relaxed Fit,Cotton,Aurelia,1499,4.8,All-Season,"Elevate your look with this stylish Green high-waist mom jeans by Aurelia. Designed in a comfortable Relaxed Fit using high-grade Cotton, perfect for casual or semi-formal outings."
PRD1523,Nike Unisex's Grey Skinny Fit Straight Leg Jeans,jeans,Straight Leg Jeans,Unisex,Grey,L,Skinny Fit,Denim,Nike,3649,3.7,All-Season,"Elevate your look with this stylish Grey straight leg jeans by Nike. Designed in a comfortable Skinny Fit using high-grade Denim, perfect for casual or semi-formal outings."
PRD1524,Levi's Unisex's Brown Relaxed Fit Slim Fit Denim Jeans,jeans,Slim Fit Denim Jeans,Unisex,Brown,S,Relaxed Fit,Denim,Levi's,2299,3.7,Winter,"Crafted from premium Denim, this Levi's Brown slim fit denim jeans offers exceptional comfort and durability for Winter wardrobe styling. Features a sleek Relaxed Fit design."
PRD1525,Tommy Hilfiger Men's Navy Regular Fit Slim Fit Denim Jeans,jeans,Slim Fit Denim Jeans,Men,Navy,XL,Regular Fit,Denim,Tommy Hilfiger,2249,4.0,All-Season,"Top-rated Tommy Hilfiger slim fit denim jeans featuring premium Navy Denim. Tailored to a comfortable Regular Fit, ideal for everyday wear during All-Season."
PRD1526,W Unisex's Red Slim Fit Relaxed Tapered Jeans,jeans,Relaxed Tapered Jeans,Unisex,Red,M,Slim Fit,Cotton,W,2299,4.8,Winter,Stay fashion-forward with this versatile Red relaxed tapered jeans from W. Includes a refined Slim Fit profile and high quality Cotton fabric.
PRD1527,Jack & Jones Women's Yellow Relaxed Fit High-Waist Mom Jeans,jeans,High-Waist Mom Jeans,Women,Yellow,M,Relaxed Fit,Denim,Jack & Jones,3499,4.0,Autumn,Stay fashion-forward with this versatile Yellow high-waist mom jeans from Jack & Jones. Includes a refined Relaxed Fit profile and high quality Denim fabric.
PRD1528,Adidas Unisex's White Slim Fit High-Waist Mom Jeans,jeans,High-Waist Mom Jeans,Unisex,White,L,Slim Fit,Denim,Adidas,2349,4.3,Winter,Stay fashion-forward with this versatile White high-waist mom jeans from Adidas. Includes a refined Slim Fit profile and high quality Denim fabric.
PRD1529,Levi's Women's Maroon Regular Fit High-Waist Mom Jeans,jeans,High-Waist Mom Jeans,Women,Maroon,L,Regular Fit,Denim,Levi's,4449,4.4,Autumn,"Essential Levi's Women's high-waist mom jeans tailored with a modern Regular Fit. Made of soft, breathable Denim in rich Maroon. Ideal choice for Autumn."
PRD1530,H&M Women's Red Relaxed Fit High-Waist Mom Jeans,jeans,High-Waist Mom Jeans,Women,Red,L,Relaxed Fit,Denim,H&M,2599,4.1,Autumn,"Essential H&M Women's high-waist mom jeans tailored with a modern Relaxed Fit. Made of soft, breathable Denim in rich Red. Ideal choice for Autumn."
PRD1531,Nike Unisex's Olive Slim Fit Slim Fit Denim Jeans,jeans,Slim Fit Denim Jeans,Unisex,Olive,M,Slim Fit,Denim,Nike,1399,3.8,All-Season,Stay fashion-forward with this versatile Olive slim fit denim jeans from Nike. Includes a refined Slim Fit profile and high quality Denim fabric.
PRD1532,Allen Solly Men's Pink Relaxed Fit Slim Fit Denim Jeans,jeans,Slim Fit Denim Jeans,Men,Pink,XXL,Relaxed Fit,Cotton,Allen Solly,4149,4.4,Autumn,"Crafted from premium Cotton, this Allen Solly Pink slim fit denim jeans offers exceptional comfort and durability for Autumn wardrobe styling. Features a sleek Relaxed Fit design."
PRD1533,W Unisex's Maroon Slim Fit Straight Leg Jeans,jeans,Straight Leg Jeans,Unisex,Maroon,XL,Slim Fit,Denim,W,1599,4.2,All-Season,"Crafted from premium Denim, this W Maroon straight leg jeans offers exceptional comfort and durability for All-Season wardrobe styling. Features a sleek Slim Fit design."
PRD1534,W Unisex's Grey Skinny Fit High-Waist Mom Jeans,jeans,High-Waist Mom Jeans,Unisex,Grey,L,Skinny Fit,Denim,W,3449,3.6,Autumn,"Crafted from premium Denim, this W Grey high-waist mom jeans offers exceptional comfort and durability for Autumn wardrobe styling. Features a sleek Skinny Fit design."
PRD1535,US Polo Assn Men's Yellow Slim Fit Slim Fit Denim Jeans,jeans,Slim Fit Denim Jeans,Men,Yellow,M,Slim Fit,Denim,US Polo Assn,3449,4.1,Autumn,"Elevate your look with this stylish Yellow slim fit denim jeans by US Polo Assn. Designed in a comfortable Slim Fit using high-grade Denim, perfect for casual or semi-formal outings."
PRD1536,Manyavar Unisex's Olive Regular Fit Straight Leg Jeans,jeans,Straight Leg Jeans,Unisex,Olive,S,Regular Fit,Cotton,Manyavar,4399,4.5,Autumn,"Essential Manyavar Unisex's straight leg jeans tailored with a modern Regular Fit. Made of soft, breathable Cotton in rich Olive. Ideal choice for Autumn."
PRD1537,Jack & Jones Men's White Regular Fit Relaxed Tapered Jeans,jeans,Relaxed Tapered Jeans,Men,White,L,Regular Fit,Cotton,Jack & Jones,3949,3.7,Autumn,"Top-rated Jack & Jones relaxed tapered jeans featuring premium White Cotton. Tailored to a comfortable Regular Fit, ideal for everyday wear during Autumn."
PRD1538,Jack & Jones Women's Yellow Skinny Fit Skinny Fit Stretch Jeans,jeans,Skinny Fit Stretch Jeans,Women,Yellow,XL,Skinny Fit,Cotton,Jack & Jones,4249,4.0,Winter,"Elevate your look with this stylish Yellow skinny fit stretch jeans by Jack & Jones. Designed in a comfortable Skinny Fit using high-grade Cotton, perfect for casual or semi-formal outings."
PRD1539,Under Armour Men's Grey Skinny Fit High-Waist Mom Jeans,jeans,High-Waist Mom Jeans,Men,Grey,XL,Skinny Fit,Cotton,Under Armour,2899,3.5,Winter,"Crafted from premium Cotton, this Under Armour Grey high-waist mom jeans offers exceptional comfort and durability for Winter wardrobe styling. Features a sleek Skinny Fit design."
PRD1540,US Polo Assn Men's Yellow Regular Fit High-Waist Mom Jeans,jeans,High-Waist Mom Jeans,Men,Yellow,L,Regular Fit,Cotton,US Polo Assn,2199,3.8,All-Season,"Essential US Polo Assn Men's high-waist mom jeans tailored with a modern Regular Fit. Made of soft, breathable Cotton in rich Yellow. Ideal choice for All-Season."
PRD1541,Levi's Unisex's Yellow Regular Fit Skinny Fit Stretch Jeans,jeans,Skinny Fit Stretch Jeans,Unisex,Yellow,XL,Regular Fit,Denim,Levi's,2749,3.7,All-Season,"Essential Levi's Unisex's skinny fit stretch jeans tailored with a modern Regular Fit. Made of soft, breathable Denim in rich Yellow. Ideal choice for All-Season."
PRD1542,W Men's Red Skinny Fit High-Waist Mom Jeans,jeans,High-Waist Mom Jeans,Men,Red,XXL,Skinny Fit,Cotton,W,2899,4.4,All-Season,"Elevate your look with this stylish Red high-waist mom jeans by W. Designed in a comfortable Skinny Fit using high-grade Cotton, perfect for casual or semi-formal outings."
PRD1543,H&M Women's White Relaxed Fit Skinny Fit Stretch Jeans,jeans,Skinny Fit Stretch Jeans,Women,White,L,Relaxed Fit,Denim,H&M,1449,4.6,Autumn,"Top-rated H&M skinny fit stretch jeans featuring premium White Denim. Tailored to a comfortable Relaxed Fit, ideal for everyday wear during Autumn."
PRD1544,Biba Men's Brown Skinny Fit Slim Fit Denim Jeans,jeans,Slim Fit Denim Jeans,Men,Brown,XL,Skinny Fit,Cotton,Biba,1749,4.8,Winter,"Elevate your look with this stylish Brown slim fit denim jeans by Biba. Designed in a comfortable Skinny Fit using high-grade Cotton, perfect for casual or semi-formal outings."
PRD1545,Levi's Men's Green Slim Fit Relaxed Tapered Jeans,jeans,Relaxed Tapered Jeans,Men,Green,XXL,Slim Fit,Cotton,Levi's,1899,4.0,Autumn,"Elevate your look with this stylish Green relaxed tapered jeans by Levi's. Designed in a comfortable Slim Fit using high-grade Cotton, perfect for casual or semi-formal outings."
PRD1546,Roadster Unisex's Maroon Relaxed Fit Slim Fit Denim Jeans,jeans,Slim Fit Denim Jeans,Unisex,Maroon,XXL,Relaxed Fit,Cotton,Roadster,3349,3.6,Autumn,Stay fashion-forward with this versatile Maroon slim fit denim jeans from Roadster. Includes a refined Relaxed Fit profile and high quality Cotton fabric.
PRD1547,US Polo Assn Men's White Skinny Fit Relaxed Tapered Jeans,jeans,Relaxed Tapered Jeans,Men,White,XXL,Skinny Fit,Denim,US Polo Assn,4349,3.6,Winter,Stay fashion-forward with this versatile White relaxed tapered jeans from US Polo Assn. Includes a refined Skinny Fit profile and high quality Denim fabric.
PRD1548,Adidas Women's Yellow Relaxed Fit Slim Fit Denim Jeans,jeans,Slim Fit Denim Jeans,Women,Yellow,XL,Relaxed Fit,Denim,Adidas,3549,3.8,All-Season,Stay fashion-forward with this versatile Yellow slim fit denim jeans from Adidas. Includes a refined Relaxed Fit profile and high quality Denim fabric.
PRD1549,Under Armour Unisex's Pink Regular Fit Straight Leg Jeans,jeans,Straight Leg Jeans,Unisex,Pink,L,Regular Fit,Denim,Under Armour,4449,4.1,All-Season,"Top-rated Under Armour straight leg jeans featuring premium Pink Denim. Tailored to a comfortable Regular Fit, ideal for everyday wear during All-Season."
PRD1550,H&M Unisex's Grey Relaxed Fit Slim Fit Denim Jeans,jeans,Slim Fit Denim Jeans,Unisex,Grey,M,Relaxed Fit,Cotton,H&M,2599,4.0,Winter,"Crafted from premium Cotton, this H&M Grey slim fit denim jeans offers exceptional comfort and durability for Winter wardrobe styling. Features a sleek Relaxed Fit design."
PRD1551,US Polo Assn Women's Pink Relaxed Fit Straight Leg Jeans,jeans,Straight Leg Jeans,Women,Pink,S,Relaxed Fit,Denim,US Polo Assn,2249,3.8,Winter,"Essential US Polo Assn Women's straight leg jeans tailored with a modern Relaxed Fit. Made of soft, breathable Denim in rich Pink. Ideal choice for Winter."
PRD1552,Roadster Men's Maroon Slim Fit Slim Fit Denim Jeans,jeans,Slim Fit Denim Jeans,Men,Maroon,M,Slim Fit,Denim,Roadster,2449,3.5,Autumn,"Crafted from premium Denim, this Roadster Maroon slim fit denim jeans offers exceptional comfort and durability for Autumn wardrobe styling. Features a sleek Slim Fit design."
PRD1553,US Polo Assn Women's Black Skinny Fit Relaxed Tapered Jeans,jeans,Relaxed Tapered Jeans,Women,Black,XXL,Skinny Fit,Denim,US Polo Assn,2149,3.8,Autumn,"Top-rated US Polo Assn relaxed tapered jeans featuring premium Black Denim. Tailored to a comfortable Skinny Fit, ideal for everyday wear during Autumn."
PRD1554,Adidas Women's Pink Regular Fit High-Waist Mom Jeans,jeans,High-Waist Mom Jeans,Women,Pink,XXL,Regular Fit,Denim,Adidas,3999,4.3,Winter,"Essential Adidas Women's high-waist mom jeans tailored with a modern Regular Fit. Made of soft, breathable Denim in rich Pink. Ideal choice for Winter."
PRD1555,FabIndia Women's Red Skinny Fit Slim Fit Denim Jeans,jeans,Slim Fit Denim Jeans,Women,Red,S,Skinny Fit,Denim,FabIndia,1549,4.1,Winter,"Essential FabIndia Women's slim fit denim jeans tailored with a modern Skinny Fit. Made of soft, breathable Denim in rich Red. Ideal choice for Winter."
PRD1556,W Men's Green Relaxed Fit Slim Fit Denim Jeans,jeans,Slim Fit Denim Jeans,Men,Green,XXL,Relaxed Fit,Denim,W,4199,3.6,Winter,"Essential W Men's slim fit denim jeans tailored with a modern Relaxed Fit. Made of soft, breathable Denim in rich Green. Ideal choice for Winter."
PRD1557,Mango Unisex's Blue Regular Fit High-Waist Mom Jeans,jeans,High-Waist Mom Jeans,Unisex,Blue,XL,Regular Fit,Denim,Mango,3549,4.9,Autumn,"Crafted from premium Denim, this Mango Blue high-waist mom jeans offers exceptional comfort and durability for Autumn wardrobe styling. Features a sleek Regular Fit design."
PRD1558,Zara Unisex's Green Skinny Fit Straight Leg Jeans,jeans,Straight Leg Jeans,Unisex,Green,M,Skinny Fit,Cotton,Zara,1349,4.0,Winter,"Essential Zara Unisex's straight leg jeans tailored with a modern Skinny Fit. Made of soft, breathable Cotton in rich Green. Ideal choice for Winter."
PRD1559,W Men's Yellow Skinny Fit Skinny Fit Stretch Jeans,jeans,Skinny Fit Stretch Jeans,Men,Yellow,L,Skinny Fit,Denim,W,2849,4.8,Autumn,"Crafted from premium Denim, this W Yellow skinny fit stretch jeans offers exceptional comfort and durability for Autumn wardrobe styling. Features a sleek Skinny Fit design."
PRD1560,Aurelia Men's White Skinny Fit Skinny Fit Stretch Jeans,jeans,Skinny Fit Stretch Jeans,Men,White,M,Skinny Fit,Cotton,Aurelia,1649,4.6,Autumn,"Top-rated Aurelia skinny fit stretch jeans featuring premium White Cotton. Tailored to a comfortable Skinny Fit, ideal for everyday wear during Autumn."
PRD1561,Puma Men's Pink Regular Fit Relaxed Tapered Jeans,jeans,Relaxed Tapered Jeans,Men,Pink,XXL,Regular Fit,Cotton,Puma,2599,4.2,Winter,"Elevate your look with this stylish Pink relaxed tapered jeans by Puma. Designed in a comfortable Regular Fit using high-grade Cotton, perfect for casual or semi-formal outings."
PRD1562,Allen Solly Unisex's Yellow Regular Fit Straight Leg Jeans,jeans,Straight Leg Jeans,Unisex,Yellow,XXL,Regular Fit,Denim,Allen Solly,1849,4.1,Winter,"Elevate your look with this stylish Yellow straight leg jeans by Allen Solly. Designed in a comfortable Regular Fit using high-grade Denim, perfect for casual or semi-formal outings."
PRD1563,Under Armour Women's Blue Slim Fit Straight Leg Jeans,jeans,Straight Leg Jeans,Women,Blue,M,Slim Fit,Denim,Under Armour,4249,3.5,Winter,"Essential Under Armour Women's straight leg jeans tailored with a modern Slim Fit. Made of soft, breathable Denim in rich Blue. Ideal choice for Winter."
PRD1564,HRX Women's Beige Skinny Fit Relaxed Tapered Jeans,jeans,Relaxed Tapered Jeans,Women,Beige,S,Skinny Fit,Denim,HRX,1799,3.8,All-Season,"Top-rated HRX relaxed tapered jeans featuring premium Beige Denim. Tailored to a comfortable Skinny Fit, ideal for everyday wear during All-Season."
PRD1565,Adidas Unisex's Pink Regular Fit High-Waist Mom Jeans,jeans,High-Waist Mom Jeans,Unisex,Pink,S,Regular Fit,Denim,Adidas,2749,3.6,All-Season,Stay fashion-forward with this versatile Pink high-waist mom jeans from Adidas. Includes a refined Regular Fit profile and high quality Denim fabric.
PRD1566,Roadster Unisex's Beige Skinny Fit High-Waist Mom Jeans,jeans,High-Waist Mom Jeans,Unisex,Beige,XL,Skinny Fit,Denim,Roadster,3199,3.7,Winter,"Elevate your look with this stylish Beige high-waist mom jeans by Roadster. Designed in a comfortable Skinny Fit using high-grade Denim, perfect for casual or semi-formal outings."
PRD1567,Puma Women's Brown Slim Fit Slim Fit Denim Jeans,jeans,Slim Fit Denim Jeans,Women,Brown,M,Slim Fit,Cotton,Puma,4299,4.5,Winter,"Elevate your look with this stylish Brown slim fit denim jeans by Puma. Designed in a comfortable Slim Fit using high-grade Cotton, perfect for casual or semi-formal outings."
PRD1568,Allen Solly Men's Beige Relaxed Fit Slim Fit Denim Jeans,jeans,Slim Fit Denim Jeans,Men,Beige,M,Relaxed Fit,Cotton,Allen Solly,3049,4.1,Winter,"Crafted from premium Cotton, this Allen Solly Beige slim fit denim jeans offers exceptional comfort and durability for Winter wardrobe styling. Features a sleek Relaxed Fit design."
PRD1569,Biba Women's Pink Slim Fit Skinny Fit Stretch Jeans,jeans,Skinny Fit Stretch Jeans,Women,Pink,XL,Slim Fit,Denim,Biba,1449,4.8,Winter,"Elevate your look with this stylish Pink skinny fit stretch jeans by Biba. Designed in a comfortable Slim Fit using high-grade Denim, perfect for casual or semi-formal outings."
PRD1570,Manyavar Women's Maroon Slim Fit High-Waist Mom Jeans,jeans,High-Waist Mom Jeans,Women,Maroon,S,Slim Fit,Cotton,Manyavar,2049,3.9,Autumn,Stay fashion-forward with this versatile Maroon high-waist mom jeans from Manyavar. Includes a refined Slim Fit profile and high quality Cotton fabric.
PRD1571,US Polo Assn Women's White Relaxed Fit Skinny Fit Stretch Jeans,jeans,Skinny Fit Stretch Jeans,Women,White,S,Relaxed Fit,Cotton,US Polo Assn,4099,4.3,Autumn,"Elevate your look with this stylish White skinny fit stretch jeans by US Polo Assn. Designed in a comfortable Relaxed Fit using high-grade Cotton, perfect for casual or semi-formal outings."
PRD1572,Jack & Jones Men's Maroon Slim Fit Relaxed Tapered Jeans,jeans,Relaxed Tapered Jeans,Men,Maroon,XXL,Slim Fit,Denim,Jack & Jones,1849,4.1,Autumn,"Essential Jack & Jones Men's relaxed tapered jeans tailored with a modern Slim Fit. Made of soft, breathable Denim in rich Maroon. Ideal choice for Autumn."
PRD1573,Jack & Jones Men's Beige Regular Fit Slim Fit Denim Jeans,jeans,Slim Fit Denim Jeans,Men,Beige,L,Regular Fit,Cotton,Jack & Jones,2599,4.5,All-Season,"Elevate your look with this stylish Beige slim fit denim jeans by Jack & Jones. Designed in a comfortable Regular Fit using high-grade Cotton, perfect for casual or semi-formal outings."
PRD1574,Nike Men's Maroon Relaxed Fit Slim Fit Denim Jeans,jeans,Slim Fit Denim Jeans,Men,Maroon,XXL,Relaxed Fit,Cotton,Nike,4149,4.1,All-Season,"Top-rated Nike slim fit denim jeans featuring premium Maroon Cotton. Tailored to a comfortable Relaxed Fit, ideal for everyday wear during All-Season."
PRD1575,FabIndia Unisex's Grey Slim Fit Relaxed Tapered Jeans,jeans,Relaxed Tapered Jeans,Unisex,Grey,XXL,Slim Fit,Denim,FabIndia,3999,4.8,Winter,"Elevate your look with this stylish Grey relaxed tapered jeans by FabIndia. Designed in a comfortable Slim Fit using high-grade Denim, perfect for casual or semi-formal outings."
PRD1576,Roadster Unisex's Black Relaxed Fit Straight Leg Jeans,jeans,Straight Leg Jeans,Unisex,Black,XL,Relaxed Fit,Cotton,Roadster,2449,4.4,Winter,"Crafted from premium Cotton, this Roadster Black straight leg jeans offers exceptional comfort and durability for Winter wardrobe styling. Features a sleek Relaxed Fit design."
PRD1577,Roadster Men's Pink Skinny Fit Straight Leg Jeans,jeans,Straight Leg Jeans,Men,Pink,XL,Skinny Fit,Denim,Roadster,3299,4.3,Winter,"Crafted from premium Denim, this Roadster Pink straight leg jeans offers exceptional comfort and durability for Winter wardrobe styling. Features a sleek Skinny Fit design."
PRD1578,Mango Men's Pink Relaxed Fit Straight Leg Jeans,jeans,Straight Leg Jeans,Men,Pink,XL,Relaxed Fit,Cotton,Mango,1599,4.4,Winter,"Crafted from premium Cotton, this Mango Pink straight leg jeans offers exceptional comfort and durability for Winter wardrobe styling. Features a sleek Relaxed Fit design."
PRD1579,Puma Women's Pink Regular Fit High-Waist Mom Jeans,jeans,High-Waist Mom Jeans,Women,Pink,M,Regular Fit,Denim,Puma,1499,4.5,All-Season,"Crafted from premium Denim, this Puma Pink high-waist mom jeans offers exceptional comfort and durability for All-Season wardrobe styling. Features a sleek Regular Fit design."
PRD1580,Roadster Unisex's Pink Skinny Fit Slim Fit Denim Jeans,jeans,Slim Fit Denim Jeans,Unisex,Pink,S,Skinny Fit,Cotton,Roadster,1699,4.1,All-Season,"Elevate your look with this stylish Pink slim fit denim jeans by Roadster. Designed in a comfortable Skinny Fit using high-grade Cotton, perfect for casual or semi-formal outings."
PRD1581,FabIndia Unisex's Olive Regular Fit Skinny Fit Stretch Jeans,jeans,Skinny Fit Stretch Jeans,Unisex,Olive,XXL,Regular Fit,Cotton,FabIndia,2749,4.9,Autumn,"Crafted from premium Cotton, this FabIndia Olive skinny fit stretch jeans offers exceptional comfort and durability for Autumn wardrobe styling. Features a sleek Regular Fit design."
PRD1582,US Polo Assn Women's Grey Slim Fit Skinny Fit Stretch Jeans,jeans,Skinny Fit Stretch Jeans,Women,Grey,S,Slim Fit,Cotton,US Polo Assn,2449,4.2,Autumn,"Crafted from premium Cotton, this US Polo Assn Grey skinny fit stretch jeans offers exceptional comfort and durability for Autumn wardrobe styling. Features a sleek Slim Fit design."
PRD1583,Adidas Unisex's Grey Regular Fit Skinny Fit Stretch Jeans,jeans,Skinny Fit Stretch Jeans,Unisex,Grey,S,Regular Fit,Denim,Adidas,1699,4.4,Autumn,"Top-rated Adidas skinny fit stretch jeans featuring premium Grey Denim. Tailored to a comfortable Regular Fit, ideal for everyday wear during Autumn."
PRD1584,H&M Unisex's Maroon Skinny Fit Relaxed Tapered Jeans,jeans,Relaxed Tapered Jeans,Unisex,Maroon,L,Skinny Fit,Cotton,H&M,2349,4.3,Autumn,"Top-rated H&M relaxed tapered jeans featuring premium Maroon Cotton. Tailored to a comfortable Skinny Fit, ideal for everyday wear during Autumn."
PRD1585,W Unisex's Pink Relaxed Fit Straight Leg Jeans,jeans,Straight Leg Jeans,Unisex,Pink,M,Relaxed Fit,Cotton,W,3749,3.8,Winter,"Essential W Unisex's straight leg jeans tailored with a modern Relaxed Fit. Made of soft, breathable Cotton in rich Pink. Ideal choice for Winter."
PRD1586,Allen Solly Men's Black Relaxed Fit Slim Fit Denim Jeans,jeans,Slim Fit Denim Jeans,Men,Black,M,Relaxed Fit,Denim,Allen Solly,4549,4.4,Autumn,Stay fashion-forward with this versatile Black slim fit denim jeans from Allen Solly. Includes a refined Relaxed Fit profile and high quality Denim fabric.
PRD1587,HRX Women's Navy Regular Fit Slim Fit Denim Jeans,jeans,Slim Fit Denim Jeans,Women,Navy,M,Regular Fit,Denim,HRX,4099,3.9,Autumn,"Crafted from premium Denim, this HRX Navy slim fit denim jeans offers exceptional comfort and durability for Autumn wardrobe styling. Features a sleek Regular Fit design."
PRD1588,US Polo Assn Unisex's Yellow Skinny Fit Skinny Fit Stretch Jeans,jeans,Skinny Fit Stretch Jeans,Unisex,Yellow,L,Skinny Fit,Denim,US Polo Assn,2649,4.1,All-Season,"Top-rated US Polo Assn skinny fit stretch jeans featuring premium Yellow Denim. Tailored to a comfortable Skinny Fit, ideal for everyday wear during All-Season."
PRD1589,Levi's Men's Navy Skinny Fit Straight Leg Jeans,jeans,Straight Leg Jeans,Men,Navy,S,Skinny Fit,Cotton,Levi's,3899,3.7,Winter,"Elevate your look with this stylish Navy straight leg jeans by Levi's. Designed in a comfortable Skinny Fit using high-grade Cotton, perfect for casual or semi-formal outings."
PRD1590,Jack & Jones Women's Beige Relaxed Fit High-Waist Mom Jeans,jeans,High-Waist Mom Jeans,Women,Beige,L,Relaxed Fit,Denim,Jack & Jones,3599,4.6,Autumn,"Essential Jack & Jones Women's high-waist mom jeans tailored with a modern Relaxed Fit. Made of soft, breathable Denim in rich Beige. Ideal choice for Autumn."
PRD1591,Aurelia Men's Red Skinny Fit High-Waist Mom Jeans,jeans,High-Waist Mom Jeans,Men,Red,M,Skinny Fit,Cotton,Aurelia,2399,4.8,All-Season,"Essential Aurelia Men's high-waist mom jeans tailored with a modern Skinny Fit. Made of soft, breathable Cotton in rich Red. Ideal choice for All-Season."
PRD1592,Biba Men's Pink Relaxed Fit High-Waist Mom Jeans,jeans,High-Waist Mom Jeans,Men,Pink,S,Relaxed Fit,Denim,Biba,4499,4.6,Autumn,"Essential Biba Men's high-waist mom jeans tailored with a modern Relaxed Fit. Made of soft, breathable Denim in rich Pink. Ideal choice for Autumn."
PRD1593,Zara Women's Blue Relaxed Fit Skinny Fit Stretch Jeans,jeans,Skinny Fit Stretch Jeans,Women,Blue,XL,Relaxed Fit,Denim,Zara,2499,3.8,Winter,"Essential Zara Women's skinny fit stretch jeans tailored with a modern Relaxed Fit. Made of soft, breathable Denim in rich Blue. Ideal choice for Winter."
PRD1594,FabIndia Women's Brown Slim Fit Slim Fit Denim Jeans,jeans,Slim Fit Denim Jeans,Women,Brown,XL,Slim Fit,Denim,FabIndia,3349,3.5,All-Season,Stay fashion-forward with this versatile Brown slim fit denim jeans from FabIndia. Includes a refined Slim Fit profile and high quality Denim fabric.
PRD1595,Manyavar Men's Navy Relaxed Fit Straight Leg Jeans,jeans,Straight Leg Jeans,Men,Navy,M,Relaxed Fit,Cotton,Manyavar,4449,4.8,Winter,"Top-rated Manyavar straight leg jeans featuring premium Navy Cotton. Tailored to a comfortable Relaxed Fit, ideal for everyday wear during Winter."
PRD1596,Roadster Unisex's Black Relaxed Fit Straight Leg Jeans,jeans,Straight Leg Jeans,Unisex,Black,XXL,Relaxed Fit,Cotton,Roadster,1749,3.5,Autumn,"Crafted from premium Cotton, this Roadster Black straight leg jeans offers exceptional comfort and durability for Autumn wardrobe styling. Features a sleek Relaxed Fit design."
PRD1597,H&M Women's Black Slim Fit Skinny Fit Stretch Jeans,jeans,Skinny Fit Stretch Jeans,Women,Black,XXL,Slim Fit,Cotton,H&M,4399,4.0,All-Season,"Elevate your look with this stylish Black skinny fit stretch jeans by H&M. Designed in a comfortable Slim Fit using high-grade Cotton, perfect for casual or semi-formal outings."
PRD1598,Tommy Hilfiger Men's Green Skinny Fit Straight Leg Jeans,jeans,Straight Leg Jeans,Men,Green,S,Skinny Fit,Cotton,Tommy Hilfiger,2399,3.7,Winter,"Essential Tommy Hilfiger Men's straight leg jeans tailored with a modern Skinny Fit. Made of soft, breathable Cotton in rich Green. Ideal choice for Winter."
PRD1599,Nike Unisex's Yellow Slim Fit Slim Fit Denim Jeans,jeans,Slim Fit Denim Jeans,Unisex,Yellow,L,Slim Fit,Denim,Nike,3499,4.0,Autumn,"Elevate your look with this stylish Yellow slim fit denim jeans by Nike. Designed in a comfortable Slim Fit using high-grade Denim, perfect for casual or semi-formal outings."
PRD1600,US Polo Assn Men's White Slim Fit High-Waist Mom Jeans,jeans,High-Waist Mom Jeans,Men,White,L,Slim Fit,Cotton,US Polo Assn,3499,4.2,Autumn,"Elevate your look with this stylish White high-waist mom jeans by US Polo Assn. Designed in a comfortable Slim Fit using high-grade Cotton, perfect for casual or semi-formal outings."
PRD1601,Levi's Unisex's Black Slim Fit Relaxed Tapered Jeans,jeans,Relaxed Tapered Jeans,Unisex,Black,S,Slim Fit,Cotton,Levi's,2999,4.1,All-Season,"Top-rated Levi's relaxed tapered jeans featuring premium Black Cotton. Tailored to a comfortable Slim Fit, ideal for everyday wear during All-Season."
PRD1602,Under Armour Unisex's Navy Skinny Fit Relaxed Tapered Jeans,jeans,Relaxed Tapered Jeans,Unisex,Navy,XXL,Skinny Fit,Cotton,Under Armour,1599,5.0,All-Season,Stay fashion-forward with this versatile Navy relaxed tapered jeans from Under Armour. Includes a refined Skinny Fit profile and high quality Cotton fabric.
PRD1603,Under Armour Men's Purple Relaxed Fit Straight Leg Jeans,jeans,Straight Leg Jeans,Men,Purple,L,Relaxed Fit,Denim,Under Armour,4099,4.5,Winter,Stay fashion-forward with this versatile Purple straight leg jeans from Under Armour. Includes a refined Relaxed Fit profile and high quality Denim fabric.
PRD1604,Mango Men's White Skinny Fit Straight Leg Jeans,jeans,Straight Leg Jeans,Men,White,M,Skinny Fit,Cotton,Mango,4149,4.9,Winter,"Essential Mango Men's straight leg jeans tailored with a modern Skinny Fit. Made of soft, breathable Cotton in rich White. Ideal choice for Winter."
PRD1605,Tommy Hilfiger Women's Black Slim Fit Relaxed Tapered Jeans,jeans,Relaxed Tapered Jeans,Women,Black,L,Slim Fit,Cotton,Tommy Hilfiger,3249,4.2,All-Season,"Elevate your look with this stylish Black relaxed tapered jeans by Tommy Hilfiger. Designed in a comfortable Slim Fit using high-grade Cotton, perfect for casual or semi-formal outings."
PRD1606,US Polo Assn Unisex's Pink Regular Fit Skinny Fit Stretch Jeans,jeans,Skinny Fit Stretch Jeans,Unisex,Pink,S,Regular Fit,Denim,US Polo Assn,2599,4.3,Winter,"Crafted from premium Denim, this US Polo Assn Pink skinny fit stretch jeans offers exceptional comfort and durability for Winter wardrobe styling. Features a sleek Regular Fit design."
PRD1607,US Polo Assn Women's Grey Relaxed Fit High-Waist Mom Jeans,jeans,High-Waist Mom Jeans,Women,Grey,M,Relaxed Fit,Denim,US Polo Assn,3499,3.7,Autumn,Stay fashion-forward with this versatile Grey high-waist mom jeans from US Polo Assn. Includes a refined Relaxed Fit profile and high quality Denim fabric.
PRD1608,Biba Women's Red Relaxed Fit Slim Fit Denim Jeans,jeans,Slim Fit Denim Jeans,Women,Red,L,Relaxed Fit,Cotton,Biba,3499,4.5,Autumn,"Elevate your look with this stylish Red slim fit denim jeans by Biba. Designed in a comfortable Relaxed Fit using high-grade Cotton, perfect for casual or semi-formal outings."
PRD1609,H&M Women's Blue Relaxed Fit High-Waist Mom Jeans,jeans,High-Waist Mom Jeans,Women,Blue,S,Relaxed Fit,Cotton,H&M,3099,3.8,Autumn,Stay fashion-forward with this versatile Blue high-waist mom jeans from H&M. Includes a refined Relaxed Fit profile and high quality Cotton fabric.
PRD1610,H&M Men's Olive Relaxed Fit High-Waist Mom Jeans,jeans,High-Waist Mom Jeans,Men,Olive,S,Relaxed Fit,Cotton,H&M,1649,3.8,Winter,"Elevate your look with this stylish Olive high-waist mom jeans by H&M. Designed in a comfortable Relaxed Fit using high-grade Cotton, perfect for casual or semi-formal outings."
PRD1611,Under Armour Men's Olive Regular Fit Slim Fit Denim Jeans,jeans,Slim Fit Denim Jeans,Men,Olive,L,Regular Fit,Cotton,Under Armour,2849,4.4,Autumn,Stay fashion-forward with this versatile Olive slim fit denim jeans from Under Armour. Includes a refined Regular Fit profile and high quality Cotton fabric.
PRD1612,Allen Solly Unisex's Navy Skinny Fit Straight Leg Jeans,jeans,Straight Leg Jeans,Unisex,Navy,L,Skinny Fit,Cotton,Allen Solly,1649,4.4,Winter,"Top-rated Allen Solly straight leg jeans featuring premium Navy Cotton. Tailored to a comfortable Skinny Fit, ideal for everyday wear during Winter."
PRD1613,Manyavar Men's Purple Skinny Fit Relaxed Tapered Jeans,jeans,Relaxed Tapered Jeans,Men,Purple,XXL,Skinny Fit,Denim,Manyavar,1499,3.5,Winter,"Top-rated Manyavar relaxed tapered jeans featuring premium Purple Denim. Tailored to a comfortable Skinny Fit, ideal for everyday wear during Winter."
PRD1614,W Women's Purple Slim Fit Slim Fit Denim Jeans,jeans,Slim Fit Denim Jeans,Women,Purple,XXL,Slim Fit,Denim,W,2899,4.4,Winter,Stay fashion-forward with this versatile Purple slim fit denim jeans from W. Includes a refined Slim Fit profile and high quality Denim fabric.
PRD1615,Biba Women's Yellow Regular Fit Relaxed Tapered Jeans,jeans,Relaxed Tapered Jeans,Women,Yellow,M,Regular Fit,Denim,Biba,2049,4.3,Winter,"Essential Biba Women's relaxed tapered jeans tailored with a modern Regular Fit. Made of soft, breathable Denim in rich Yellow. Ideal choice for Winter."
PRD1616,HRX Women's Purple Regular Fit Straight Leg Jeans,jeans,Straight Leg Jeans,Women,Purple,S,Regular Fit,Denim,HRX,3949,3.5,All-Season,Stay fashion-forward with this versatile Purple straight leg jeans from HRX. Includes a refined Regular Fit profile and high quality Denim fabric.
PRD1617,HRX Men's White Relaxed Fit Straight Leg Jeans,jeans,Straight Leg Jeans,Men,White,XXL,Relaxed Fit,Cotton,HRX,2999,4.4,Autumn,Stay fashion-forward with this versatile White straight leg jeans from HRX. Includes a refined Relaxed Fit profile and high quality Cotton fabric.
PRD1618,Manyavar Unisex's Purple Relaxed Fit Relaxed Tapered Jeans,jeans,Relaxed Tapered Jeans,Unisex,Purple,M,Relaxed Fit,Cotton,Manyavar,2049,4.1,Winter,"Crafted from premium Cotton, this Manyavar Purple relaxed tapered jeans offers exceptional comfort and durability for Winter wardrobe styling. Features a sleek Relaxed Fit design."
PRD1619,Under Armour Unisex's Red Skinny Fit Relaxed Tapered Jeans,jeans,Relaxed Tapered Jeans,Unisex,Red,XXL,Skinny Fit,Cotton,Under Armour,2799,3.6,Autumn,"Crafted from premium Cotton, this Under Armour Red relaxed tapered jeans offers exceptional comfort and durability for Autumn wardrobe styling. Features a sleek Skinny Fit design."
PRD1620,Under Armour Unisex's Navy Slim Fit Relaxed Tapered Jeans,jeans,Relaxed Tapered Jeans,Unisex,Navy,S,Slim Fit,Cotton,Under Armour,1849,4.6,Autumn,"Top-rated Under Armour relaxed tapered jeans featuring premium Navy Cotton. Tailored to a comfortable Slim Fit, ideal for everyday wear during Autumn."
PRD1621,Adidas Unisex's Blue Slim Fit Relaxed Tapered Jeans,jeans,Relaxed Tapered Jeans,Unisex,Blue,S,Slim Fit,Denim,Adidas,4099,4.5,Winter,"Top-rated Adidas relaxed tapered jeans featuring premium Blue Denim. Tailored to a comfortable Slim Fit, ideal for everyday wear during Winter."
PRD1622,US Polo Assn Men's Navy Slim Fit High-Waist Mom Jeans,jeans,High-Waist Mom Jeans,Men,Navy,XXL,Slim Fit,Cotton,US Polo Assn,3199,4.4,Winter,"Essential US Polo Assn Men's high-waist mom jeans tailored with a modern Slim Fit. Made of soft, breathable Cotton in rich Navy. Ideal choice for Winter."
PRD1623,HRX Women's Green Regular Fit Skinny Fit Stretch Jeans,jeans,Skinny Fit Stretch Jeans,Women,Green,XXL,Regular Fit,Denim,HRX,4349,4.0,Autumn,"Top-rated HRX skinny fit stretch jeans featuring premium Green Denim. Tailored to a comfortable Regular Fit, ideal for everyday wear during Autumn."
PRD1624,Adidas Unisex's Beige Regular Fit Slim Fit Denim Jeans,jeans,Slim Fit Denim Jeans,Unisex,Beige,L,Regular Fit,Denim,Adidas,4299,4.4,Autumn,"Essential Adidas Unisex's slim fit denim jeans tailored with a modern Regular Fit. Made of soft, breathable Denim in rich Beige. Ideal choice for Autumn."
PRD1625,Mango Men's Yellow Slim Fit Slim Fit Denim Jeans,jeans,Slim Fit Denim Jeans,Men,Yellow,M,Slim Fit,Cotton,Mango,3799,3.9,Winter,"Essential Mango Men's slim fit denim jeans tailored with a modern Slim Fit. Made of soft, breathable Cotton in rich Yellow. Ideal choice for Winter."
PRD1626,Levi's Unisex's White Regular Fit Slim Fit Denim Jeans,jeans,Slim Fit Denim Jeans,Unisex,White,M,Regular Fit,Cotton,Levi's,2349,4.7,Winter,"Elevate your look with this stylish White slim fit denim jeans by Levi's. Designed in a comfortable Regular Fit using high-grade Cotton, perfect for casual or semi-formal outings."
PRD1627,Mango Unisex's Purple Slim Fit Straight Leg Jeans,jeans,Straight Leg Jeans,Unisex,Purple,M,Slim Fit,Cotton,Mango,3699,4.9,All-Season,"Elevate your look with this stylish Purple straight leg jeans by Mango. Designed in a comfortable Slim Fit using high-grade Cotton, perfect for casual or semi-formal outings."
PRD1628,Mango Women's Red Relaxed Fit Relaxed Tapered Jeans,jeans,Relaxed Tapered Jeans,Women,Red,XXL,Relaxed Fit,Denim,Mango,4299,4.8,All-Season,"Crafted from premium Denim, this Mango Red relaxed tapered jeans offers exceptional comfort and durability for All-Season wardrobe styling. Features a sleek Relaxed Fit design."
PRD1629,Adidas Men's White Relaxed Fit Slim Fit Denim Jeans,jeans,Slim Fit Denim Jeans,Men,White,L,Relaxed Fit,Cotton,Adidas,3199,4.6,Winter,"Top-rated Adidas slim fit denim jeans featuring premium White Cotton. Tailored to a comfortable Relaxed Fit, ideal for everyday wear during Winter."
PRD1630,Puma Unisex's Maroon Relaxed Fit Relaxed Tapered Jeans,jeans,Relaxed Tapered Jeans,Unisex,Maroon,M,Relaxed Fit,Cotton,Puma,3449,4.8,Winter,"Crafted from premium Cotton, this Puma Maroon relaxed tapered jeans offers exceptional comfort and durability for Winter wardrobe styling. Features a sleek Relaxed Fit design."
PRD1631,US Polo Assn Women's Olive Skinny Fit Relaxed Tapered Jeans,jeans,Relaxed Tapered Jeans,Women,Olive,XXL,Skinny Fit,Denim,US Polo Assn,3899,4.0,All-Season,Stay fashion-forward with this versatile Olive relaxed tapered jeans from US Polo Assn. Includes a refined Skinny Fit profile and high quality Denim fabric.
PRD1632,Adidas Women's Green Slim Fit Skinny Fit Stretch Jeans,jeans,Skinny Fit Stretch Jeans,Women,Green,XXL,Slim Fit,Cotton,Adidas,2899,4.2,Autumn,"Elevate your look with this stylish Green skinny fit stretch jeans by Adidas. Designed in a comfortable Slim Fit using high-grade Cotton, perfect for casual or semi-formal outings."
PRD1633,Under Armour Unisex's Navy Regular Fit Straight Leg Jeans,jeans,Straight Leg Jeans,Unisex,Navy,S,Regular Fit,Cotton,Under Armour,4049,3.5,Autumn,"Crafted from premium Cotton, this Under Armour Navy straight leg jeans offers exceptional comfort and durability for Autumn wardrobe styling. Features a sleek Regular Fit design."
PRD1634,Levi's Men's Yellow Slim Fit Relaxed Tapered Jeans,jeans,Relaxed Tapered Jeans,Men,Yellow,M,Slim Fit,Cotton,Levi's,4249,3.9,Winter,"Elevate your look with this stylish Yellow relaxed tapered jeans by Levi's. Designed in a comfortable Slim Fit using high-grade Cotton, perfect for casual or semi-formal outings."
PRD1635,Zara Unisex's Blue Slim Fit Slim Fit Denim Jeans,jeans,Slim Fit Denim Jeans,Unisex,Blue,S,Slim Fit,Denim,Zara,4149,4.9,Autumn,"Crafted from premium Denim, this Zara Blue slim fit denim jeans offers exceptional comfort and durability for Autumn wardrobe styling. Features a sleek Slim Fit design."
PRD1636,Roadster Unisex's Brown Regular Fit Relaxed Tapered Jeans,jeans,Relaxed Tapered Jeans,Unisex,Brown,M,Regular Fit,Denim,Roadster,2299,3.9,Autumn,"Crafted from premium Denim, this Roadster Brown relaxed tapered jeans offers exceptional comfort and durability for Autumn wardrobe styling. Features a sleek Regular Fit design."
PRD1637,Jack & Jones Women's Maroon Skinny Fit Skinny Fit Stretch Jeans,jeans,Skinny Fit Stretch Jeans,Women,Maroon,S,Skinny Fit,Cotton,Jack & Jones,2399,4.7,All-Season,Stay fashion-forward with this versatile Maroon skinny fit stretch jeans from Jack & Jones. Includes a refined Skinny Fit profile and high quality Cotton fabric.
PRD1638,Biba Men's Green Skinny Fit Skinny Fit Stretch Jeans,jeans,Skinny Fit Stretch Jeans,Men,Green,S,Skinny Fit,Denim,Biba,3299,5.0,Winter,"Elevate your look with this stylish Green skinny fit stretch jeans by Biba. Designed in a comfortable Skinny Fit using high-grade Denim, perfect for casual or semi-formal outings."
PRD1639,Biba Unisex's Beige Slim Fit Straight Leg Jeans,jeans,Straight Leg Jeans,Unisex,Beige,XL,Slim Fit,Denim,Biba,2149,4.4,Autumn,"Crafted from premium Denim, this Biba Beige straight leg jeans offers exceptional comfort and durability for Autumn wardrobe styling. Features a sleek Slim Fit design."
PRD1640,Jack & Jones Men's Black Slim Fit Skinny Fit Stretch Jeans,jeans,Skinny Fit Stretch Jeans,Men,Black,L,Slim Fit,Denim,Jack & Jones,4449,4.2,Autumn,Stay fashion-forward with this versatile Black skinny fit stretch jeans from Jack & Jones. Includes a refined Slim Fit profile and high quality Denim fabric.
PRD1641,Roadster Men's Olive Relaxed Fit Slim Fit Denim Jeans,jeans,Slim Fit Denim Jeans,Men,Olive,L,Relaxed Fit,Cotton,Roadster,2899,4.4,All-Season,"Top-rated Roadster slim fit denim jeans featuring premium Olive Cotton. Tailored to a comfortable Relaxed Fit, ideal for everyday wear during All-Season."
PRD1642,Mango Women's Grey Slim Fit Relaxed Tapered Jeans,jeans,Relaxed Tapered Jeans,Women,Grey,XL,Slim Fit,Denim,Mango,4099,4.7,All-Season,Stay fashion-forward with this versatile Grey relaxed tapered jeans from Mango. Includes a refined Slim Fit profile and high quality Denim fabric.
PRD1643,Nike Unisex's Navy Skinny Fit High-Waist Mom Jeans,jeans,High-Waist Mom Jeans,Unisex,Navy,S,Skinny Fit,Cotton,Nike,3849,5.0,Winter,"Crafted from premium Cotton, this Nike Navy high-waist mom jeans offers exceptional comfort and durability for Winter wardrobe styling. Features a sleek Skinny Fit design."
PRD1644,W Women's Blue Relaxed Fit High-Waist Mom Jeans,jeans,High-Waist Mom Jeans,Women,Blue,M,Relaxed Fit,Cotton,W,1999,4.3,Autumn,Stay fashion-forward with this versatile Blue high-waist mom jeans from W. Includes a refined Relaxed Fit profile and high quality Cotton fabric.
PRD1645,Allen Solly Unisex's Grey Slim Fit Skinny Fit Stretch Jeans,jeans,Skinny Fit Stretch Jeans,Unisex,Grey,S,Slim Fit,Cotton,Allen Solly,3849,4.2,Winter,"Elevate your look with this stylish Grey skinny fit stretch jeans by Allen Solly. Designed in a comfortable Slim Fit using high-grade Cotton, perfect for casual or semi-formal outings."
PRD1646,Roadster Men's Black Regular Fit Slim Fit Denim Jeans,jeans,Slim Fit Denim Jeans,Men,Black,S,Regular Fit,Cotton,Roadster,4499,4.3,Winter,"Essential Roadster Men's slim fit denim jeans tailored with a modern Regular Fit. Made of soft, breathable Cotton in rich Black. Ideal choice for Winter."
PRD1647,Mango Women's Black Slim Fit High-Waist Mom Jeans,jeans,High-Waist Mom Jeans,Women,Black,L,Slim Fit,Cotton,Mango,4499,4.6,All-Season,Stay fashion-forward with this versatile Black high-waist mom jeans from Mango. Includes a refined Slim Fit profile and high quality Cotton fabric.
PRD1648,Nike Unisex's Olive Relaxed Fit Straight Leg Jeans,jeans,Straight Leg Jeans,Unisex,Olive,XXL,Relaxed Fit,Denim,Nike,2249,4.9,Autumn,"Crafted from premium Denim, this Nike Olive straight leg jeans offers exceptional comfort and durability for Autumn wardrobe styling. Features a sleek Relaxed Fit design."
PRD1649,Roadster Unisex's Black Relaxed Fit Relaxed Tapered Jeans,jeans,Relaxed Tapered Jeans,Unisex,Black,M,Relaxed Fit,Denim,Roadster,1349,3.8,All-Season,"Crafted from premium Denim, this Roadster Black relaxed tapered jeans offers exceptional comfort and durability for All-Season wardrobe styling. Features a sleek Relaxed Fit design."
PRD1650,US Polo Assn Women's Pink Regular Fit Slim Fit Denim Jeans,jeans,Slim Fit Denim Jeans,Women,Pink,S,Regular Fit,Denim,US Polo Assn,3299,4.4,All-Season,"Top-rated US Polo Assn slim fit denim jeans featuring premium Pink Denim. Tailored to a comfortable Regular Fit, ideal for everyday wear during All-Season."
PRD1651,Puma Men's Grey Skinny Fit Slim Fit Denim Jeans,jeans,Slim Fit Denim Jeans,Men,Grey,S,Skinny Fit,Cotton,Puma,4099,4.4,Winter,"Elevate your look with this stylish Grey slim fit denim jeans by Puma. Designed in a comfortable Skinny Fit using high-grade Cotton, perfect for casual or semi-formal outings."
PRD1652,Tommy Hilfiger Men's Pink Regular Fit Straight Leg Jeans,jeans,Straight Leg Jeans,Men,Pink,S,Regular Fit,Cotton,Tommy Hilfiger,2399,3.7,All-Season,Stay fashion-forward with this versatile Pink straight leg jeans from Tommy Hilfiger. Includes a refined Regular Fit profile and high quality Cotton fabric.
PRD1653,FabIndia Unisex's White Relaxed Fit Skinny Fit Stretch Jeans,jeans,Skinny Fit Stretch Jeans,Unisex,White,S,Relaxed Fit,Denim,FabIndia,1799,3.6,Autumn,"Top-rated FabIndia skinny fit stretch jeans featuring premium White Denim. Tailored to a comfortable Relaxed Fit, ideal for everyday wear during Autumn."
PRD1654,Biba Men's Beige Slim Fit Straight Leg Jeans,jeans,Straight Leg Jeans,Men,Beige,M,Slim Fit,Denim,Biba,1649,4.6,All-Season,"Top-rated Biba straight leg jeans featuring premium Beige Denim. Tailored to a comfortable Slim Fit, ideal for everyday wear during All-Season."
PRD1655,US Polo Assn Unisex's Brown Relaxed Fit Relaxed Tapered Jeans,jeans,Relaxed Tapered Jeans,Unisex,Brown,M,Relaxed Fit,Denim,US Polo Assn,3899,3.9,All-Season,Stay fashion-forward with this versatile Brown relaxed tapered jeans from US Polo Assn. Includes a refined Relaxed Fit profile and high quality Denim fabric.
PRD1656,HRX Men's Pink Slim Fit Straight Leg Jeans,jeans,Straight Leg Jeans,Men,Pink,XL,Slim Fit,Denim,HRX,3799,4.9,Autumn,"Essential HRX Men's straight leg jeans tailored with a modern Slim Fit. Made of soft, breathable Denim in rich Pink. Ideal choice for Autumn."
PRD1657,W Men's Yellow Regular Fit Relaxed Tapered Jeans,jeans,Relaxed Tapered Jeans,Men,Yellow,XXL,Regular Fit,Denim,W,1649,4.4,All-Season,"Top-rated W relaxed tapered jeans featuring premium Yellow Denim. Tailored to a comfortable Regular Fit, ideal for everyday wear during All-Season."
PRD1658,Manyavar Women's Brown Regular Fit Straight Leg Jeans,jeans,Straight Leg Jeans,Women,Brown,M,Regular Fit,Cotton,Manyavar,1749,4.7,All-Season,Stay fashion-forward with this versatile Brown straight leg jeans from Manyavar. Includes a refined Regular Fit profile and high quality Cotton fabric.
PRD1659,Mango Men's Olive Slim Fit Straight Leg Jeans,jeans,Straight Leg Jeans,Men,Olive,L,Slim Fit,Denim,Mango,2449,3.8,Autumn,"Essential Mango Men's straight leg jeans tailored with a modern Slim Fit. Made of soft, breathable Denim in rich Olive. Ideal choice for Autumn."
PRD1660,Tommy Hilfiger Women's Black Slim Fit High-Waist Mom Jeans,jeans,High-Waist Mom Jeans,Women,Black,M,Slim Fit,Denim,Tommy Hilfiger,1899,4.7,Autumn,Stay fashion-forward with this versatile Black high-waist mom jeans from Tommy Hilfiger. Includes a refined Slim Fit profile and high quality Denim fabric.
PRD1661,Manyavar Men's Red Relaxed Fit Slim Fit Denim Jeans,jeans,Slim Fit Denim Jeans,Men,Red,M,Relaxed Fit,Cotton,Manyavar,4349,4.5,Winter,"Essential Manyavar Men's slim fit denim jeans tailored with a modern Relaxed Fit. Made of soft, breathable Cotton in rich Red. Ideal choice for Winter."
PRD1662,Puma Women's Red Slim Fit Slim Fit Denim Jeans,jeans,Slim Fit Denim Jeans,Women,Red,XL,Slim Fit,Denim,Puma,2099,4.1,Autumn,"Elevate your look with this stylish Red slim fit denim jeans by Puma. Designed in a comfortable Slim Fit using high-grade Denim, perfect for casual or semi-formal outings."
PRD1663,H&M Unisex's Beige Slim Fit Relaxed Tapered Jeans,jeans,Relaxed Tapered Jeans,Unisex,Beige,M,Slim Fit,Cotton,H&M,3749,4.2,All-Season,Stay fashion-forward with this versatile Beige relaxed tapered jeans from H&M. Includes a refined Slim Fit profile and high quality Cotton fabric.
PRD1664,W Women's Maroon Regular Fit Straight Leg Jeans,jeans,Straight Leg Jeans,Women,Maroon,M,Regular Fit,Cotton,W,2649,3.7,Winter,"Top-rated W straight leg jeans featuring premium Maroon Cotton. Tailored to a comfortable Regular Fit, ideal for everyday wear during Winter."
PRD1665,Zara Men's Blue Relaxed Fit Skinny Fit Stretch Jeans,jeans,Skinny Fit Stretch Jeans,Men,Blue,M,Relaxed Fit,Cotton,Zara,4399,4.0,Winter,"Essential Zara Men's skinny fit stretch jeans tailored with a modern Relaxed Fit. Made of soft, breathable Cotton in rich Blue. Ideal choice for Winter."
PRD1666,FabIndia Men's Pink Regular Fit High-Waist Mom Jeans,jeans,High-Waist Mom Jeans,Men,Pink,XXL,Regular Fit,Denim,FabIndia,3299,4.8,Winter,"Elevate your look with this stylish Pink high-waist mom jeans by FabIndia. Designed in a comfortable Regular Fit using high-grade Denim, perfect for casual or semi-formal outings."
PRD1667,Under Armour Women's Green Slim Fit Relaxed Tapered Jeans,jeans,Relaxed Tapered Jeans,Women,Green,M,Slim Fit,Cotton,Under Armour,2299,4.0,Autumn,"Top-rated Under Armour relaxed tapered jeans featuring premium Green Cotton. Tailored to a comfortable Slim Fit, ideal for everyday wear during Autumn."
PRD1668,Puma Men's Pink Slim Fit High-Waist Mom Jeans,jeans,High-Waist Mom Jeans,Men,Pink,S,Slim Fit,Cotton,Puma,3199,4.6,All-Season,"Top-rated Puma high-waist mom jeans featuring premium Pink Cotton. Tailored to a comfortable Slim Fit, ideal for everyday wear during All-Season."
PRD1669,Zara Unisex's Grey Relaxed Fit Relaxed Tapered Jeans,jeans,Relaxed Tapered Jeans,Unisex,Grey,XL,Relaxed Fit,Denim,Zara,2249,3.6,Winter,"Crafted from premium Denim, this Zara Grey relaxed tapered jeans offers exceptional comfort and durability for Winter wardrobe styling. Features a sleek Relaxed Fit design."
PRD1670,HRX Men's Navy Skinny Fit Straight Leg Jeans,jeans,Straight Leg Jeans,Men,Navy,S,Skinny Fit,Denim,HRX,1349,4.2,Autumn,"Essential HRX Men's straight leg jeans tailored with a modern Skinny Fit. Made of soft, breathable Denim in rich Navy. Ideal choice for Autumn."
PRD1671,FabIndia Unisex's Maroon Slim Fit Relaxed Tapered Jeans,jeans,Relaxed Tapered Jeans,Unisex,Maroon,M,Slim Fit,Cotton,FabIndia,4149,4.1,Winter,"Essential FabIndia Unisex's relaxed tapered jeans tailored with a modern Slim Fit. Made of soft, breathable Cotton in rich Maroon. Ideal choice for Winter."
PRD1672,Jack & Jones Unisex's Blue Relaxed Fit Slim Fit Denim Jeans,jeans,Slim Fit Denim Jeans,Unisex,Blue,S,Relaxed Fit,Cotton,Jack & Jones,2499,4.1,Autumn,"Essential Jack & Jones Unisex's slim fit denim jeans tailored with a modern Relaxed Fit. Made of soft, breathable Cotton in rich Blue. Ideal choice for Autumn."
PRD1673,Aurelia Men's Brown Slim Fit High-Waist Mom Jeans,jeans,High-Waist Mom Jeans,Men,Brown,S,Slim Fit,Cotton,Aurelia,3399,4.9,Autumn,"Essential Aurelia Men's high-waist mom jeans tailored with a modern Slim Fit. Made of soft, breathable Cotton in rich Brown. Ideal choice for Autumn."
PRD1674,Zara Women's Navy Relaxed Fit Slim Fit Denim Jeans,jeans,Slim Fit Denim Jeans,Women,Navy,L,Relaxed Fit,Denim,Zara,1999,4.5,Winter,"Crafted from premium Denim, this Zara Navy slim fit denim jeans offers exceptional comfort and durability for Winter wardrobe styling. Features a sleek Relaxed Fit design."
PRD1675,Aurelia Men's Navy Regular Fit Straight Leg Jeans,jeans,Straight Leg Jeans,Men,Navy,XL,Regular Fit,Denim,Aurelia,4299,4.9,Autumn,"Top-rated Aurelia straight leg jeans featuring premium Navy Denim. Tailored to a comfortable Regular Fit, ideal for everyday wear during Autumn."
PRD1676,Allen Solly Women's Navy Skinny Fit Straight Leg Jeans,jeans,Straight Leg Jeans,Women,Navy,S,Skinny Fit,Cotton,Allen Solly,1549,4.1,Winter,Stay fashion-forward with this versatile Navy straight leg jeans from Allen Solly. Includes a refined Skinny Fit profile and high quality Cotton fabric.
PRD1677,Mango Unisex's Purple Slim Fit High-Waist Mom Jeans,jeans,High-Waist Mom Jeans,Unisex,Purple,XXL,Slim Fit,Cotton,Mango,4049,4.7,Autumn,"Essential Mango Unisex's high-waist mom jeans tailored with a modern Slim Fit. Made of soft, breathable Cotton in rich Purple. Ideal choice for Autumn."
PRD1678,Jack & Jones Women's Brown Slim Fit High-Waist Mom Jeans,jeans,High-Waist Mom Jeans,Women,Brown,S,Slim Fit,Denim,Jack & Jones,1599,4.1,Winter,"Elevate your look with this stylish Brown high-waist mom jeans by Jack & Jones. Designed in a comfortable Slim Fit using high-grade Denim, perfect for casual or semi-formal outings."
PRD1679,US Polo Assn Men's White Skinny Fit Slim Fit Denim Jeans,jeans,Slim Fit Denim Jeans,Men,White,M,Skinny Fit,Denim,US Polo Assn,3299,3.7,Autumn,"Elevate your look with this stylish White slim fit denim jeans by US Polo Assn. Designed in a comfortable Skinny Fit using high-grade Denim, perfect for casual or semi-formal outings."
PRD1680,Manyavar Women's Grey Regular Fit Slim Fit Denim Jeans,jeans,Slim Fit Denim Jeans,Women,Grey,XL,Regular Fit,Cotton,Manyavar,3099,4.6,Winter,"Crafted from premium Cotton, this Manyavar Grey slim fit denim jeans offers exceptional comfort and durability for Winter wardrobe styling. Features a sleek Regular Fit design."
PRD1681,US Polo Assn Men's Black Regular Fit Straight Leg Jeans,jeans,Straight Leg Jeans,Men,Black,XXL,Regular Fit,Cotton,US Polo Assn,2699,4.5,Winter,"Essential US Polo Assn Men's straight leg jeans tailored with a modern Regular Fit. Made of soft, breathable Cotton in rich Black. Ideal choice for Winter."
PRD1682,Mango Unisex's Maroon Relaxed Fit High-Waist Mom Jeans,jeans,High-Waist Mom Jeans,Unisex,Maroon,XXL,Relaxed Fit,Cotton,Mango,1799,4.8,Winter,"Essential Mango Unisex's high-waist mom jeans tailored with a modern Relaxed Fit. Made of soft, breathable Cotton in rich Maroon. Ideal choice for Winter."
PRD1683,FabIndia Men's Beige Skinny Fit Skinny Fit Stretch Jeans,jeans,Skinny Fit Stretch Jeans,Men,Beige,M,Skinny Fit,Cotton,FabIndia,2699,3.9,All-Season,"Elevate your look with this stylish Beige skinny fit stretch jeans by FabIndia. Designed in a comfortable Skinny Fit using high-grade Cotton, perfect for casual or semi-formal outings."
PRD1684,FabIndia Women's White Regular Fit High-Waist Mom Jeans,jeans,High-Waist Mom Jeans,Women,White,M,Regular Fit,Denim,FabIndia,1749,3.6,All-Season,"Essential FabIndia Women's high-waist mom jeans tailored with a modern Regular Fit. Made of soft, breathable Denim in rich White. Ideal choice for All-Season."
PRD1685,Under Armour Women's Green Skinny Fit Straight Leg Jeans,jeans,Straight Leg Jeans,Women,Green,XXL,Skinny Fit,Denim,Under Armour,4149,3.6,All-Season,"Essential Under Armour Women's straight leg jeans tailored with a modern Skinny Fit. Made of soft, breathable Denim in rich Green. Ideal choice for All-Season."
PRD1686,W Women's Beige Regular Fit Straight Leg Jeans,jeans,Straight Leg Jeans,Women,Beige,S,Regular Fit,Cotton,W,2949,4.9,All-Season,"Elevate your look with this stylish Beige straight leg jeans by W. Designed in a comfortable Regular Fit using high-grade Cotton, perfect for casual or semi-formal outings."
PRD1687,Jack & Jones Men's Black Skinny Fit Skinny Fit Stretch Jeans,jeans,Skinny Fit Stretch Jeans,Men,Black,L,Skinny Fit,Cotton,Jack & Jones,4349,5.0,Winter,"Top-rated Jack & Jones skinny fit stretch jeans featuring premium Black Cotton. Tailored to a comfortable Skinny Fit, ideal for everyday wear during Winter."
PRD1688,Roadster Unisex's Beige Skinny Fit High-Waist Mom Jeans,jeans,High-Waist Mom Jeans,Unisex,Beige,XL,Skinny Fit,Denim,Roadster,1449,3.7,Autumn,"Top-rated Roadster high-waist mom jeans featuring premium Beige Denim. Tailored to a comfortable Skinny Fit, ideal for everyday wear during Autumn."
PRD1689,Nike Men's Grey Regular Fit Skinny Fit Stretch Jeans,jeans,Skinny Fit Stretch Jeans,Men,Grey,S,Regular Fit,Cotton,Nike,2599,3.6,Winter,"Elevate your look with this stylish Grey skinny fit stretch jeans by Nike. Designed in a comfortable Regular Fit using high-grade Cotton, perfect for casual or semi-formal outings."
PRD1690,Under Armour Men's Brown Skinny Fit High-Waist Mom Jeans,jeans,High-Waist Mom Jeans,Men,Brown,S,Skinny Fit,Denim,Under Armour,3499,4.8,All-Season,"Crafted from premium Denim, this Under Armour Brown high-waist mom jeans offers exceptional comfort and durability for All-Season wardrobe styling. Features a sleek Skinny Fit design."
PRD1691,Manyavar Men's Beige Skinny Fit Relaxed Tapered Jeans,jeans,Relaxed Tapered Jeans,Men,Beige,L,Skinny Fit,Denim,Manyavar,2899,3.7,Autumn,Stay fashion-forward with this versatile Beige relaxed tapered jeans from Manyavar. Includes a refined Skinny Fit profile and high quality Denim fabric.
PRD1692,W Women's Black Skinny Fit Relaxed Tapered Jeans,jeans,Relaxed Tapered Jeans,Women,Black,L,Skinny Fit,Cotton,W,3099,4.8,Winter,"Crafted from premium Cotton, this W Black relaxed tapered jeans offers exceptional comfort and durability for Winter wardrobe styling. Features a sleek Skinny Fit design."
PRD1693,Allen Solly Unisex's Grey Relaxed Fit Relaxed Tapered Jeans,jeans,Relaxed Tapered Jeans,Unisex,Grey,XL,Relaxed Fit,Cotton,Allen Solly,4249,4.8,All-Season,"Elevate your look with this stylish Grey relaxed tapered jeans by Allen Solly. Designed in a comfortable Relaxed Fit using high-grade Cotton, perfect for casual or semi-formal outings."
PRD1694,Under Armour Men's White Slim Fit Slim Fit Slacks,trousers,Slim Fit Slacks,Men,White,XXL,Slim Fit,Polyester,Under Armour,2449,3.6,Spring,"Top-rated Under Armour slim fit slacks featuring premium White Polyester. Tailored to a comfortable Slim Fit, ideal for everyday wear during Spring."
PRD1695,Biba Men's Grey Relaxed Fit Chino Trousers,trousers,Chino Trousers,Men,Grey,M,Relaxed Fit,Polyester,Biba,3349,4.2,Spring,"Top-rated Biba chino trousers featuring premium Grey Polyester. Tailored to a comfortable Relaxed Fit, ideal for everyday wear during Spring."
PRD1696,Roadster Men's Purple Regular Fit Formal Dress Trousers,trousers,Formal Dress Trousers,Men,Purple,XL,Regular Fit,Polyester,Roadster,1249,4.7,Autumn,"Essential Roadster Men's formal dress trousers tailored with a modern Regular Fit. Made of soft, breathable Polyester in rich Purple. Ideal choice for Autumn."
PRD1697,Under Armour Women's Yellow Relaxed Fit Cargo Pants,trousers,Cargo Pants,Women,Yellow,S,Relaxed Fit,Wool,Under Armour,1099,3.7,All-Season,"Essential Under Armour Women's cargo pants tailored with a modern Relaxed Fit. Made of soft, breathable Wool in rich Yellow. Ideal choice for All-Season."
PRD1698,Mango Unisex's Olive Regular Fit Chino Trousers,trousers,Chino Trousers,Unisex,Olive,XL,Regular Fit,Wool,Mango,3899,4.5,All-Season,"Crafted from premium Wool, this Mango Olive chino trousers offers exceptional comfort and durability for All-Season wardrobe styling. Features a sleek Regular Fit design."
PRD1699,Nike Women's Blue Relaxed Fit Cargo Pants,trousers,Cargo Pants,Women,Blue,XL,Relaxed Fit,Polyester,Nike,3399,4.2,Autumn,"Essential Nike Women's cargo pants tailored with a modern Relaxed Fit. Made of soft, breathable Polyester in rich Blue. Ideal choice for Autumn."
PRD1700,Mango Women's Yellow Relaxed Fit Chino Trousers,trousers,Chino Trousers,Women,Yellow,M,Relaxed Fit,Cotton,Mango,3449,3.6,Spring,"Essential Mango Women's chino trousers tailored with a modern Relaxed Fit. Made of soft, breathable Cotton in rich Yellow. Ideal choice for Spring."
PRD1701,Jack & Jones Women's White Slim Fit Formal Dress Trousers,trousers,Formal Dress Trousers,Women,White,XL,Slim Fit,Polyester,Jack & Jones,3699,4.9,Spring,"Essential Jack & Jones Women's formal dress trousers tailored with a modern Slim Fit. Made of soft, breathable Polyester in rich White. Ideal choice for Spring."
PRD1702,Zara Women's Yellow Relaxed Fit Cargo Pants,trousers,Cargo Pants,Women,Yellow,M,Relaxed Fit,Cotton,Zara,3649,3.8,Autumn,"Crafted from premium Cotton, this Zara Yellow cargo pants offers exceptional comfort and durability for Autumn wardrobe styling. Features a sleek Relaxed Fit design."
PRD1703,FabIndia Women's Purple Regular Fit Slim Fit Slacks,trousers,Slim Fit Slacks,Women,Purple,L,Regular Fit,Polyester,FabIndia,1449,4.3,Spring,"Essential FabIndia Women's slim fit slacks tailored with a modern Regular Fit. Made of soft, breathable Polyester in rich Purple. Ideal choice for Spring."
PRD1704,Roadster Men's Yellow Regular Fit Chino Trousers,trousers,Chino Trousers,Men,Yellow,XL,Regular Fit,Polyester,Roadster,2449,4.9,Spring,"Elevate your look with this stylish Yellow chino trousers by Roadster. Designed in a comfortable Regular Fit using high-grade Polyester, perfect for casual or semi-formal outings."
PRD1705,Nike Men's Yellow Slim Fit Formal Dress Trousers,trousers,Formal Dress Trousers,Men,Yellow,XXL,Slim Fit,Linen,Nike,3899,4.7,Autumn,"Top-rated Nike formal dress trousers featuring premium Yellow Linen. Tailored to a comfortable Slim Fit, ideal for everyday wear during Autumn."
PRD1706,Aurelia Unisex's Brown Slim Fit Slim Fit Slacks,trousers,Slim Fit Slacks,Unisex,Brown,S,Slim Fit,Wool,Aurelia,1549,4.7,Spring,"Crafted from premium Wool, this Aurelia Brown slim fit slacks offers exceptional comfort and durability for Spring wardrobe styling. Features a sleek Slim Fit design."
PRD1707,Mango Women's Maroon Regular Fit Cargo Pants,trousers,Cargo Pants,Women,Maroon,XXL,Regular Fit,Linen,Mango,3199,4.6,Spring,"Essential Mango Women's cargo pants tailored with a modern Regular Fit. Made of soft, breathable Linen in rich Maroon. Ideal choice for Spring."
PRD1708,FabIndia Men's Maroon Slim Fit Cargo Pants,trousers,Cargo Pants,Men,Maroon,M,Slim Fit,Linen,FabIndia,3899,3.8,All-Season,"Elevate your look with this stylish Maroon cargo pants by FabIndia. Designed in a comfortable Slim Fit using high-grade Linen, perfect for casual or semi-formal outings."
PRD1709,Allen Solly Men's Grey Relaxed Fit Formal Dress Trousers,trousers,Formal Dress Trousers,Men,Grey,S,Relaxed Fit,Cotton,Allen Solly,3049,4.6,All-Season,"Crafted from premium Cotton, this Allen Solly Grey formal dress trousers offers exceptional comfort and durability for All-Season wardrobe styling. Features a sleek Relaxed Fit design."
PRD1710,Allen Solly Men's Brown Relaxed Fit Chino Trousers,trousers,Chino Trousers,Men,Brown,S,Relaxed Fit,Cotton,Allen Solly,2099,3.6,Spring,"Essential Allen Solly Men's chino trousers tailored with a modern Relaxed Fit. Made of soft, breathable Cotton in rich Brown. Ideal choice for Spring."
PRD1711,Levi's Men's Pink Slim Fit Chino Trousers,trousers,Chino Trousers,Men,Pink,L,Slim Fit,Linen,Levi's,1199,3.6,All-Season,"Essential Levi's Men's chino trousers tailored with a modern Slim Fit. Made of soft, breathable Linen in rich Pink. Ideal choice for All-Season."
PRD1712,Under Armour Women's White Relaxed Fit Cargo Pants,trousers,Cargo Pants,Women,White,XXL,Relaxed Fit,Linen,Under Armour,1349,3.6,Autumn,"Top-rated Under Armour cargo pants featuring premium White Linen. Tailored to a comfortable Relaxed Fit, ideal for everyday wear during Autumn."
PRD1713,Levi's Men's Maroon Slim Fit Slim Fit Slacks,trousers,Slim Fit Slacks,Men,Maroon,XXL,Slim Fit,Polyester,Levi's,1099,5.0,All-Season,"Crafted from premium Polyester, this Levi's Maroon slim fit slacks offers exceptional comfort and durability for All-Season wardrobe styling. Features a sleek Slim Fit design."
PRD1714,Allen Solly Unisex's Beige Regular Fit Slim Fit Slacks,trousers,Slim Fit Slacks,Unisex,Beige,S,Regular Fit,Linen,Allen Solly,1799,4.8,Spring,Stay fashion-forward with this versatile Beige slim fit slacks from Allen Solly. Includes a refined Regular Fit profile and high quality Linen fabric.
PRD1715,HRX Unisex's Red Regular Fit Formal Dress Trousers,trousers,Formal Dress Trousers,Unisex,Red,S,Regular Fit,Cotton,HRX,2999,3.7,Spring,"Elevate your look with this stylish Red formal dress trousers by HRX. Designed in a comfortable Regular Fit using high-grade Cotton, perfect for casual or semi-formal outings."
PRD1716,Mango Unisex's Green Relaxed Fit Cargo Pants,trousers,Cargo Pants,Unisex,Green,L,Relaxed Fit,Cotton,Mango,3099,3.7,All-Season,"Essential Mango Unisex's cargo pants tailored with a modern Relaxed Fit. Made of soft, breathable Cotton in rich Green. Ideal choice for All-Season."
PRD1717,Jack & Jones Unisex's Green Relaxed Fit Slim Fit Slacks,trousers,Slim Fit Slacks,Unisex,Green,XXL,Relaxed Fit,Wool,Jack & Jones,2749,3.9,All-Season,Stay fashion-forward with this versatile Green slim fit slacks from Jack & Jones. Includes a refined Relaxed Fit profile and high quality Wool fabric.
PRD1718,Allen Solly Women's Olive Regular Fit Chino Trousers,trousers,Chino Trousers,Women,Olive,XL,Regular Fit,Linen,Allen Solly,3849,3.7,All-Season,Stay fashion-forward with this versatile Olive chino trousers from Allen Solly. Includes a refined Regular Fit profile and high quality Linen fabric.
PRD1719,Manyavar Men's White Regular Fit Chino Trousers,trousers,Chino Trousers,Men,White,XXL,Regular Fit,Wool,Manyavar,1499,4.6,Autumn,"Elevate your look with this stylish White chino trousers by Manyavar. Designed in a comfortable Regular Fit using high-grade Wool, perfect for casual or semi-formal outings."
PRD1720,H&M Men's Navy Slim Fit Cargo Pants,trousers,Cargo Pants,Men,Navy,M,Slim Fit,Wool,H&M,2799,4.6,All-Season,"Essential H&M Men's cargo pants tailored with a modern Slim Fit. Made of soft, breathable Wool in rich Navy. Ideal choice for All-Season."
PRD1721,Under Armour Women's Brown Relaxed Fit Slim Fit Slacks,trousers,Slim Fit Slacks,Women,Brown,XL,Relaxed Fit,Wool,Under Armour,3799,4.4,Spring,Stay fashion-forward with this versatile Brown slim fit slacks from Under Armour. Includes a refined Relaxed Fit profile and high quality Wool fabric.
PRD1722,Mango Women's White Regular Fit Slim Fit Slacks,trousers,Slim Fit Slacks,Women,White,L,Regular Fit,Cotton,Mango,3099,4.2,All-Season,"Elevate your look with this stylish White slim fit slacks by Mango. Designed in a comfortable Regular Fit using high-grade Cotton, perfect for casual or semi-formal outings."
PRD1723,Levi's Unisex's Black Slim Fit Chino Trousers,trousers,Chino Trousers,Unisex,Black,S,Slim Fit,Wool,Levi's,1799,4.1,Autumn,"Essential Levi's Unisex's chino trousers tailored with a modern Slim Fit. Made of soft, breathable Wool in rich Black. Ideal choice for Autumn."
PRD1724,Roadster Unisex's Pink Slim Fit Cargo Pants,trousers,Cargo Pants,Unisex,Pink,XXL,Slim Fit,Cotton,Roadster,3099,4.7,Autumn,"Elevate your look with this stylish Pink cargo pants by Roadster. Designed in a comfortable Slim Fit using high-grade Cotton, perfect for casual or semi-formal outings."
PRD1725,US Polo Assn Women's Yellow Regular Fit Pleated Linen Trousers,trousers,Pleated Linen Trousers,Women,Yellow,XXL,Regular Fit,Polyester,US Polo Assn,1149,4.9,Autumn,"Crafted from premium Polyester, this US Polo Assn Yellow pleated linen trousers offers exceptional comfort and durability for Autumn wardrobe styling. Features a sleek Regular Fit design."
PRD1726,HRX Women's Beige Regular Fit Chino Trousers,trousers,Chino Trousers,Women,Beige,XL,Regular Fit,Wool,HRX,1199,3.5,Spring,"Top-rated HRX chino trousers featuring premium Beige Wool. Tailored to a comfortable Regular Fit, ideal for everyday wear during Spring."
PRD1727,US Polo Assn Women's Grey Slim Fit Formal Dress Trousers,trousers,Formal Dress Trousers,Women,Grey,XL,Slim Fit,Polyester,US Polo Assn,3049,4.6,Autumn,"Top-rated US Polo Assn formal dress trousers featuring premium Grey Polyester. Tailored to a comfortable Slim Fit, ideal for everyday wear during Autumn."
PRD1728,Mango Unisex's Yellow Relaxed Fit Slim Fit Slacks,trousers,Slim Fit Slacks,Unisex,Yellow,XXL,Relaxed Fit,Wool,Mango,1699,4.3,Spring,Stay fashion-forward with this versatile Yellow slim fit slacks from Mango. Includes a refined Relaxed Fit profile and high quality Wool fabric.
PRD1729,Adidas Unisex's Grey Relaxed Fit Pleated Linen Trousers,trousers,Pleated Linen Trousers,Unisex,Grey,L,Relaxed Fit,Polyester,Adidas,1349,3.5,Spring,"Crafted from premium Polyester, this Adidas Grey pleated linen trousers offers exceptional comfort and durability for Spring wardrobe styling. Features a sleek Relaxed Fit design."
PRD1730,Roadster Women's Brown Relaxed Fit Cargo Pants,trousers,Cargo Pants,Women,Brown,L,Relaxed Fit,Cotton,Roadster,2649,3.6,Autumn,"Essential Roadster Women's cargo pants tailored with a modern Relaxed Fit. Made of soft, breathable Cotton in rich Brown. Ideal choice for Autumn."
PRD1731,W Women's Black Relaxed Fit Pleated Linen Trousers,trousers,Pleated Linen Trousers,Women,Black,M,Relaxed Fit,Linen,W,3749,4.0,All-Season,"Crafted from premium Linen, this W Black pleated linen trousers offers exceptional comfort and durability for All-Season wardrobe styling. Features a sleek Relaxed Fit design."
PRD1732,H&M Men's Navy Slim Fit Cargo Pants,trousers,Cargo Pants,Men,Navy,L,Slim Fit,Cotton,H&M,1249,4.2,Autumn,Stay fashion-forward with this versatile Navy cargo pants from H&M. Includes a refined Slim Fit profile and high quality Cotton fabric.
PRD1733,Under Armour Women's Green Slim Fit Slim Fit Slacks,trousers,Slim Fit Slacks,Women,Green,S,Slim Fit,Wool,Under Armour,2349,4.1,Autumn,Stay fashion-forward with this versatile Green slim fit slacks from Under Armour. Includes a refined Slim Fit profile and high quality Wool fabric.
PRD1734,Tommy Hilfiger Men's Brown Regular Fit Slim Fit Slacks,trousers,Slim Fit Slacks,Men,Brown,M,Regular Fit,Cotton,Tommy Hilfiger,2449,4.2,Autumn,"Essential Tommy Hilfiger Men's slim fit slacks tailored with a modern Regular Fit. Made of soft, breathable Cotton in rich Brown. Ideal choice for Autumn."
PRD1735,FabIndia Women's Navy Regular Fit Slim Fit Slacks,trousers,Slim Fit Slacks,Women,Navy,S,Regular Fit,Linen,FabIndia,3249,3.8,Spring,"Essential FabIndia Women's slim fit slacks tailored with a modern Regular Fit. Made of soft, breathable Linen in rich Navy. Ideal choice for Spring."
PRD1736,Zara Unisex's Grey Slim Fit Cargo Pants,trousers,Cargo Pants,Unisex,Grey,XXL,Slim Fit,Cotton,Zara,1449,4.4,Autumn,"Essential Zara Unisex's cargo pants tailored with a modern Slim Fit. Made of soft, breathable Cotton in rich Grey. Ideal choice for Autumn."
PRD1737,H&M Unisex's Beige Regular Fit Slim Fit Slacks,trousers,Slim Fit Slacks,Unisex,Beige,S,Regular Fit,Linen,H&M,3749,4.7,Spring,"Top-rated H&M slim fit slacks featuring premium Beige Linen. Tailored to a comfortable Regular Fit, ideal for everyday wear during Spring."
PRD1738,US Polo Assn Unisex's Yellow Regular Fit Pleated Linen Trousers,trousers,Pleated Linen Trousers,Unisex,Yellow,XL,Regular Fit,Linen,US Polo Assn,2099,4.4,Spring,Stay fashion-forward with this versatile Yellow pleated linen trousers from US Polo Assn. Includes a refined Regular Fit profile and high quality Linen fabric.
PRD1739,Aurelia Men's Olive Relaxed Fit Formal Dress Trousers,trousers,Formal Dress Trousers,Men,Olive,XL,Relaxed Fit,Linen,Aurelia,1949,4.5,Autumn,Stay fashion-forward with this versatile Olive formal dress trousers from Aurelia. Includes a refined Relaxed Fit profile and high quality Linen fabric.
PRD1740,Adidas Unisex's Purple Regular Fit Slim Fit Slacks,trousers,Slim Fit Slacks,Unisex,Purple,M,Regular Fit,Cotton,Adidas,2549,4.2,Autumn,"Elevate your look with this stylish Purple slim fit slacks by Adidas. Designed in a comfortable Regular Fit using high-grade Cotton, perfect for casual or semi-formal outings."
PRD1741,Roadster Women's Grey Regular Fit Cargo Pants,trousers,Cargo Pants,Women,Grey,M,Regular Fit,Cotton,Roadster,2749,3.9,Autumn,"Essential Roadster Women's cargo pants tailored with a modern Regular Fit. Made of soft, breathable Cotton in rich Grey. Ideal choice for Autumn."
PRD1742,FabIndia Unisex's Pink Slim Fit Cargo Pants,trousers,Cargo Pants,Unisex,Pink,S,Slim Fit,Wool,FabIndia,1699,3.8,All-Season,"Elevate your look with this stylish Pink cargo pants by FabIndia. Designed in a comfortable Slim Fit using high-grade Wool, perfect for casual or semi-formal outings."
PRD1743,US Polo Assn Women's Yellow Regular Fit Pleated Linen Trousers,trousers,Pleated Linen Trousers,Women,Yellow,S,Regular Fit,Wool,US Polo Assn,1899,3.7,Autumn,"Elevate your look with this stylish Yellow pleated linen trousers by US Polo Assn. Designed in a comfortable Regular Fit using high-grade Wool, perfect for casual or semi-formal outings."
PRD1744,Levi's Women's Olive Relaxed Fit Cargo Pants,trousers,Cargo Pants,Women,Olive,S,Relaxed Fit,Linen,Levi's,4049,4.2,Autumn,"Crafted from premium Linen, this Levi's Olive cargo pants offers exceptional comfort and durability for Autumn wardrobe styling. Features a sleek Relaxed Fit design."
PRD1745,Zara Women's Pink Regular Fit Chino Trousers,trousers,Chino Trousers,Women,Pink,L,Regular Fit,Cotton,Zara,3849,4.5,Spring,"Crafted from premium Cotton, this Zara Pink chino trousers offers exceptional comfort and durability for Spring wardrobe styling. Features a sleek Regular Fit design."
PRD1746,Biba Men's Blue Relaxed Fit Formal Dress Trousers,trousers,Formal Dress Trousers,Men,Blue,XXL,Relaxed Fit,Cotton,Biba,3249,3.9,Autumn,"Crafted from premium Cotton, this Biba Blue formal dress trousers offers exceptional comfort and durability for Autumn wardrobe styling. Features a sleek Relaxed Fit design."
PRD1747,Puma Men's Brown Regular Fit Slim Fit Slacks,trousers,Slim Fit Slacks,Men,Brown,XL,Regular Fit,Polyester,Puma,2049,4.9,Autumn,"Elevate your look with this stylish Brown slim fit slacks by Puma. Designed in a comfortable Regular Fit using high-grade Polyester, perfect for casual or semi-formal outings."
PRD1748,Roadster Men's Red Regular Fit Chino Trousers,trousers,Chino Trousers,Men,Red,L,Regular Fit,Wool,Roadster,3499,3.6,Spring,"Top-rated Roadster chino trousers featuring premium Red Wool. Tailored to a comfortable Regular Fit, ideal for everyday wear during Spring."
PRD1749,W Women's Yellow Regular Fit Chino Trousers,trousers,Chino Trousers,Women,Yellow,M,Regular Fit,Wool,W,2199,4.8,Autumn,"Elevate your look with this stylish Yellow chino trousers by W. Designed in a comfortable Regular Fit using high-grade Wool, perfect for casual or semi-formal outings."
PRD1750,W Unisex's Navy Regular Fit Pleated Linen Trousers,trousers,Pleated Linen Trousers,Unisex,Navy,XXL,Regular Fit,Cotton,W,1199,4.8,Autumn,"Crafted from premium Cotton, this W Navy pleated linen trousers offers exceptional comfort and durability for Autumn wardrobe styling. Features a sleek Regular Fit design."
PRD1751,Puma Unisex's Grey Regular Fit Cargo Pants,trousers,Cargo Pants,Unisex,Grey,S,Regular Fit,Polyester,Puma,3249,4.8,Autumn,Stay fashion-forward with this versatile Grey cargo pants from Puma. Includes a refined Regular Fit profile and high quality Polyester fabric.
PRD1752,Biba Women's Green Regular Fit Chino Trousers,trousers,Chino Trousers,Women,Green,L,Regular Fit,Cotton,Biba,1949,4.8,All-Season,"Elevate your look with this stylish Green chino trousers by Biba. Designed in a comfortable Regular Fit using high-grade Cotton, perfect for casual or semi-formal outings."
PRD1753,Jack & Jones Unisex's Grey Slim Fit Cargo Pants,trousers,Cargo Pants,Unisex,Grey,XL,Slim Fit,Polyester,Jack & Jones,2999,4.6,All-Season,"Essential Jack & Jones Unisex's cargo pants tailored with a modern Slim Fit. Made of soft, breathable Polyester in rich Grey. Ideal choice for All-Season."
PRD1754,HRX Men's Maroon Regular Fit Chino Trousers,trousers,Chino Trousers,Men,Maroon,XL,Regular Fit,Cotton,HRX,3549,4.6,Spring,"Top-rated HRX chino trousers featuring premium Maroon Cotton. Tailored to a comfortable Regular Fit, ideal for everyday wear during Spring."
PRD1755,Tommy Hilfiger Unisex's Black Slim Fit Pleated Linen Trousers,trousers,Pleated Linen Trousers,Unisex,Black,XL,Slim Fit,Linen,Tommy Hilfiger,3699,3.7,Autumn,Stay fashion-forward with this versatile Black pleated linen trousers from Tommy Hilfiger. Includes a refined Slim Fit profile and high quality Linen fabric.
PRD1756,Allen Solly Women's Pink Slim Fit Cargo Pants,trousers,Cargo Pants,Women,Pink,M,Slim Fit,Cotton,Allen Solly,3199,4.6,All-Season,"Elevate your look with this stylish Pink cargo pants by Allen Solly. Designed in a comfortable Slim Fit using high-grade Cotton, perfect for casual or semi-formal outings."
PRD1757,HRX Women's Beige Relaxed Fit Cargo Pants,trousers,Cargo Pants,Women,Beige,M,Relaxed Fit,Linen,HRX,3899,4.4,Spring,"Essential HRX Women's cargo pants tailored with a modern Relaxed Fit. Made of soft, breathable Linen in rich Beige. Ideal choice for Spring."
PRD1758,US Polo Assn Men's Grey Regular Fit Formal Dress Trousers,trousers,Formal Dress Trousers,Men,Grey,XL,Regular Fit,Linen,US Polo Assn,3399,3.8,Spring,"Crafted from premium Linen, this US Polo Assn Grey formal dress trousers offers exceptional comfort and durability for Spring wardrobe styling. Features a sleek Regular Fit design."
PRD1759,Aurelia Unisex's Red Slim Fit Slim Fit Slacks,trousers,Slim Fit Slacks,Unisex,Red,L,Slim Fit,Wool,Aurelia,3949,4.8,All-Season,"Crafted from premium Wool, this Aurelia Red slim fit slacks offers exceptional comfort and durability for All-Season wardrobe styling. Features a sleek Slim Fit design."
PRD1760,Biba Women's Pink Regular Fit Slim Fit Slacks,trousers,Slim Fit Slacks,Women,Pink,L,Regular Fit,Linen,Biba,1749,4.9,All-Season,"Crafted from premium Linen, this Biba Pink slim fit slacks offers exceptional comfort and durability for All-Season wardrobe styling. Features a sleek Regular Fit design."
PRD1761,Levi's Women's Brown Regular Fit Slim Fit Slacks,trousers,Slim Fit Slacks,Women,Brown,M,Regular Fit,Wool,Levi's,3999,3.8,All-Season,"Essential Levi's Women's slim fit slacks tailored with a modern Regular Fit. Made of soft, breathable Wool in rich Brown. Ideal choice for All-Season."
PRD1762,US Polo Assn Women's White Regular Fit Pleated Linen Trousers,trousers,Pleated Linen Trousers,Women,White,M,Regular Fit,Linen,US Polo Assn,2249,4.6,Autumn,"Elevate your look with this stylish White pleated linen trousers by US Polo Assn. Designed in a comfortable Regular Fit using high-grade Linen, perfect for casual or semi-formal outings."
PRD1763,HRX Women's Brown Slim Fit Formal Dress Trousers,trousers,Formal Dress Trousers,Women,Brown,L,Slim Fit,Cotton,HRX,2049,4.4,Spring,"Elevate your look with this stylish Brown formal dress trousers by HRX. Designed in a comfortable Slim Fit using high-grade Cotton, perfect for casual or semi-formal outings."
PRD1764,W Unisex's Olive Regular Fit Slim Fit Slacks,trousers,Slim Fit Slacks,Unisex,Olive,XL,Regular Fit,Cotton,W,1599,4.8,All-Season,Stay fashion-forward with this versatile Olive slim fit slacks from W. Includes a refined Regular Fit profile and high quality Cotton fabric.
PRD1765,Allen Solly Unisex's Grey Relaxed Fit Pleated Linen Trousers,trousers,Pleated Linen Trousers,Unisex,Grey,S,Relaxed Fit,Polyester,Allen Solly,3349,3.6,All-Season,"Essential Allen Solly Unisex's pleated linen trousers tailored with a modern Relaxed Fit. Made of soft, breathable Polyester in rich Grey. Ideal choice for All-Season."
PRD1766,Puma Women's Pink Relaxed Fit Pleated Linen Trousers,trousers,Pleated Linen Trousers,Women,Pink,L,Relaxed Fit,Cotton,Puma,3149,4.4,All-Season,"Essential Puma Women's pleated linen trousers tailored with a modern Relaxed Fit. Made of soft, breathable Cotton in rich Pink. Ideal choice for All-Season."
PRD1767,Biba Men's Yellow Slim Fit Cargo Pants,trousers,Cargo Pants,Men,Yellow,M,Slim Fit,Linen,Biba,3149,4.2,Spring,"Essential Biba Men's cargo pants tailored with a modern Slim Fit. Made of soft, breathable Linen in rich Yellow. Ideal choice for Spring."
PRD1768,Jack & Jones Men's Navy Relaxed Fit Formal Dress Trousers,trousers,Formal Dress Trousers,Men,Navy,L,Relaxed Fit,Wool,Jack & Jones,1549,4.0,All-Season,"Elevate your look with this stylish Navy formal dress trousers by Jack & Jones. Designed in a comfortable Relaxed Fit using high-grade Wool, perfect for casual or semi-formal outings."
PRD1769,Mango Unisex's Navy Regular Fit Cargo Pants,trousers,Cargo Pants,Unisex,Navy,XXL,Regular Fit,Polyester,Mango,2149,4.3,Spring,Stay fashion-forward with this versatile Navy cargo pants from Mango. Includes a refined Regular Fit profile and high quality Polyester fabric.
PRD1770,FabIndia Unisex's Beige Slim Fit Cargo Pants,trousers,Cargo Pants,Unisex,Beige,M,Slim Fit,Wool,FabIndia,1699,3.6,All-Season,"Elevate your look with this stylish Beige cargo pants by FabIndia. Designed in a comfortable Slim Fit using high-grade Wool, perfect for casual or semi-formal outings."
PRD1771,Zara Women's White Relaxed Fit Pleated Linen Trousers,trousers,Pleated Linen Trousers,Women,White,S,Relaxed Fit,Wool,Zara,3099,3.6,Spring,"Essential Zara Women's pleated linen trousers tailored with a modern Relaxed Fit. Made of soft, breathable Wool in rich White. Ideal choice for Spring."
PRD1772,Aurelia Women's Beige Slim Fit Pleated Linen Trousers,trousers,Pleated Linen Trousers,Women,Beige,L,Slim Fit,Linen,Aurelia,1449,3.8,All-Season,"Essential Aurelia Women's pleated linen trousers tailored with a modern Slim Fit. Made of soft, breathable Linen in rich Beige. Ideal choice for All-Season."
PRD1773,FabIndia Unisex's Yellow Regular Fit Formal Dress Trousers,trousers,Formal Dress Trousers,Unisex,Yellow,S,Regular Fit,Linen,FabIndia,3249,4.7,Autumn,"Elevate your look with this stylish Yellow formal dress trousers by FabIndia. Designed in a comfortable Regular Fit using high-grade Linen, perfect for casual or semi-formal outings."
PRD1774,HRX Men's Brown Regular Fit Chino Trousers,trousers,Chino Trousers,Men,Brown,S,Regular Fit,Cotton,HRX,2249,4.5,Spring,"Crafted from premium Cotton, this HRX Brown chino trousers offers exceptional comfort and durability for Spring wardrobe styling. Features a sleek Regular Fit design."
PRD1775,Biba Unisex's Blue Regular Fit Cargo Pants,trousers,Cargo Pants,Unisex,Blue,S,Regular Fit,Linen,Biba,2949,4.7,All-Season,Stay fashion-forward with this versatile Blue cargo pants from Biba. Includes a refined Regular Fit profile and high quality Linen fabric.
PRD1776,Jack & Jones Unisex's Olive Slim Fit Cargo Pants,trousers,Cargo Pants,Unisex,Olive,XXL,Slim Fit,Polyester,Jack & Jones,2949,4.0,All-Season,"Top-rated Jack & Jones cargo pants featuring premium Olive Polyester. Tailored to a comfortable Slim Fit, ideal for everyday wear during All-Season."
PRD1777,Roadster Men's Brown Relaxed Fit Formal Dress Trousers,trousers,Formal Dress Trousers,Men,Brown,S,Relaxed Fit,Polyester,Roadster,1349,4.3,Spring,"Top-rated Roadster formal dress trousers featuring premium Brown Polyester. Tailored to a comfortable Relaxed Fit, ideal for everyday wear during Spring."
PRD1778,Biba Women's Green Slim Fit Chino Trousers,trousers,Chino Trousers,Women,Green,S,Slim Fit,Linen,Biba,1149,4.8,Spring,"Elevate your look with this stylish Green chino trousers by Biba. Designed in a comfortable Slim Fit using high-grade Linen, perfect for casual or semi-formal outings."
PRD1779,Biba Women's Olive Relaxed Fit Pleated Linen Trousers,trousers,Pleated Linen Trousers,Women,Olive,L,Relaxed Fit,Linen,Biba,3099,4.7,All-Season,"Essential Biba Women's pleated linen trousers tailored with a modern Relaxed Fit. Made of soft, breathable Linen in rich Olive. Ideal choice for All-Season."
PRD1780,Roadster Unisex's Blue Regular Fit Cargo Pants,trousers,Cargo Pants,Unisex,Blue,XL,Regular Fit,Linen,Roadster,2649,4.2,Spring,"Top-rated Roadster cargo pants featuring premium Blue Linen. Tailored to a comfortable Regular Fit, ideal for everyday wear during Spring."
PRD1781,HRX Women's Brown Regular Fit Chino Trousers,trousers,Chino Trousers,Women,Brown,XL,Regular Fit,Linen,HRX,1449,3.6,Spring,"Essential HRX Women's chino trousers tailored with a modern Regular Fit. Made of soft, breathable Linen in rich Brown. Ideal choice for Spring."
PRD1782,Jack & Jones Unisex's Olive Relaxed Fit Formal Dress Trousers,trousers,Formal Dress Trousers,Unisex,Olive,XXL,Relaxed Fit,Linen,Jack & Jones,3649,4.5,Spring,"Crafted from premium Linen, this Jack & Jones Olive formal dress trousers offers exceptional comfort and durability for Spring wardrobe styling. Features a sleek Relaxed Fit design."
PRD1783,US Polo Assn Women's Blue Regular Fit Pleated Linen Trousers,trousers,Pleated Linen Trousers,Women,Blue,M,Regular Fit,Polyester,US Polo Assn,3899,4.9,All-Season,"Elevate your look with this stylish Blue pleated linen trousers by US Polo Assn. Designed in a comfortable Regular Fit using high-grade Polyester, perfect for casual or semi-formal outings."
PRD1784,Manyavar Women's Pink Slim Fit Pleated Linen Trousers,trousers,Pleated Linen Trousers,Women,Pink,XXL,Slim Fit,Cotton,Manyavar,1499,4.3,All-Season,Stay fashion-forward with this versatile Pink pleated linen trousers from Manyavar. Includes a refined Slim Fit profile and high quality Cotton fabric.
PRD1785,Nike Unisex's Maroon Relaxed Fit Pleated Linen Trousers,trousers,Pleated Linen Trousers,Unisex,Maroon,L,Relaxed Fit,Polyester,Nike,3449,3.6,Spring,"Top-rated Nike pleated linen trousers featuring premium Maroon Polyester. Tailored to a comfortable Relaxed Fit, ideal for everyday wear during Spring."
PRD1786,Levi's Unisex's Olive Regular Fit Chino Trousers,trousers,Chino Trousers,Unisex,Olive,XL,Regular Fit,Linen,Levi's,1249,3.6,All-Season,"Essential Levi's Unisex's chino trousers tailored with a modern Regular Fit. Made of soft, breathable Linen in rich Olive. Ideal choice for All-Season."
PRD1787,Tommy Hilfiger Unisex's Beige Relaxed Fit Slim Fit Slacks,trousers,Slim Fit Slacks,Unisex,Beige,L,Relaxed Fit,Wool,Tommy Hilfiger,2449,5.0,Autumn,"Elevate your look with this stylish Beige slim fit slacks by Tommy Hilfiger. Designed in a comfortable Relaxed Fit using high-grade Wool, perfect for casual or semi-formal outings."
PRD1788,Allen Solly Men's Maroon Relaxed Fit Formal Dress Trousers,trousers,Formal Dress Trousers,Men,Maroon,S,Relaxed Fit,Polyester,Allen Solly,2849,4.3,Autumn,"Crafted from premium Polyester, this Allen Solly Maroon formal dress trousers offers exceptional comfort and durability for Autumn wardrobe styling. Features a sleek Relaxed Fit design."
PRD1789,Biba Men's White Relaxed Fit Chino Trousers,trousers,Chino Trousers,Men,White,XL,Relaxed Fit,Wool,Biba,3749,4.9,Spring,"Top-rated Biba chino trousers featuring premium White Wool. Tailored to a comfortable Relaxed Fit, ideal for everyday wear during Spring."
PRD1790,Mango Unisex's Purple Relaxed Fit Cargo Pants,trousers,Cargo Pants,Unisex,Purple,XL,Relaxed Fit,Polyester,Mango,2299,3.6,Autumn,"Elevate your look with this stylish Purple cargo pants by Mango. Designed in a comfortable Relaxed Fit using high-grade Polyester, perfect for casual or semi-formal outings."
PRD1791,Levi's Men's Purple Slim Fit Formal Dress Trousers,trousers,Formal Dress Trousers,Men,Purple,M,Slim Fit,Linen,Levi's,3049,4.5,All-Season,"Elevate your look with this stylish Purple formal dress trousers by Levi's. Designed in a comfortable Slim Fit using high-grade Linen, perfect for casual or semi-formal outings."
PRD1792,HRX Men's Blue Regular Fit Slim Fit Slacks,trousers,Slim Fit Slacks,Men,Blue,XL,Regular Fit,Wool,HRX,2799,3.5,All-Season,"Elevate your look with this stylish Blue slim fit slacks by HRX. Designed in a comfortable Regular Fit using high-grade Wool, perfect for casual or semi-formal outings."
PRD1793,Roadster Women's Beige Slim Fit Pleated Linen Trousers,trousers,Pleated Linen Trousers,Women,Beige,M,Slim Fit,Wool,Roadster,1899,3.9,Autumn,Stay fashion-forward with this versatile Beige pleated linen trousers from Roadster. Includes a refined Slim Fit profile and high quality Wool fabric.
PRD1794,Zara Men's Blue Relaxed Fit Cargo Pants,trousers,Cargo Pants,Men,Blue,XL,Relaxed Fit,Wool,Zara,3449,4.4,Spring,"Top-rated Zara cargo pants featuring premium Blue Wool. Tailored to a comfortable Relaxed Fit, ideal for everyday wear during Spring."
PRD1795,US Polo Assn Women's Grey Regular Fit Chino Trousers,trousers,Chino Trousers,Women,Grey,S,Regular Fit,Wool,US Polo Assn,3249,3.5,All-Season,"Top-rated US Polo Assn chino trousers featuring premium Grey Wool. Tailored to a comfortable Regular Fit, ideal for everyday wear during All-Season."
PRD1796,Tommy Hilfiger Men's Green Relaxed Fit Slim Fit Slacks,trousers,Slim Fit Slacks,Men,Green,S,Relaxed Fit,Wool,Tommy Hilfiger,3099,4.4,Spring,"Essential Tommy Hilfiger Men's slim fit slacks tailored with a modern Relaxed Fit. Made of soft, breathable Wool in rich Green. Ideal choice for Spring."
PRD1797,Jack & Jones Men's White Regular Fit Pleated Linen Trousers,trousers,Pleated Linen Trousers,Men,White,L,Regular Fit,Linen,Jack & Jones,2849,3.8,Spring,"Elevate your look with this stylish White pleated linen trousers by Jack & Jones. Designed in a comfortable Regular Fit using high-grade Linen, perfect for casual or semi-formal outings."
PRD1798,Under Armour Unisex's Purple Relaxed Fit Cargo Pants,trousers,Cargo Pants,Unisex,Purple,L,Relaxed Fit,Wool,Under Armour,4049,4.6,All-Season,Stay fashion-forward with this versatile Purple cargo pants from Under Armour. Includes a refined Relaxed Fit profile and high quality Wool fabric.
PRD1799,W Men's Pink Slim Fit Pleated Linen Trousers,trousers,Pleated Linen Trousers,Men,Pink,S,Slim Fit,Polyester,W,3799,4.2,Autumn,"Elevate your look with this stylish Pink pleated linen trousers by W. Designed in a comfortable Slim Fit using high-grade Polyester, perfect for casual or semi-formal outings."
PRD1800,Allen Solly Unisex's Beige Slim Fit Formal Dress Trousers,trousers,Formal Dress Trousers,Unisex,Beige,L,Slim Fit,Wool,Allen Solly,2049,3.8,Spring,"Crafted from premium Wool, this Allen Solly Beige formal dress trousers offers exceptional comfort and durability for Spring wardrobe styling. Features a sleek Slim Fit design."
PRD1801,Levi's Women's Navy Relaxed Fit Cargo Pants,trousers,Cargo Pants,Women,Navy,XXL,Relaxed Fit,Linen,Levi's,1199,4.7,All-Season,"Essential Levi's Women's cargo pants tailored with a modern Relaxed Fit. Made of soft, breathable Linen in rich Navy. Ideal choice for All-Season."
PRD1802,HRX Unisex's Red Slim Fit Chino Trousers,trousers,Chino Trousers,Unisex,Red,L,Slim Fit,Linen,HRX,2449,4.7,Spring,"Crafted from premium Linen, this HRX Red chino trousers offers exceptional comfort and durability for Spring wardrobe styling. Features a sleek Slim Fit design."
PRD1803,Aurelia Men's Purple Relaxed Fit Cargo Pants,trousers,Cargo Pants,Men,Purple,S,Relaxed Fit,Cotton,Aurelia,2849,4.7,Autumn,"Crafted from premium Cotton, this Aurelia Purple cargo pants offers exceptional comfort and durability for Autumn wardrobe styling. Features a sleek Relaxed Fit design."
PRD1804,Nike Unisex's Brown Slim Fit Slim Fit Slacks,trousers,Slim Fit Slacks,Unisex,Brown,S,Slim Fit,Cotton,Nike,1749,4.4,Autumn,"Elevate your look with this stylish Brown slim fit slacks by Nike. Designed in a comfortable Slim Fit using high-grade Cotton, perfect for casual or semi-formal outings."
PRD1805,W Unisex's Green Relaxed Fit Formal Dress Trousers,trousers,Formal Dress Trousers,Unisex,Green,XL,Relaxed Fit,Wool,W,4049,4.8,Autumn,"Elevate your look with this stylish Green formal dress trousers by W. Designed in a comfortable Relaxed Fit using high-grade Wool, perfect for casual or semi-formal outings."
PRD1806,W Men's Blue Slim Fit Cargo Pants,trousers,Cargo Pants,Men,Blue,S,Slim Fit,Wool,W,2099,4.8,Spring,Stay fashion-forward with this versatile Blue cargo pants from W. Includes a refined Slim Fit profile and high quality Wool fabric.
PRD1807,Tommy Hilfiger Unisex's White Slim Fit Cargo Pants,trousers,Cargo Pants,Unisex,White,XL,Slim Fit,Polyester,Tommy Hilfiger,2549,4.4,Spring,"Elevate your look with this stylish White cargo pants by Tommy Hilfiger. Designed in a comfortable Slim Fit using high-grade Polyester, perfect for casual or semi-formal outings."
PRD1808,Roadster Women's Brown Slim Fit Slim Fit Slacks,trousers,Slim Fit Slacks,Women,Brown,XL,Slim Fit,Linen,Roadster,2749,4.8,Spring,"Top-rated Roadster slim fit slacks featuring premium Brown Linen. Tailored to a comfortable Slim Fit, ideal for everyday wear during Spring."
PRD1809,W Women's White Slim Fit Chino Trousers,trousers,Chino Trousers,Women,White,L,Slim Fit,Cotton,W,2349,4.1,All-Season,"Elevate your look with this stylish White chino trousers by W. Designed in a comfortable Slim Fit using high-grade Cotton, perfect for casual or semi-formal outings."
PRD1810,HRX Women's Brown Slim Fit Chino Trousers,trousers,Chino Trousers,Women,Brown,S,Slim Fit,Linen,HRX,3649,5.0,Autumn,"Top-rated HRX chino trousers featuring premium Brown Linen. Tailored to a comfortable Slim Fit, ideal for everyday wear during Autumn."
PRD1811,US Polo Assn Women's Olive Relaxed Fit Pleated Linen Trousers,trousers,Pleated Linen Trousers,Women,Olive,L,Relaxed Fit,Polyester,US Polo Assn,2499,3.5,Autumn,"Essential US Polo Assn Women's pleated linen trousers tailored with a modern Relaxed Fit. Made of soft, breathable Polyester in rich Olive. Ideal choice for Autumn."
PRD1812,Manyavar Men's Maroon Regular Fit Slim Fit Slacks,trousers,Slim Fit Slacks,Men,Maroon,M,Regular Fit,Wool,Manyavar,3299,4.4,Autumn,"Top-rated Manyavar slim fit slacks featuring premium Maroon Wool. Tailored to a comfortable Regular Fit, ideal for everyday wear during Autumn."
PRD1813,Jack & Jones Unisex's Grey Slim Fit Cargo Pants,trousers,Cargo Pants,Unisex,Grey,S,Slim Fit,Polyester,Jack & Jones,3299,4.0,All-Season,"Elevate your look with this stylish Grey cargo pants by Jack & Jones. Designed in a comfortable Slim Fit using high-grade Polyester, perfect for casual or semi-formal outings."
PRD1814,Manyavar Women's Red Slim Fit Slim Fit Slacks,trousers,Slim Fit Slacks,Women,Red,L,Slim Fit,Polyester,Manyavar,3699,3.7,Autumn,"Crafted from premium Polyester, this Manyavar Red slim fit slacks offers exceptional comfort and durability for Autumn wardrobe styling. Features a sleek Slim Fit design."
PRD1815,Aurelia Women's Red Regular Fit Slim Fit Slacks,trousers,Slim Fit Slacks,Women,Red,S,Regular Fit,Wool,Aurelia,4049,3.6,Autumn,"Essential Aurelia Women's slim fit slacks tailored with a modern Regular Fit. Made of soft, breathable Wool in rich Red. Ideal choice for Autumn."
PRD1816,Adidas Women's Blue Slim Fit Slim Fit Slacks,trousers,Slim Fit Slacks,Women,Blue,L,Slim Fit,Cotton,Adidas,3399,4.6,Spring,Stay fashion-forward with this versatile Blue slim fit slacks from Adidas. Includes a refined Slim Fit profile and high quality Cotton fabric.
PRD1817,Tommy Hilfiger Unisex's Pink Relaxed Fit Formal Dress Trousers,trousers,Formal Dress Trousers,Unisex,Pink,L,Relaxed Fit,Linen,Tommy Hilfiger,2249,4.5,Spring,"Top-rated Tommy Hilfiger formal dress trousers featuring premium Pink Linen. Tailored to a comfortable Relaxed Fit, ideal for everyday wear during Spring."
PRD1818,Roadster Unisex's Maroon Slim Fit Pleated Linen Trousers,trousers,Pleated Linen Trousers,Unisex,Maroon,XXL,Slim Fit,Cotton,Roadster,3449,3.8,Spring,"Essential Roadster Unisex's pleated linen trousers tailored with a modern Slim Fit. Made of soft, breathable Cotton in rich Maroon. Ideal choice for Spring."
PRD1819,Jack & Jones Men's Maroon Regular Fit Chino Trousers,trousers,Chino Trousers,Men,Maroon,S,Regular Fit,Wool,Jack & Jones,1349,4.1,All-Season,"Elevate your look with this stylish Maroon chino trousers by Jack & Jones. Designed in a comfortable Regular Fit using high-grade Wool, perfect for casual or semi-formal outings."
PRD1820,Mango Women's Blue Regular Fit Formal Dress Trousers,trousers,Formal Dress Trousers,Women,Blue,XXL,Regular Fit,Wool,Mango,3199,4.7,Autumn,"Essential Mango Women's formal dress trousers tailored with a modern Regular Fit. Made of soft, breathable Wool in rich Blue. Ideal choice for Autumn."
PRD1821,Under Armour Unisex's Grey Regular Fit Pleated Linen Trousers,trousers,Pleated Linen Trousers,Unisex,Grey,XL,Regular Fit,Wool,Under Armour,1749,3.7,Autumn,"Elevate your look with this stylish Grey pleated linen trousers by Under Armour. Designed in a comfortable Regular Fit using high-grade Wool, perfect for casual or semi-formal outings."
PRD1822,Mango Men's Maroon Relaxed Fit Pleated Linen Trousers,trousers,Pleated Linen Trousers,Men,Maroon,M,Relaxed Fit,Cotton,Mango,2949,4.2,Autumn,"Elevate your look with this stylish Maroon pleated linen trousers by Mango. Designed in a comfortable Relaxed Fit using high-grade Cotton, perfect for casual or semi-formal outings."
PRD1823,Aurelia Men's Pink Regular Fit Cargo Pants,trousers,Cargo Pants,Men,Pink,L,Regular Fit,Cotton,Aurelia,3399,3.9,All-Season,"Top-rated Aurelia cargo pants featuring premium Pink Cotton. Tailored to a comfortable Regular Fit, ideal for everyday wear during All-Season."
PRD1824,Roadster Women's Green Regular Fit Chino Trousers,trousers,Chino Trousers,Women,Green,XL,Regular Fit,Polyester,Roadster,1199,4.7,Spring,"Elevate your look with this stylish Green chino trousers by Roadster. Designed in a comfortable Regular Fit using high-grade Polyester, perfect for casual or semi-formal outings."
PRD1825,Under Armour Men's Green Regular Fit Pleated Linen Trousers,trousers,Pleated Linen Trousers,Men,Green,XL,Regular Fit,Linen,Under Armour,1099,3.7,All-Season,"Essential Under Armour Men's pleated linen trousers tailored with a modern Regular Fit. Made of soft, breathable Linen in rich Green. Ideal choice for All-Season."
PRD1826,H&M Women's Beige Relaxed Fit Chino Trousers,trousers,Chino Trousers,Women,Beige,XL,Relaxed Fit,Polyester,H&M,2449,4.7,Autumn,Stay fashion-forward with this versatile Beige chino trousers from H&M. Includes a refined Relaxed Fit profile and high quality Polyester fabric.
PRD1827,Roadster Unisex's Olive Regular Fit Formal Dress Trousers,trousers,Formal Dress Trousers,Unisex,Olive,XL,Regular Fit,Wool,Roadster,1699,4.8,Autumn,"Essential Roadster Unisex's formal dress trousers tailored with a modern Regular Fit. Made of soft, breathable Wool in rich Olive. Ideal choice for Autumn."
PRD1828,H&M Unisex's Pink Regular Fit Slim Fit Slacks,trousers,Slim Fit Slacks,Unisex,Pink,XL,Regular Fit,Wool,H&M,2449,4.3,All-Season,Stay fashion-forward with this versatile Pink slim fit slacks from H&M. Includes a refined Regular Fit profile and high quality Wool fabric.
PRD1829,Adidas Men's Maroon Slim Fit Chino Trousers,trousers,Chino Trousers,Men,Maroon,S,Slim Fit,Polyester,Adidas,3699,4.3,Autumn,"Elevate your look with this stylish Maroon chino trousers by Adidas. Designed in a comfortable Slim Fit using high-grade Polyester, perfect for casual or semi-formal outings."
PRD1830,Aurelia Men's Pink Relaxed Fit Slim Fit Slacks,trousers,Slim Fit Slacks,Men,Pink,XXL,Relaxed Fit,Linen,Aurelia,1149,3.7,Spring,"Top-rated Aurelia slim fit slacks featuring premium Pink Linen. Tailored to a comfortable Relaxed Fit, ideal for everyday wear during Spring."
PRD1831,FabIndia Women's Brown Slim Fit Chino Trousers,trousers,Chino Trousers,Women,Brown,XXL,Slim Fit,Linen,FabIndia,2899,3.6,Autumn,"Top-rated FabIndia chino trousers featuring premium Brown Linen. Tailored to a comfortable Slim Fit, ideal for everyday wear during Autumn."
PRD1832,Tommy Hilfiger Unisex's Black Regular Fit Pleated Linen Trousers,trousers,Pleated Linen Trousers,Unisex,Black,XL,Regular Fit,Cotton,Tommy Hilfiger,1799,4.1,Spring,"Top-rated Tommy Hilfiger pleated linen trousers featuring premium Black Cotton. Tailored to a comfortable Regular Fit, ideal for everyday wear during Spring."
PRD1833,Tommy Hilfiger Women's Blue Slim Fit Pleated Linen Trousers,trousers,Pleated Linen Trousers,Women,Blue,M,Slim Fit,Cotton,Tommy Hilfiger,2249,3.7,Autumn,"Essential Tommy Hilfiger Women's pleated linen trousers tailored with a modern Slim Fit. Made of soft, breathable Cotton in rich Blue. Ideal choice for Autumn."
PRD1834,H&M Women's Grey Relaxed Fit Formal Dress Trousers,trousers,Formal Dress Trousers,Women,Grey,XXL,Relaxed Fit,Linen,H&M,2399,3.8,All-Season,"Crafted from premium Linen, this H&M Grey formal dress trousers offers exceptional comfort and durability for All-Season wardrobe styling. Features a sleek Relaxed Fit design."
PRD1835,US Polo Assn Men's Navy Slim Fit Pleated Linen Trousers,trousers,Pleated Linen Trousers,Men,Navy,L,Slim Fit,Wool,US Polo Assn,2599,4.9,Spring,"Crafted from premium Wool, this US Polo Assn Navy pleated linen trousers offers exceptional comfort and durability for Spring wardrobe styling. Features a sleek Slim Fit design."
PRD1836,Zara Men's Brown Relaxed Fit Formal Dress Trousers,trousers,Formal Dress Trousers,Men,Brown,XXL,Relaxed Fit,Linen,Zara,3149,4.1,Spring,"Crafted from premium Linen, this Zara Brown formal dress trousers offers exceptional comfort and durability for Spring wardrobe styling. Features a sleek Relaxed Fit design."
PRD1837,Adidas Women's Beige Relaxed Fit Chino Trousers,trousers,Chino Trousers,Women,Beige,XL,Relaxed Fit,Wool,Adidas,1199,4.1,All-Season,"Elevate your look with this stylish Beige chino trousers by Adidas. Designed in a comfortable Relaxed Fit using high-grade Wool, perfect for casual or semi-formal outings."
PRD1838,Levi's Unisex's Pink Relaxed Fit Cargo Pants,trousers,Cargo Pants,Unisex,Pink,XXL,Relaxed Fit,Cotton,Levi's,3749,4.7,All-Season,"Essential Levi's Unisex's cargo pants tailored with a modern Relaxed Fit. Made of soft, breathable Cotton in rich Pink. Ideal choice for All-Season."
PRD1839,Under Armour Women's Blue Relaxed Fit Pleated Linen Trousers,trousers,Pleated Linen Trousers,Women,Blue,L,Relaxed Fit,Linen,Under Armour,3299,5.0,All-Season,"Elevate your look with this stylish Blue pleated linen trousers by Under Armour. Designed in a comfortable Relaxed Fit using high-grade Linen, perfect for casual or semi-formal outings."
PRD1840,Aurelia Unisex's Beige Slim Fit Pleated Linen Trousers,trousers,Pleated Linen Trousers,Unisex,Beige,XXL,Slim Fit,Cotton,Aurelia,2249,4.5,Spring,"Elevate your look with this stylish Beige pleated linen trousers by Aurelia. Designed in a comfortable Slim Fit using high-grade Cotton, perfect for casual or semi-formal outings."
PRD1841,Levi's Women's Green Relaxed Fit Chino Trousers,trousers,Chino Trousers,Women,Green,XL,Relaxed Fit,Polyester,Levi's,2499,4.8,Autumn,"Elevate your look with this stylish Green chino trousers by Levi's. Designed in a comfortable Relaxed Fit using high-grade Polyester, perfect for casual or semi-formal outings."
PRD1842,Under Armour Women's Black Slim Fit Slim Fit Slacks,trousers,Slim Fit Slacks,Women,Black,S,Slim Fit,Cotton,Under Armour,2699,4.5,Spring,"Elevate your look with this stylish Black slim fit slacks by Under Armour. Designed in a comfortable Slim Fit using high-grade Cotton, perfect for casual or semi-formal outings."
PRD1843,Aurelia Women's Red Relaxed Fit Cargo Pants,trousers,Cargo Pants,Women,Red,L,Relaxed Fit,Polyester,Aurelia,3699,3.9,Autumn,Stay fashion-forward with this versatile Red cargo pants from Aurelia. Includes a refined Relaxed Fit profile and high quality Polyester fabric.
PRD1844,Adidas Unisex's Navy Regular Fit Formal Dress Trousers,trousers,Formal Dress Trousers,Unisex,Navy,XXL,Regular Fit,Linen,Adidas,2399,3.5,Spring,"Elevate your look with this stylish Navy formal dress trousers by Adidas. Designed in a comfortable Regular Fit using high-grade Linen, perfect for casual or semi-formal outings."
PRD1845,Levi's Women's Black Slim Fit Slim Fit Slacks,trousers,Slim Fit Slacks,Women,Black,XXL,Slim Fit,Linen,Levi's,3949,4.6,Spring,Stay fashion-forward with this versatile Black slim fit slacks from Levi's. Includes a refined Slim Fit profile and high quality Linen fabric.
PRD1846,Aurelia Unisex's Olive Slim Fit Chino Trousers,trousers,Chino Trousers,Unisex,Olive,XL,Slim Fit,Cotton,Aurelia,3849,3.7,Autumn,Stay fashion-forward with this versatile Olive chino trousers from Aurelia. Includes a refined Slim Fit profile and high quality Cotton fabric.
PRD1847,W Men's Purple Relaxed Fit Pleated Linen Trousers,trousers,Pleated Linen Trousers,Men,Purple,XL,Relaxed Fit,Cotton,W,2599,4.9,All-Season,Stay fashion-forward with this versatile Purple pleated linen trousers from W. Includes a refined Relaxed Fit profile and high quality Cotton fabric.
PRD1848,Levi's Unisex's Black Regular Fit Formal Dress Trousers,trousers,Formal Dress Trousers,Unisex,Black,S,Regular Fit,Polyester,Levi's,3599,4.4,All-Season,"Elevate your look with this stylish Black formal dress trousers by Levi's. Designed in a comfortable Regular Fit using high-grade Polyester, perfect for casual or semi-formal outings."
PRD1849,Puma Women's Black Regular Fit Pleated Linen Trousers,trousers,Pleated Linen Trousers,Women,Black,XXL,Regular Fit,Wool,Puma,1949,3.5,Autumn,Stay fashion-forward with this versatile Black pleated linen trousers from Puma. Includes a refined Regular Fit profile and high quality Wool fabric.
PRD1850,Nike Unisex's Yellow Regular Fit Cargo Pants,trousers,Cargo Pants,Unisex,Yellow,M,Regular Fit,Linen,Nike,3799,4.6,Autumn,"Top-rated Nike cargo pants featuring premium Yellow Linen. Tailored to a comfortable Regular Fit, ideal for everyday wear during Autumn."
PRD1851,Under Armour Men's Pink Slim Fit Formal Dress Trousers,trousers,Formal Dress Trousers,Men,Pink,L,Slim Fit,Cotton,Under Armour,3399,4.8,All-Season,"Top-rated Under Armour formal dress trousers featuring premium Pink Cotton. Tailored to a comfortable Slim Fit, ideal for everyday wear during All-Season."
PRD1852,Adidas Unisex's Black Relaxed Fit Formal Dress Trousers,trousers,Formal Dress Trousers,Unisex,Black,XXL,Relaxed Fit,Polyester,Adidas,2949,3.5,Autumn,Stay fashion-forward with this versatile Black formal dress trousers from Adidas. Includes a refined Relaxed Fit profile and high quality Polyester fabric.
PRD1853,Zara Women's Purple Regular Fit Cargo Pants,trousers,Cargo Pants,Women,Purple,XXL,Regular Fit,Polyester,Zara,2999,4.2,All-Season,"Top-rated Zara cargo pants featuring premium Purple Polyester. Tailored to a comfortable Regular Fit, ideal for everyday wear during All-Season."
PRD1854,Zara Men's Green Regular Fit Formal Dress Trousers,trousers,Formal Dress Trousers,Men,Green,S,Regular Fit,Wool,Zara,2699,3.8,Spring,"Crafted from premium Wool, this Zara Green formal dress trousers offers exceptional comfort and durability for Spring wardrobe styling. Features a sleek Regular Fit design."
PRD1855,Under Armour Unisex's Red Relaxed Fit Chino Trousers,trousers,Chino Trousers,Unisex,Red,M,Relaxed Fit,Wool,Under Armour,1899,3.7,All-Season,"Essential Under Armour Unisex's chino trousers tailored with a modern Relaxed Fit. Made of soft, breathable Wool in rich Red. Ideal choice for All-Season."
PRD1856,H&M Men's Beige Regular Fit Chino Trousers,trousers,Chino Trousers,Men,Beige,L,Regular Fit,Cotton,H&M,2099,3.9,Autumn,Stay fashion-forward with this versatile Beige chino trousers from H&M. Includes a refined Regular Fit profile and high quality Cotton fabric.
PRD1857,Puma Men's Purple Regular Fit Cargo Pants,trousers,Cargo Pants,Men,Purple,XXL,Regular Fit,Linen,Puma,3599,4.2,All-Season,"Crafted from premium Linen, this Puma Purple cargo pants offers exceptional comfort and durability for All-Season wardrobe styling. Features a sleek Regular Fit design."
PRD1858,Jack & Jones Men's Blue Slim Fit Slim Fit Slacks,trousers,Slim Fit Slacks,Men,Blue,L,Slim Fit,Cotton,Jack & Jones,3899,3.6,Spring,"Elevate your look with this stylish Blue slim fit slacks by Jack & Jones. Designed in a comfortable Slim Fit using high-grade Cotton, perfect for casual or semi-formal outings."
PRD1859,Zara Men's Green Relaxed Fit Pleated Linen Trousers,trousers,Pleated Linen Trousers,Men,Green,S,Relaxed Fit,Wool,Zara,3849,3.6,All-Season,"Crafted from premium Wool, this Zara Green pleated linen trousers offers exceptional comfort and durability for All-Season wardrobe styling. Features a sleek Relaxed Fit design."
PRD1860,US Polo Assn Women's Blue Relaxed Fit Pleated Linen Trousers,trousers,Pleated Linen Trousers,Women,Blue,XXL,Relaxed Fit,Wool,US Polo Assn,3799,4.4,All-Season,Stay fashion-forward with this versatile Blue pleated linen trousers from US Polo Assn. Includes a refined Relaxed Fit profile and high quality Wool fabric.
PRD1861,Biba Women's Pink Relaxed Fit Pleated Linen Trousers,trousers,Pleated Linen Trousers,Women,Pink,S,Relaxed Fit,Cotton,Biba,2949,4.3,Spring,"Top-rated Biba pleated linen trousers featuring premium Pink Cotton. Tailored to a comfortable Relaxed Fit, ideal for everyday wear during Spring."
PRD1862,Allen Solly Men's Black Relaxed Fit Chino Trousers,trousers,Chino Trousers,Men,Black,M,Relaxed Fit,Cotton,Allen Solly,3399,3.7,Autumn,"Top-rated Allen Solly chino trousers featuring premium Black Cotton. Tailored to a comfortable Relaxed Fit, ideal for everyday wear during Autumn."
PRD1863,Adidas Women's Beige Relaxed Fit Cargo Pants,trousers,Cargo Pants,Women,Beige,M,Relaxed Fit,Wool,Adidas,1649,4.7,All-Season,"Crafted from premium Wool, this Adidas Beige cargo pants offers exceptional comfort and durability for All-Season wardrobe styling. Features a sleek Relaxed Fit design."
PRD1864,Roadster Unisex's Grey Relaxed Fit Cargo Pants,trousers,Cargo Pants,Unisex,Grey,XXL,Relaxed Fit,Polyester,Roadster,3299,4.7,Spring,"Elevate your look with this stylish Grey cargo pants by Roadster. Designed in a comfortable Relaxed Fit using high-grade Polyester, perfect for casual or semi-formal outings."
PRD1865,Mango Unisex's Navy Regular Fit Cargo Pants,trousers,Cargo Pants,Unisex,Navy,XXL,Regular Fit,Polyester,Mango,3499,4.5,All-Season,"Elevate your look with this stylish Navy cargo pants by Mango. Designed in a comfortable Regular Fit using high-grade Polyester, perfect for casual or semi-formal outings."
PRD1866,Zara Unisex's Purple Relaxed Fit Formal Dress Trousers,trousers,Formal Dress Trousers,Unisex,Purple,L,Relaxed Fit,Cotton,Zara,1849,5.0,Spring,"Elevate your look with this stylish Purple formal dress trousers by Zara. Designed in a comfortable Relaxed Fit using high-grade Cotton, perfect for casual or semi-formal outings."
PRD1867,H&M Men's Olive Regular Fit Cargo Pants,trousers,Cargo Pants,Men,Olive,L,Regular Fit,Wool,H&M,3449,4.3,Autumn,"Essential H&M Men's cargo pants tailored with a modern Regular Fit. Made of soft, breathable Wool in rich Olive. Ideal choice for Autumn."
PRD1868,US Polo Assn Women's White Slim Fit Pleated Linen Trousers,trousers,Pleated Linen Trousers,Women,White,XL,Slim Fit,Wool,US Polo Assn,1949,4.9,All-Season,"Elevate your look with this stylish White pleated linen trousers by US Polo Assn. Designed in a comfortable Slim Fit using high-grade Wool, perfect for casual or semi-formal outings."
PRD1869,Puma Unisex's Red Slim Fit Pleated Linen Trousers,trousers,Pleated Linen Trousers,Unisex,Red,L,Slim Fit,Wool,Puma,2599,3.8,Autumn,"Elevate your look with this stylish Red pleated linen trousers by Puma. Designed in a comfortable Slim Fit using high-grade Wool, perfect for casual or semi-formal outings."
PRD1870,Levi's Men's Blue Regular Fit Cargo Pants,trousers,Cargo Pants,Men,Blue,S,Regular Fit,Cotton,Levi's,1649,3.9,Autumn,"Elevate your look with this stylish Blue cargo pants by Levi's. Designed in a comfortable Regular Fit using high-grade Cotton, perfect for casual or semi-formal outings."
PRD1871,Under Armour Men's Black Slim Fit Cargo Pants,trousers,Cargo Pants,Men,Black,M,Slim Fit,Linen,Under Armour,1949,4.8,Spring,"Elevate your look with this stylish Black cargo pants by Under Armour. Designed in a comfortable Slim Fit using high-grade Linen, perfect for casual or semi-formal outings."
PRD1872,Tommy Hilfiger Men's White Slim Fit Slim Fit Slacks,trousers,Slim Fit Slacks,Men,White,L,Slim Fit,Cotton,Tommy Hilfiger,1499,3.5,All-Season,"Elevate your look with this stylish White slim fit slacks by Tommy Hilfiger. Designed in a comfortable Slim Fit using high-grade Cotton, perfect for casual or semi-formal outings."
PRD1873,Biba Women's Red Regular Fit Chino Trousers,trousers,Chino Trousers,Women,Red,L,Regular Fit,Wool,Biba,2599,4.5,All-Season,"Top-rated Biba chino trousers featuring premium Red Wool. Tailored to a comfortable Regular Fit, ideal for everyday wear during All-Season."
PRD1874,HRX Men's White Slim Fit Chino Trousers,trousers,Chino Trousers,Men,White,XXL,Slim Fit,Linen,HRX,2599,4.5,All-Season,"Essential HRX Men's chino trousers tailored with a modern Slim Fit. Made of soft, breathable Linen in rich White. Ideal choice for All-Season."
PRD1875,HRX Men's Brown Relaxed Fit Formal Dress Trousers,trousers,Formal Dress Trousers,Men,Brown,L,Relaxed Fit,Linen,HRX,1699,4.0,Autumn,"Crafted from premium Linen, this HRX Brown formal dress trousers offers exceptional comfort and durability for Autumn wardrobe styling. Features a sleek Relaxed Fit design."
PRD1876,Adidas Unisex's Pink Regular Fit Formal Dress Trousers,trousers,Formal Dress Trousers,Unisex,Pink,S,Regular Fit,Linen,Adidas,2999,4.7,Autumn,"Top-rated Adidas formal dress trousers featuring premium Pink Linen. Tailored to a comfortable Regular Fit, ideal for everyday wear during Autumn."
PRD1877,H&M Unisex's Grey Relaxed Fit Formal Dress Trousers,trousers,Formal Dress Trousers,Unisex,Grey,XXL,Relaxed Fit,Polyester,H&M,2999,3.8,Spring,"Essential H&M Unisex's formal dress trousers tailored with a modern Relaxed Fit. Made of soft, breathable Polyester in rich Grey. Ideal choice for Spring."
PRD1878,Manyavar Unisex's Beige Regular Fit Pleated Linen Trousers,trousers,Pleated Linen Trousers,Unisex,Beige,XL,Regular Fit,Polyester,Manyavar,3699,4.9,Autumn,"Top-rated Manyavar pleated linen trousers featuring premium Beige Polyester. Tailored to a comfortable Regular Fit, ideal for everyday wear during Autumn."
PRD1879,Zara Men's Red Regular Fit Formal Dress Trousers,trousers,Formal Dress Trousers,Men,Red,M,Regular Fit,Linen,Zara,2349,4.1,Spring,Stay fashion-forward with this versatile Red formal dress trousers from Zara. Includes a refined Regular Fit profile and high quality Linen fabric.
PRD1880,Under Armour Women's Green Relaxed Fit Formal Dress Trousers,trousers,Formal Dress Trousers,Women,Green,S,Relaxed Fit,Cotton,Under Armour,2299,4.2,All-Season,"Essential Under Armour Women's formal dress trousers tailored with a modern Relaxed Fit. Made of soft, breathable Cotton in rich Green. Ideal choice for All-Season."
PRD1881,Puma Men's Beige Relaxed Fit Slim Fit Slacks,trousers,Slim Fit Slacks,Men,Beige,XL,Relaxed Fit,Polyester,Puma,2999,4.1,Spring,"Essential Puma Men's slim fit slacks tailored with a modern Relaxed Fit. Made of soft, breathable Polyester in rich Beige. Ideal choice for Spring."
PRD1882,Mango Women's Grey Slim Fit Cargo Pants,trousers,Cargo Pants,Women,Grey,M,Slim Fit,Linen,Mango,2149,4.5,Spring,"Essential Mango Women's cargo pants tailored with a modern Slim Fit. Made of soft, breathable Linen in rich Grey. Ideal choice for Spring."
PRD1883,H&M Unisex's Yellow Relaxed Fit Cargo Pants,trousers,Cargo Pants,Unisex,Yellow,M,Relaxed Fit,Cotton,H&M,1499,3.7,Spring,"Essential H&M Unisex's cargo pants tailored with a modern Relaxed Fit. Made of soft, breathable Cotton in rich Yellow. Ideal choice for Spring."
PRD1884,Zara Men's Navy Slim Fit Slim Fit Slacks,trousers,Slim Fit Slacks,Men,Navy,L,Slim Fit,Polyester,Zara,3849,4.8,Spring,"Elevate your look with this stylish Navy slim fit slacks by Zara. Designed in a comfortable Slim Fit using high-grade Polyester, perfect for casual or semi-formal outings."
PRD1885,Roadster Women's Black Regular Fit Slim Fit Slacks,trousers,Slim Fit Slacks,Women,Black,XL,Regular Fit,Polyester,Roadster,2749,4.7,Spring,"Crafted from premium Polyester, this Roadster Black slim fit slacks offers exceptional comfort and durability for Spring wardrobe styling. Features a sleek Regular Fit design."
PRD1886,Mango Men's Purple Regular Fit Slim Fit Slacks,trousers,Slim Fit Slacks,Men,Purple,M,Regular Fit,Linen,Mango,2999,3.9,All-Season,"Top-rated Mango slim fit slacks featuring premium Purple Linen. Tailored to a comfortable Regular Fit, ideal for everyday wear during All-Season."
PRD1887,Aurelia Unisex's Purple Regular Fit Pleated Linen Trousers,trousers,Pleated Linen Trousers,Unisex,Purple,L,Regular Fit,Polyester,Aurelia,1849,4.1,All-Season,Stay fashion-forward with this versatile Purple pleated linen trousers from Aurelia. Includes a refined Regular Fit profile and high quality Polyester fabric.
PRD1888,Allen Solly Women's Purple Relaxed Fit Pleated Linen Trousers,trousers,Pleated Linen Trousers,Women,Purple,M,Relaxed Fit,Cotton,Allen Solly,3449,4.8,Spring,"Essential Allen Solly Women's pleated linen trousers tailored with a modern Relaxed Fit. Made of soft, breathable Cotton in rich Purple. Ideal choice for Spring."
PRD1889,Levi's Unisex's Purple Regular Fit Pleated Linen Trousers,trousers,Pleated Linen Trousers,Unisex,Purple,XL,Regular Fit,Polyester,Levi's,2799,4.5,All-Season,Stay fashion-forward with this versatile Purple pleated linen trousers from Levi's. Includes a refined Regular Fit profile and high quality Polyester fabric.
PRD1890,Aurelia Women's Pink Slim Fit Cargo Pants,trousers,Cargo Pants,Women,Pink,M,Slim Fit,Cotton,Aurelia,2449,4.4,All-Season,"Top-rated Aurelia cargo pants featuring premium Pink Cotton. Tailored to a comfortable Slim Fit, ideal for everyday wear during All-Season."
PRD1891,Under Armour Women's Red Regular Fit Pleated Linen Trousers,trousers,Pleated Linen Trousers,Women,Red,XL,Regular Fit,Cotton,Under Armour,1849,4.2,Autumn,"Essential Under Armour Women's pleated linen trousers tailored with a modern Regular Fit. Made of soft, breathable Cotton in rich Red. Ideal choice for Autumn."
PRD1892,Under Armour Unisex's Green Slim Fit Pleated Linen Trousers,trousers,Pleated Linen Trousers,Unisex,Green,XXL,Slim Fit,Linen,Under Armour,1799,3.5,All-Season,"Top-rated Under Armour pleated linen trousers featuring premium Green Linen. Tailored to a comfortable Slim Fit, ideal for everyday wear during All-Season."
PRD1893,Mango Men's Red Slim Fit Chino Trousers,trousers,Chino Trousers,Men,Red,M,Slim Fit,Wool,Mango,2049,3.9,Spring,"Top-rated Mango chino trousers featuring premium Red Wool. Tailored to a comfortable Slim Fit, ideal for everyday wear during Spring."
PRD1894,H&M Men's Navy Relaxed Fit Pleated Linen Trousers,trousers,Pleated Linen Trousers,Men,Navy,L,Relaxed Fit,Cotton,H&M,2749,4.1,All-Season,"Crafted from premium Cotton, this H&M Navy pleated linen trousers offers exceptional comfort and durability for All-Season wardrobe styling. Features a sleek Relaxed Fit design."
PRD1895,Roadster Women's Beige Relaxed Fit Slim Fit Slacks,trousers,Slim Fit Slacks,Women,Beige,M,Relaxed Fit,Cotton,Roadster,1599,4.8,Spring,"Essential Roadster Women's slim fit slacks tailored with a modern Relaxed Fit. Made of soft, breathable Cotton in rich Beige. Ideal choice for Spring."
PRD1896,HRX Men's Pink Relaxed Fit Pleated Linen Trousers,trousers,Pleated Linen Trousers,Men,Pink,M,Relaxed Fit,Polyester,HRX,3149,4.6,Autumn,Stay fashion-forward with this versatile Pink pleated linen trousers from HRX. Includes a refined Relaxed Fit profile and high quality Polyester fabric.
PRD1897,Adidas Men's White Regular Fit Formal Dress Trousers,trousers,Formal Dress Trousers,Men,White,XXL,Regular Fit,Cotton,Adidas,2099,4.3,Spring,"Top-rated Adidas formal dress trousers featuring premium White Cotton. Tailored to a comfortable Regular Fit, ideal for everyday wear during Spring."
PRD1898,Mango Women's Pink Slim Fit Pleated Linen Trousers,trousers,Pleated Linen Trousers,Women,Pink,XL,Slim Fit,Cotton,Mango,2499,4.6,Spring,"Essential Mango Women's pleated linen trousers tailored with a modern Slim Fit. Made of soft, breathable Cotton in rich Pink. Ideal choice for Spring."
PRD1899,Biba Men's Grey Slim Fit Slim Fit Slacks,trousers,Slim Fit Slacks,Men,Grey,XL,Slim Fit,Linen,Biba,2949,4.1,Autumn,"Elevate your look with this stylish Grey slim fit slacks by Biba. Designed in a comfortable Slim Fit using high-grade Linen, perfect for casual or semi-formal outings."
PRD1900,Under Armour Women's Maroon Slim Fit Chino Trousers,trousers,Chino Trousers,Women,Maroon,L,Slim Fit,Linen,Under Armour,3649,4.3,All-Season,"Crafted from premium Linen, this Under Armour Maroon chino trousers offers exceptional comfort and durability for All-Season wardrobe styling. Features a sleek Slim Fit design."
PRD1901,Allen Solly Women's Brown Relaxed Fit Pleated Linen Trousers,trousers,Pleated Linen Trousers,Women,Brown,S,Relaxed Fit,Cotton,Allen Solly,1499,4.3,Spring,"Essential Allen Solly Women's pleated linen trousers tailored with a modern Relaxed Fit. Made of soft, breathable Cotton in rich Brown. Ideal choice for Spring."
PRD1902,HRX Men's Green Slim Fit Pleated Linen Trousers,trousers,Pleated Linen Trousers,Men,Green,S,Slim Fit,Cotton,HRX,1349,4.5,Spring,Stay fashion-forward with this versatile Green pleated linen trousers from HRX. Includes a refined Slim Fit profile and high quality Cotton fabric.
PRD1903,Biba Unisex's Grey Slim Fit Cargo Pants,trousers,Cargo Pants,Unisex,Grey,S,Slim Fit,Wool,Biba,2099,3.7,All-Season,"Elevate your look with this stylish Grey cargo pants by Biba. Designed in a comfortable Slim Fit using high-grade Wool, perfect for casual or semi-formal outings."
PRD1904,Tommy Hilfiger Women's Beige Slim Fit Pleated Linen Trousers,trousers,Pleated Linen Trousers,Women,Beige,M,Slim Fit,Cotton,Tommy Hilfiger,3999,4.9,Autumn,"Elevate your look with this stylish Beige pleated linen trousers by Tommy Hilfiger. Designed in a comfortable Slim Fit using high-grade Cotton, perfect for casual or semi-formal outings."
PRD1905,Mango Men's White Slim Fit Cargo Pants,trousers,Cargo Pants,Men,White,L,Slim Fit,Cotton,Mango,1599,4.3,All-Season,Stay fashion-forward with this versatile White cargo pants from Mango. Includes a refined Slim Fit profile and high quality Cotton fabric.
PRD1906,FabIndia Unisex's Brown Slim Fit Chino Trousers,trousers,Chino Trousers,Unisex,Brown,XL,Slim Fit,Polyester,FabIndia,2549,3.8,All-Season,"Crafted from premium Polyester, this FabIndia Brown chino trousers offers exceptional comfort and durability for All-Season wardrobe styling. Features a sleek Slim Fit design."
PRD1907,Aurelia Women's Maroon Slim Fit Formal Dress Trousers,trousers,Formal Dress Trousers,Women,Maroon,L,Slim Fit,Cotton,Aurelia,2899,3.6,Spring,"Crafted from premium Cotton, this Aurelia Maroon formal dress trousers offers exceptional comfort and durability for Spring wardrobe styling. Features a sleek Slim Fit design."
PRD1908,Zara Men's Red Regular Fit Pleated Linen Trousers,trousers,Pleated Linen Trousers,Men,Red,S,Regular Fit,Linen,Zara,1149,4.1,All-Season,"Crafted from premium Linen, this Zara Red pleated linen trousers offers exceptional comfort and durability for All-Season wardrobe styling. Features a sleek Regular Fit design."
PRD1909,Tommy Hilfiger Unisex's Olive Slim Fit Formal Dress Trousers,trousers,Formal Dress Trousers,Unisex,Olive,M,Slim Fit,Linen,Tommy Hilfiger,4049,3.8,All-Season,Stay fashion-forward with this versatile Olive formal dress trousers from Tommy Hilfiger. Includes a refined Slim Fit profile and high quality Linen fabric.
PRD1910,Manyavar Women's Navy Relaxed Fit Chino Trousers,trousers,Chino Trousers,Women,Navy,M,Relaxed Fit,Linen,Manyavar,3299,4.1,Autumn,Stay fashion-forward with this versatile Navy chino trousers from Manyavar. Includes a refined Relaxed Fit profile and high quality Linen fabric.
PRD1911,Nike Men's Blue Regular Fit Formal Dress Trousers,trousers,Formal Dress Trousers,Men,Blue,S,Regular Fit,Polyester,Nike,2699,4.5,All-Season,"Crafted from premium Polyester, this Nike Blue formal dress trousers offers exceptional comfort and durability for All-Season wardrobe styling. Features a sleek Regular Fit design."
PRD1912,Biba Women's Red Slim Fit Formal Dress Trousers,trousers,Formal Dress Trousers,Women,Red,XXL,Slim Fit,Polyester,Biba,2599,3.6,Autumn,"Elevate your look with this stylish Red formal dress trousers by Biba. Designed in a comfortable Slim Fit using high-grade Polyester, perfect for casual or semi-formal outings."
PRD1913,HRX Unisex's Beige Slim Fit Cargo Pants,trousers,Cargo Pants,Unisex,Beige,S,Slim Fit,Linen,HRX,3549,4.0,Spring,Stay fashion-forward with this versatile Beige cargo pants from HRX. Includes a refined Slim Fit profile and high quality Linen fabric.
PRD1914,Roadster Men's Olive Relaxed Fit Cargo Pants,trousers,Cargo Pants,Men,Olive,XL,Relaxed Fit,Polyester,Roadster,1349,4.0,Autumn,"Top-rated Roadster cargo pants featuring premium Olive Polyester. Tailored to a comfortable Relaxed Fit, ideal for everyday wear during Autumn."
PRD1915,Under Armour Women's Yellow Relaxed Fit Pleated Linen Trousers,trousers,Pleated Linen Trousers,Women,Yellow,XXL,Relaxed Fit,Linen,Under Armour,3949,5.0,Autumn,"Elevate your look with this stylish Yellow pleated linen trousers by Under Armour. Designed in a comfortable Relaxed Fit using high-grade Linen, perfect for casual or semi-formal outings."
PRD1916,Levi's Men's Green Slim Fit Slim Fit Slacks,trousers,Slim Fit Slacks,Men,Green,XXL,Slim Fit,Wool,Levi's,1399,3.6,All-Season,"Essential Levi's Men's slim fit slacks tailored with a modern Slim Fit. Made of soft, breathable Wool in rich Green. Ideal choice for All-Season."
PRD1917,Mango Men's White Regular Fit Cargo Pants,trousers,Cargo Pants,Men,White,S,Regular Fit,Linen,Mango,2049,4.9,Autumn,"Top-rated Mango cargo pants featuring premium White Linen. Tailored to a comfortable Regular Fit, ideal for everyday wear during Autumn."
PRD1918,Jack & Jones Men's Green Regular Fit Cargo Pants,trousers,Cargo Pants,Men,Green,XL,Regular Fit,Cotton,Jack & Jones,3749,4.7,Autumn,"Crafted from premium Cotton, this Jack & Jones Green cargo pants offers exceptional comfort and durability for Autumn wardrobe styling. Features a sleek Regular Fit design."
PRD1919,Puma Women's Red Slim Fit Cargo Pants,trousers,Cargo Pants,Women,Red,M,Slim Fit,Cotton,Puma,3899,4.5,Autumn,"Elevate your look with this stylish Red cargo pants by Puma. Designed in a comfortable Slim Fit using high-grade Cotton, perfect for casual or semi-formal outings."
PRD1920,Biba Women's White Regular Fit Slim Fit Slacks,trousers,Slim Fit Slacks,Women,White,XL,Regular Fit,Cotton,Biba,1349,4.9,All-Season,"Crafted from premium Cotton, this Biba White slim fit slacks offers exceptional comfort and durability for All-Season wardrobe styling. Features a sleek Regular Fit design."
PRD1921,Roadster Men's Blue Slim Fit Formal Dress Trousers,trousers,Formal Dress Trousers,Men,Blue,XXL,Slim Fit,Linen,Roadster,1399,4.1,All-Season,Stay fashion-forward with this versatile Blue formal dress trousers from Roadster. Includes a refined Slim Fit profile and high quality Linen fabric.
PRD1922,US Polo Assn Unisex's Red Slim Fit Formal Dress Trousers,trousers,Formal Dress Trousers,Unisex,Red,XXL,Slim Fit,Wool,US Polo Assn,2099,4.0,All-Season,"Top-rated US Polo Assn formal dress trousers featuring premium Red Wool. Tailored to a comfortable Slim Fit, ideal for everyday wear during All-Season."
PRD1923,Jack & Jones Women's Purple Regular Fit Formal Dress Trousers,trousers,Formal Dress Trousers,Women,Purple,XL,Regular Fit,Cotton,Jack & Jones,2599,3.8,Spring,Stay fashion-forward with this versatile Purple formal dress trousers from Jack & Jones. Includes a refined Regular Fit profile and high quality Cotton fabric.
PRD1924,HRX Unisex's Maroon Regular Fit Slim Fit Slacks,trousers,Slim Fit Slacks,Unisex,Maroon,S,Regular Fit,Linen,HRX,2649,4.1,Spring,"Crafted from premium Linen, this HRX Maroon slim fit slacks offers exceptional comfort and durability for Spring wardrobe styling. Features a sleek Regular Fit design."
PRD1925,US Polo Assn Women's Yellow Relaxed Fit Tiered Sun Dress,dresses,Tiered Sun Dress,Women,Yellow,XL,Relaxed Fit,Silk,US Polo Assn,3249,4.0,Spring,"Essential US Polo Assn Women's tiered sun dress tailored with a modern Relaxed Fit. Made of soft, breathable Silk in rich Yellow. Ideal choice for Spring."
PRD1926,Biba Women's Blue Regular Fit Tiered Sun Dress,dresses,Tiered Sun Dress,Women,Blue,XL,Regular Fit,Silk,Biba,2199,3.7,All-Season,"Elevate your look with this stylish Blue tiered sun dress by Biba. Designed in a comfortable Regular Fit using high-grade Silk, perfect for casual or semi-formal outings."
PRD1927,Levi's Women's Beige Regular Fit Floral Summer Maxi Dress,dresses,Floral Summer Maxi Dress,Women,Beige,L,Regular Fit,Linen,Levi's,2949,4.2,Spring,"Top-rated Levi's floral summer maxi dress featuring premium Beige Linen. Tailored to a comfortable Regular Fit, ideal for everyday wear during Spring."
PRD1928,H&M Women's Blue Regular Fit Casual Denim Shirt Dress,dresses,Casual Denim Shirt Dress,Women,Blue,XL,Regular Fit,Silk,H&M,2399,4.7,Summer,"Essential H&M Women's casual denim shirt dress tailored with a modern Regular Fit. Made of soft, breathable Silk in rich Blue. Ideal choice for Summer."
PRD1929,Manyavar Women's Maroon Slim Fit Casual Denim Shirt Dress,dresses,Casual Denim Shirt Dress,Women,Maroon,M,Slim Fit,Linen,Manyavar,2349,4.2,Spring,"Essential Manyavar Women's casual denim shirt dress tailored with a modern Slim Fit. Made of soft, breathable Linen in rich Maroon. Ideal choice for Spring."
PRD1930,Levi's Women's Pink Regular Fit A-Line Cotton Dress,dresses,A-Line Cotton Dress,Women,Pink,M,Regular Fit,Silk,Levi's,3849,4.4,Spring,"Elevate your look with this stylish Pink a-line cotton dress by Levi's. Designed in a comfortable Regular Fit using high-grade Silk, perfect for casual or semi-formal outings."
PRD1931,Levi's Women's Olive Relaxed Fit Floral Summer Maxi Dress,dresses,Floral Summer Maxi Dress,Women,Olive,XXL,Relaxed Fit,Linen,Levi's,5049,3.6,Spring,"Elevate your look with this stylish Olive floral summer maxi dress by Levi's. Designed in a comfortable Relaxed Fit using high-grade Linen, perfect for casual or semi-formal outings."
PRD1932,HRX Women's Green Relaxed Fit A-Line Cotton Dress,dresses,A-Line Cotton Dress,Women,Green,XXL,Relaxed Fit,Rayon,HRX,4049,4.8,All-Season,"Top-rated HRX a-line cotton dress featuring premium Green Rayon. Tailored to a comfortable Relaxed Fit, ideal for everyday wear during All-Season."
PRD1933,US Polo Assn Women's Blue Relaxed Fit Casual Denim Shirt Dress,dresses,Casual Denim Shirt Dress,Women,Blue,L,Relaxed Fit,Rayon,US Polo Assn,4449,3.8,Summer,Stay fashion-forward with this versatile Blue casual denim shirt dress from US Polo Assn. Includes a refined Relaxed Fit profile and high quality Rayon fabric.
PRD1934,US Polo Assn Women's Purple Regular Fit Floral Summer Maxi Dress,dresses,Floral Summer Maxi Dress,Women,Purple,S,Regular Fit,Cotton,US Polo Assn,4549,4.5,Summer,"Top-rated US Polo Assn floral summer maxi dress featuring premium Purple Cotton. Tailored to a comfortable Regular Fit, ideal for everyday wear during Summer."
PRD1935,HRX Women's White Slim Fit Bodycon Evening Dress,dresses,Bodycon Evening Dress,Women,White,M,Slim Fit,Rayon,HRX,2199,4.2,Summer,"Top-rated HRX bodycon evening dress featuring premium White Rayon. Tailored to a comfortable Slim Fit, ideal for everyday wear during Summer."
PRD1936,Nike Women's White Slim Fit Casual Denim Shirt Dress,dresses,Casual Denim Shirt Dress,Women,White,M,Slim Fit,Cotton,Nike,4699,4.6,All-Season,"Essential Nike Women's casual denim shirt dress tailored with a modern Slim Fit. Made of soft, breathable Cotton in rich White. Ideal choice for All-Season."
PRD1937,HRX Women's Purple Relaxed Fit Casual Denim Shirt Dress,dresses,Casual Denim Shirt Dress,Women,Purple,L,Relaxed Fit,Silk,HRX,1749,4.1,Summer,"Essential HRX Women's casual denim shirt dress tailored with a modern Relaxed Fit. Made of soft, breathable Silk in rich Purple. Ideal choice for Summer."
PRD1938,H&M Women's Pink Slim Fit Bodycon Evening Dress,dresses,Bodycon Evening Dress,Women,Pink,S,Slim Fit,Linen,H&M,1399,3.6,Spring,"Crafted from premium Linen, this H&M Pink bodycon evening dress offers exceptional comfort and durability for Spring wardrobe styling. Features a sleek Slim Fit design."
PRD1939,Under Armour Women's Red Relaxed Fit Floral Summer Maxi Dress,dresses,Floral Summer Maxi Dress,Women,Red,XXL,Relaxed Fit,Cotton,Under Armour,3499,5.0,Spring,"Essential Under Armour Women's floral summer maxi dress tailored with a modern Relaxed Fit. Made of soft, breathable Cotton in rich Red. Ideal choice for Spring."
PRD1940,Mango Women's Pink Regular Fit Casual Denim Shirt Dress,dresses,Casual Denim Shirt Dress,Women,Pink,L,Regular Fit,Rayon,Mango,2649,4.7,Spring,"Essential Mango Women's casual denim shirt dress tailored with a modern Regular Fit. Made of soft, breathable Rayon in rich Pink. Ideal choice for Spring."
PRD1941,Biba Women's Navy Regular Fit Casual Denim Shirt Dress,dresses,Casual Denim Shirt Dress,Women,Navy,XL,Regular Fit,Cotton,Biba,4949,4.5,Summer,"Elevate your look with this stylish Navy casual denim shirt dress by Biba. Designed in a comfortable Regular Fit using high-grade Cotton, perfect for casual or semi-formal outings."
PRD1942,Levi's Women's Purple Relaxed Fit Tiered Sun Dress,dresses,Tiered Sun Dress,Women,Purple,M,Relaxed Fit,Rayon,Levi's,2899,4.2,All-Season,Stay fashion-forward with this versatile Purple tiered sun dress from Levi's. Includes a refined Relaxed Fit profile and high quality Rayon fabric.
PRD1943,Manyavar Women's Black Relaxed Fit Casual Denim Shirt Dress,dresses,Casual Denim Shirt Dress,Women,Black,L,Relaxed Fit,Rayon,Manyavar,4949,3.6,Summer,"Essential Manyavar Women's casual denim shirt dress tailored with a modern Relaxed Fit. Made of soft, breathable Rayon in rich Black. Ideal choice for Summer."
PRD1944,Jack & Jones Women's Grey Relaxed Fit A-Line Cotton Dress,dresses,A-Line Cotton Dress,Women,Grey,XL,Relaxed Fit,Cotton,Jack & Jones,3299,5.0,Spring,"Crafted from premium Cotton, this Jack & Jones Grey a-line cotton dress offers exceptional comfort and durability for Spring wardrobe styling. Features a sleek Relaxed Fit design."
PRD1945,Biba Women's Maroon Slim Fit Bodycon Evening Dress,dresses,Bodycon Evening Dress,Women,Maroon,XL,Slim Fit,Cotton,Biba,4649,3.6,Summer,"Top-rated Biba bodycon evening dress featuring premium Maroon Cotton. Tailored to a comfortable Slim Fit, ideal for everyday wear during Summer."
PRD1946,Jack & Jones Women's Blue Regular Fit A-Line Cotton Dress,dresses,A-Line Cotton Dress,Women,Blue,M,Regular Fit,Silk,Jack & Jones,2049,4.6,Summer,"Crafted from premium Silk, this Jack & Jones Blue a-line cotton dress offers exceptional comfort and durability for Summer wardrobe styling. Features a sleek Regular Fit design."
PRD1947,Nike Women's White Regular Fit Casual Denim Shirt Dress,dresses,Casual Denim Shirt Dress,Women,White,M,Regular Fit,Linen,Nike,4299,3.9,Spring,Stay fashion-forward with this versatile White casual denim shirt dress from Nike. Includes a refined Regular Fit profile and high quality Linen fabric.
PRD1948,Nike Women's Blue Relaxed Fit A-Line Cotton Dress,dresses,A-Line Cotton Dress,Women,Blue,XXL,Relaxed Fit,Rayon,Nike,4499,4.9,Summer,"Crafted from premium Rayon, this Nike Blue a-line cotton dress offers exceptional comfort and durability for Summer wardrobe styling. Features a sleek Relaxed Fit design."
PRD1949,Tommy Hilfiger Women's Olive Relaxed Fit Casual Denim Shirt Dress,dresses,Casual Denim Shirt Dress,Women,Olive,M,Relaxed Fit,Linen,Tommy Hilfiger,2449,3.7,Summer,"Crafted from premium Linen, this Tommy Hilfiger Olive casual denim shirt dress offers exceptional comfort and durability for Summer wardrobe styling. Features a sleek Relaxed Fit design."
PRD1950,Nike Women's Maroon Relaxed Fit Floral Summer Maxi Dress,dresses,Floral Summer Maxi Dress,Women,Maroon,S,Relaxed Fit,Silk,Nike,3699,4.1,All-Season,"Essential Nike Women's floral summer maxi dress tailored with a modern Relaxed Fit. Made of soft, breathable Silk in rich Maroon. Ideal choice for All-Season."
PRD1951,Biba Women's Green Slim Fit Tiered Sun Dress,dresses,Tiered Sun Dress,Women,Green,XL,Slim Fit,Silk,Biba,2699,4.7,Spring,"Elevate your look with this stylish Green tiered sun dress by Biba. Designed in a comfortable Slim Fit using high-grade Silk, perfect for casual or semi-formal outings."
PRD1952,Manyavar Women's Blue Regular Fit Tiered Sun Dress,dresses,Tiered Sun Dress,Women,Blue,XL,Regular Fit,Cotton,Manyavar,2649,3.7,All-Season,"Essential Manyavar Women's tiered sun dress tailored with a modern Regular Fit. Made of soft, breathable Cotton in rich Blue. Ideal choice for All-Season."
PRD1953,Puma Women's White Relaxed Fit Casual Denim Shirt Dress,dresses,Casual Denim Shirt Dress,Women,White,S,Relaxed Fit,Rayon,Puma,3849,4.0,Summer,"Top-rated Puma casual denim shirt dress featuring premium White Rayon. Tailored to a comfortable Relaxed Fit, ideal for everyday wear during Summer."
PRD1954,Nike Women's Olive Slim Fit Bodycon Evening Dress,dresses,Bodycon Evening Dress,Women,Olive,XL,Slim Fit,Linen,Nike,1599,5.0,Spring,"Essential Nike Women's bodycon evening dress tailored with a modern Slim Fit. Made of soft, breathable Linen in rich Olive. Ideal choice for Spring."
PRD1955,Roadster Women's Maroon Relaxed Fit A-Line Cotton Dress,dresses,A-Line Cotton Dress,Women,Maroon,XL,Relaxed Fit,Cotton,Roadster,4349,4.1,Summer,"Elevate your look with this stylish Maroon a-line cotton dress by Roadster. Designed in a comfortable Relaxed Fit using high-grade Cotton, perfect for casual or semi-formal outings."
PRD1956,Levi's Women's Navy Regular Fit Tiered Sun Dress,dresses,Tiered Sun Dress,Women,Navy,XL,Regular Fit,Linen,Levi's,2999,3.6,Spring,"Essential Levi's Women's tiered sun dress tailored with a modern Regular Fit. Made of soft, breathable Linen in rich Navy. Ideal choice for Spring."
PRD1957,US Polo Assn Women's Blue Slim Fit A-Line Cotton Dress,dresses,A-Line Cotton Dress,Women,Blue,S,Slim Fit,Rayon,US Polo Assn,4849,4.9,All-Season,"Essential US Polo Assn Women's a-line cotton dress tailored with a modern Slim Fit. Made of soft, breathable Rayon in rich Blue. Ideal choice for All-Season."
PRD1958,Jack & Jones Women's Beige Relaxed Fit A-Line Cotton Dress,dresses,A-Line Cotton Dress,Women,Beige,M,Relaxed Fit,Linen,Jack & Jones,2249,3.8,Spring,"Elevate your look with this stylish Beige a-line cotton dress by Jack & Jones. Designed in a comfortable Relaxed Fit using high-grade Linen, perfect for casual or semi-formal outings."
PRD1959,Levi's Women's Olive Slim Fit Bodycon Evening Dress,dresses,Bodycon Evening Dress,Women,Olive,M,Slim Fit,Linen,Levi's,1599,3.6,Spring,Stay fashion-forward with this versatile Olive bodycon evening dress from Levi's. Includes a refined Slim Fit profile and high quality Linen fabric.
PRD1960,FabIndia Women's Yellow Relaxed Fit Floral Summer Maxi Dress,dresses,Floral Summer Maxi Dress,Women,Yellow,XL,Relaxed Fit,Rayon,FabIndia,1999,4.4,All-Season,Stay fashion-forward with this versatile Yellow floral summer maxi dress from FabIndia. Includes a refined Relaxed Fit profile and high quality Rayon fabric.
PRD1961,Puma Women's Red Regular Fit Floral Summer Maxi Dress,dresses,Floral Summer Maxi Dress,Women,Red,XXL,Regular Fit,Linen,Puma,2099,4.5,Spring,Stay fashion-forward with this versatile Red floral summer maxi dress from Puma. Includes a refined Regular Fit profile and high quality Linen fabric.
PRD1962,H&M Women's Green Relaxed Fit Casual Denim Shirt Dress,dresses,Casual Denim Shirt Dress,Women,Green,S,Relaxed Fit,Linen,H&M,1849,3.7,Spring,"Crafted from premium Linen, this H&M Green casual denim shirt dress offers exceptional comfort and durability for Spring wardrobe styling. Features a sleek Relaxed Fit design."
PRD1963,Mango Women's Black Relaxed Fit Tiered Sun Dress,dresses,Tiered Sun Dress,Women,Black,S,Relaxed Fit,Linen,Mango,4649,4.4,Spring,Stay fashion-forward with this versatile Black tiered sun dress from Mango. Includes a refined Relaxed Fit profile and high quality Linen fabric.
PRD1964,Mango Women's Pink Slim Fit Casual Denim Shirt Dress,dresses,Casual Denim Shirt Dress,Women,Pink,S,Slim Fit,Cotton,Mango,4299,4.9,Spring,"Top-rated Mango casual denim shirt dress featuring premium Pink Cotton. Tailored to a comfortable Slim Fit, ideal for everyday wear during Spring."
PRD1965,FabIndia Women's Grey Relaxed Fit Casual Denim Shirt Dress,dresses,Casual Denim Shirt Dress,Women,Grey,XXL,Relaxed Fit,Linen,FabIndia,4799,4.4,Summer,"Crafted from premium Linen, this FabIndia Grey casual denim shirt dress offers exceptional comfort and durability for Summer wardrobe styling. Features a sleek Relaxed Fit design."
PRD1966,Allen Solly Women's Purple Relaxed Fit Floral Summer Maxi Dress,dresses,Floral Summer Maxi Dress,Women,Purple,XXL,Relaxed Fit,Silk,Allen Solly,3199,4.7,Summer,"Crafted from premium Silk, this Allen Solly Purple floral summer maxi dress offers exceptional comfort and durability for Summer wardrobe styling. Features a sleek Relaxed Fit design."
PRD1967,Zara Women's Olive Slim Fit A-Line Cotton Dress,dresses,A-Line Cotton Dress,Women,Olive,L,Slim Fit,Cotton,Zara,4849,4.6,All-Season,"Crafted from premium Cotton, this Zara Olive a-line cotton dress offers exceptional comfort and durability for All-Season wardrobe styling. Features a sleek Slim Fit design."
PRD1968,Nike Women's Navy Relaxed Fit Tiered Sun Dress,dresses,Tiered Sun Dress,Women,Navy,S,Relaxed Fit,Silk,Nike,2399,4.0,Spring,"Top-rated Nike tiered sun dress featuring premium Navy Silk. Tailored to a comfortable Relaxed Fit, ideal for everyday wear during Spring."
PRD1969,US Polo Assn Women's White Relaxed Fit Tiered Sun Dress,dresses,Tiered Sun Dress,Women,White,L,Relaxed Fit,Linen,US Polo Assn,3499,4.9,All-Season,"Essential US Polo Assn Women's tiered sun dress tailored with a modern Relaxed Fit. Made of soft, breathable Linen in rich White. Ideal choice for All-Season."
PRD1970,Aurelia Women's Maroon Slim Fit Tiered Sun Dress,dresses,Tiered Sun Dress,Women,Maroon,S,Slim Fit,Cotton,Aurelia,2149,3.7,Summer,"Elevate your look with this stylish Maroon tiered sun dress by Aurelia. Designed in a comfortable Slim Fit using high-grade Cotton, perfect for casual or semi-formal outings."
PRD1971,Roadster Women's Pink Regular Fit Tiered Sun Dress,dresses,Tiered Sun Dress,Women,Pink,XXL,Regular Fit,Rayon,Roadster,3099,3.6,Summer,"Essential Roadster Women's tiered sun dress tailored with a modern Regular Fit. Made of soft, breathable Rayon in rich Pink. Ideal choice for Summer."
PRD1972,Adidas Women's Grey Regular Fit Casual Denim Shirt Dress,dresses,Casual Denim Shirt Dress,Women,Grey,XL,Regular Fit,Cotton,Adidas,4199,3.7,Spring,"Elevate your look with this stylish Grey casual denim shirt dress by Adidas. Designed in a comfortable Regular Fit using high-grade Cotton, perfect for casual or semi-formal outings."
PRD1973,H&M Women's Maroon Regular Fit Bodycon Evening Dress,dresses,Bodycon Evening Dress,Women,Maroon,M,Regular Fit,Silk,H&M,2649,5.0,Spring,Stay fashion-forward with this versatile Maroon bodycon evening dress from H&M. Includes a refined Regular Fit profile and high quality Silk fabric.
PRD1974,Biba Women's Blue Regular Fit Floral Summer Maxi Dress,dresses,Floral Summer Maxi Dress,Women,Blue,S,Regular Fit,Cotton,Biba,4199,4.3,All-Season,"Crafted from premium Cotton, this Biba Blue floral summer maxi dress offers exceptional comfort and durability for All-Season wardrobe styling. Features a sleek Regular Fit design."
PRD1975,Tommy Hilfiger Women's Navy Regular Fit Floral Summer Maxi Dress,dresses,Floral Summer Maxi Dress,Women,Navy,L,Regular Fit,Silk,Tommy Hilfiger,1399,3.6,Summer,"Elevate your look with this stylish Navy floral summer maxi dress by Tommy Hilfiger. Designed in a comfortable Regular Fit using high-grade Silk, perfect for casual or semi-formal outings."
PRD1976,Biba Women's White Relaxed Fit Floral Summer Maxi Dress,dresses,Floral Summer Maxi Dress,Women,White,XL,Relaxed Fit,Rayon,Biba,1749,4.3,All-Season,"Top-rated Biba floral summer maxi dress featuring premium White Rayon. Tailored to a comfortable Relaxed Fit, ideal for everyday wear during All-Season."
PRD1977,US Polo Assn Women's Pink Slim Fit Tiered Sun Dress,dresses,Tiered Sun Dress,Women,Pink,L,Slim Fit,Cotton,US Polo Assn,4449,4.1,Summer,"Essential US Polo Assn Women's tiered sun dress tailored with a modern Slim Fit. Made of soft, breathable Cotton in rich Pink. Ideal choice for Summer."
PRD1978,Aurelia Women's Beige Relaxed Fit Tiered Sun Dress,dresses,Tiered Sun Dress,Women,Beige,S,Relaxed Fit,Silk,Aurelia,4199,4.3,Spring,"Elevate your look with this stylish Beige tiered sun dress by Aurelia. Designed in a comfortable Relaxed Fit using high-grade Silk, perfect for casual or semi-formal outings."
PRD1979,Roadster Women's Pink Relaxed Fit A-Line Cotton Dress,dresses,A-Line Cotton Dress,Women,Pink,L,Relaxed Fit,Rayon,Roadster,4249,4.7,Summer,"Top-rated Roadster a-line cotton dress featuring premium Pink Rayon. Tailored to a comfortable Relaxed Fit, ideal for everyday wear during Summer."
PRD1980,HRX Women's Beige Regular Fit Casual Denim Shirt Dress,dresses,Casual Denim Shirt Dress,Women,Beige,L,Regular Fit,Linen,HRX,2499,4.9,All-Season,"Top-rated HRX casual denim shirt dress featuring premium Beige Linen. Tailored to a comfortable Regular Fit, ideal for everyday wear during All-Season."
PRD1981,Puma Women's Green Regular Fit Bodycon Evening Dress,dresses,Bodycon Evening Dress,Women,Green,S,Regular Fit,Rayon,Puma,1699,4.6,Summer,"Crafted from premium Rayon, this Puma Green bodycon evening dress offers exceptional comfort and durability for Summer wardrobe styling. Features a sleek Regular Fit design."
PRD1982,FabIndia Women's Blue Relaxed Fit Tiered Sun Dress,dresses,Tiered Sun Dress,Women,Blue,XL,Relaxed Fit,Rayon,FabIndia,4699,4.8,All-Season,Stay fashion-forward with this versatile Blue tiered sun dress from FabIndia. Includes a refined Relaxed Fit profile and high quality Rayon fabric.
PRD1983,Manyavar Women's Beige Relaxed Fit A-Line Cotton Dress,dresses,A-Line Cotton Dress,Women,Beige,S,Relaxed Fit,Cotton,Manyavar,3899,3.8,Spring,"Crafted from premium Cotton, this Manyavar Beige a-line cotton dress offers exceptional comfort and durability for Spring wardrobe styling. Features a sleek Relaxed Fit design."
PRD1984,HRX Women's Red Relaxed Fit Tiered Sun Dress,dresses,Tiered Sun Dress,Women,Red,XL,Relaxed Fit,Cotton,HRX,2049,4.5,All-Season,"Top-rated HRX tiered sun dress featuring premium Red Cotton. Tailored to a comfortable Relaxed Fit, ideal for everyday wear during All-Season."
PRD1985,Puma Women's Navy Slim Fit A-Line Cotton Dress,dresses,A-Line Cotton Dress,Women,Navy,XL,Slim Fit,Rayon,Puma,3399,4.1,Summer,"Essential Puma Women's a-line cotton dress tailored with a modern Slim Fit. Made of soft, breathable Rayon in rich Navy. Ideal choice for Summer."
PRD1986,Nike Women's Purple Relaxed Fit Bodycon Evening Dress,dresses,Bodycon Evening Dress,Women,Purple,L,Relaxed Fit,Cotton,Nike,3349,3.9,Spring,"Elevate your look with this stylish Purple bodycon evening dress by Nike. Designed in a comfortable Relaxed Fit using high-grade Cotton, perfect for casual or semi-formal outings."
PRD1987,Levi's Women's Red Regular Fit Tiered Sun Dress,dresses,Tiered Sun Dress,Women,Red,XXL,Regular Fit,Cotton,Levi's,4849,4.2,Spring,"Essential Levi's Women's tiered sun dress tailored with a modern Regular Fit. Made of soft, breathable Cotton in rich Red. Ideal choice for Spring."
PRD1988,Levi's Women's Navy Regular Fit Tiered Sun Dress,dresses,Tiered Sun Dress,Women,Navy,S,Regular Fit,Rayon,Levi's,2799,4.8,Summer,"Elevate your look with this stylish Navy tiered sun dress by Levi's. Designed in a comfortable Regular Fit using high-grade Rayon, perfect for casual or semi-formal outings."
PRD1989,Biba Women's Blue Regular Fit Bodycon Evening Dress,dresses,Bodycon Evening Dress,Women,Blue,S,Regular Fit,Linen,Biba,3549,4.3,Summer,"Elevate your look with this stylish Blue bodycon evening dress by Biba. Designed in a comfortable Regular Fit using high-grade Linen, perfect for casual or semi-formal outings."
PRD1990,HRX Women's Black Slim Fit Floral Summer Maxi Dress,dresses,Floral Summer Maxi Dress,Women,Black,XL,Slim Fit,Rayon,HRX,2999,4.1,Summer,"Essential HRX Women's floral summer maxi dress tailored with a modern Slim Fit. Made of soft, breathable Rayon in rich Black. Ideal choice for Summer."
PRD1991,HRX Women's Blue Regular Fit A-Line Cotton Dress,dresses,A-Line Cotton Dress,Women,Blue,M,Regular Fit,Linen,HRX,2799,4.6,Summer,"Crafted from premium Linen, this HRX Blue a-line cotton dress offers exceptional comfort and durability for Summer wardrobe styling. Features a sleek Regular Fit design."
PRD1992,W Women's Red Regular Fit A-Line Cotton Dress,dresses,A-Line Cotton Dress,Women,Red,XL,Regular Fit,Cotton,W,3099,4.6,Summer,"Crafted from premium Cotton, this W Red a-line cotton dress offers exceptional comfort and durability for Summer wardrobe styling. Features a sleek Regular Fit design."
PRD1993,FabIndia Women's Olive Regular Fit A-Line Cotton Dress,dresses,A-Line Cotton Dress,Women,Olive,XL,Regular Fit,Cotton,FabIndia,3649,4.2,Spring,"Elevate your look with this stylish Olive a-line cotton dress by FabIndia. Designed in a comfortable Regular Fit using high-grade Cotton, perfect for casual or semi-formal outings."
PRD1994,Tommy Hilfiger Women's White Slim Fit Casual Denim Shirt Dress,dresses,Casual Denim Shirt Dress,Women,White,M,Slim Fit,Cotton,Tommy Hilfiger,1999,4.0,Summer,"Crafted from premium Cotton, this Tommy Hilfiger White casual denim shirt dress offers exceptional comfort and durability for Summer wardrobe styling. Features a sleek Slim Fit design."
PRD1995,Puma Women's Grey Relaxed Fit Floral Summer Maxi Dress,dresses,Floral Summer Maxi Dress,Women,Grey,XL,Relaxed Fit,Cotton,Puma,2549,3.9,Spring,"Crafted from premium Cotton, this Puma Grey floral summer maxi dress offers exceptional comfort and durability for Spring wardrobe styling. Features a sleek Relaxed Fit design."
PRD1996,HRX Women's Maroon Relaxed Fit A-Line Cotton Dress,dresses,A-Line Cotton Dress,Women,Maroon,L,Relaxed Fit,Silk,HRX,4499,3.7,Summer,"Essential HRX Women's a-line cotton dress tailored with a modern Relaxed Fit. Made of soft, breathable Silk in rich Maroon. Ideal choice for Summer."
PRD1997,Puma Women's Beige Relaxed Fit Casual Denim Shirt Dress,dresses,Casual Denim Shirt Dress,Women,Beige,XXL,Relaxed Fit,Cotton,Puma,3899,3.8,All-Season,"Top-rated Puma casual denim shirt dress featuring premium Beige Cotton. Tailored to a comfortable Relaxed Fit, ideal for everyday wear during All-Season."
PRD1998,Roadster Women's White Regular Fit A-Line Cotton Dress,dresses,A-Line Cotton Dress,Women,White,M,Regular Fit,Cotton,Roadster,1949,4.1,Spring,"Top-rated Roadster a-line cotton dress featuring premium White Cotton. Tailored to a comfortable Regular Fit, ideal for everyday wear during Spring."
PRD1999,Allen Solly Women's Grey Regular Fit Floral Summer Maxi Dress,dresses,Floral Summer Maxi Dress,Women,Grey,M,Regular Fit,Rayon,Allen Solly,2299,4.0,All-Season,Stay fashion-forward with this versatile Grey floral summer maxi dress from Allen Solly. Includes a refined Regular Fit profile and high quality Rayon fabric.
PRD2000,Zara Women's Olive Slim Fit Tiered Sun Dress,dresses,Tiered Sun Dress,Women,Olive,L,Slim Fit,Rayon,Zara,2849,3.9,Summer,"Essential Zara Women's tiered sun dress tailored with a modern Slim Fit. Made of soft, breathable Rayon in rich Olive. Ideal choice for Summer."
PRD2001,HRX Women's Black Slim Fit A-Line Cotton Dress,dresses,A-Line Cotton Dress,Women,Black,S,Slim Fit,Cotton,HRX,4099,4.6,Summer,"Elevate your look with this stylish Black a-line cotton dress by HRX. Designed in a comfortable Slim Fit using high-grade Cotton, perfect for casual or semi-formal outings."
PRD2002,US Polo Assn Women's Pink Slim Fit Casual Denim Shirt Dress,dresses,Casual Denim Shirt Dress,Women,Pink,L,Slim Fit,Linen,US Polo Assn,3399,4.0,Summer,"Essential US Polo Assn Women's casual denim shirt dress tailored with a modern Slim Fit. Made of soft, breathable Linen in rich Pink. Ideal choice for Summer."
PRD2003,Nike Women's Olive Relaxed Fit Floral Summer Maxi Dress,dresses,Floral Summer Maxi Dress,Women,Olive,L,Relaxed Fit,Silk,Nike,4399,4.7,Spring,"Top-rated Nike floral summer maxi dress featuring premium Olive Silk. Tailored to a comfortable Relaxed Fit, ideal for everyday wear during Spring."
PRD2004,Manyavar Women's Red Relaxed Fit Tiered Sun Dress,dresses,Tiered Sun Dress,Women,Red,XXL,Relaxed Fit,Rayon,Manyavar,2949,3.6,Summer,"Crafted from premium Rayon, this Manyavar Red tiered sun dress offers exceptional comfort and durability for Summer wardrobe styling. Features a sleek Relaxed Fit design."
PRD2005,Roadster Women's Black Relaxed Fit Tiered Sun Dress,dresses,Tiered Sun Dress,Women,Black,XL,Relaxed Fit,Silk,Roadster,1799,3.6,Summer,"Top-rated Roadster tiered sun dress featuring premium Black Silk. Tailored to a comfortable Relaxed Fit, ideal for everyday wear during Summer."
PRD2006,Tommy Hilfiger Women's Brown Slim Fit Bodycon Evening Dress,dresses,Bodycon Evening Dress,Women,Brown,M,Slim Fit,Silk,Tommy Hilfiger,2149,4.1,Summer,"Essential Tommy Hilfiger Women's bodycon evening dress tailored with a modern Slim Fit. Made of soft, breathable Silk in rich Brown. Ideal choice for Summer."
PRD2007,Aurelia Women's Beige Relaxed Fit Bodycon Evening Dress,dresses,Bodycon Evening Dress,Women,Beige,S,Relaxed Fit,Cotton,Aurelia,3349,4.1,Spring,"Top-rated Aurelia bodycon evening dress featuring premium Beige Cotton. Tailored to a comfortable Relaxed Fit, ideal for everyday wear during Spring."
PRD2008,Levi's Women's Maroon Slim Fit A-Line Cotton Dress,dresses,A-Line Cotton Dress,Women,Maroon,XXL,Slim Fit,Rayon,Levi's,1599,4.7,Summer,"Elevate your look with this stylish Maroon a-line cotton dress by Levi's. Designed in a comfortable Slim Fit using high-grade Rayon, perfect for casual or semi-formal outings."
PRD2009,Biba Women's White Regular Fit Casual Denim Shirt Dress,dresses,Casual Denim Shirt Dress,Women,White,XL,Regular Fit,Linen,Biba,2999,4.4,All-Season,"Elevate your look with this stylish White casual denim shirt dress by Biba. Designed in a comfortable Regular Fit using high-grade Linen, perfect for casual or semi-formal outings."
PRD2010,FabIndia Women's Pink Slim Fit Floral Summer Maxi Dress,dresses,Floral Summer Maxi Dress,Women,Pink,XL,Slim Fit,Cotton,FabIndia,3449,4.6,All-Season,"Top-rated FabIndia floral summer maxi dress featuring premium Pink Cotton. Tailored to a comfortable Slim Fit, ideal for everyday wear during All-Season."
PRD2011,Adidas Women's Green Relaxed Fit Bodycon Evening Dress,dresses,Bodycon Evening Dress,Women,Green,S,Relaxed Fit,Rayon,Adidas,2049,3.8,All-Season,"Top-rated Adidas bodycon evening dress featuring premium Green Rayon. Tailored to a comfortable Relaxed Fit, ideal for everyday wear during All-Season."
PRD2012,Puma Women's Olive Slim Fit Bodycon Evening Dress,dresses,Bodycon Evening Dress,Women,Olive,L,Slim Fit,Rayon,Puma,4949,4.7,Summer,"Elevate your look with this stylish Olive bodycon evening dress by Puma. Designed in a comfortable Slim Fit using high-grade Rayon, perfect for casual or semi-formal outings."
PRD2013,Allen Solly Women's Black Relaxed Fit Tiered Sun Dress,dresses,Tiered Sun Dress,Women,Black,XXL,Relaxed Fit,Rayon,Allen Solly,2899,4.0,All-Season,"Top-rated Allen Solly tiered sun dress featuring premium Black Rayon. Tailored to a comfortable Relaxed Fit, ideal for everyday wear during All-Season."
PRD2014,Adidas Women's Pink Regular Fit A-Line Cotton Dress,dresses,A-Line Cotton Dress,Women,Pink,S,Regular Fit,Rayon,Adidas,4749,4.0,Summer,"Essential Adidas Women's a-line cotton dress tailored with a modern Regular Fit. Made of soft, breathable Rayon in rich Pink. Ideal choice for Summer."
PRD2015,FabIndia Women's Yellow Relaxed Fit Bodycon Evening Dress,dresses,Bodycon Evening Dress,Women,Yellow,XL,Relaxed Fit,Cotton,FabIndia,4049,3.9,All-Season,"Top-rated FabIndia bodycon evening dress featuring premium Yellow Cotton. Tailored to a comfortable Relaxed Fit, ideal for everyday wear during All-Season."
PRD2016,Aurelia Women's Red Regular Fit A-Line Cotton Dress,dresses,A-Line Cotton Dress,Women,Red,XXL,Regular Fit,Rayon,Aurelia,3949,4.7,Summer,Stay fashion-forward with this versatile Red a-line cotton dress from Aurelia. Includes a refined Regular Fit profile and high quality Rayon fabric.
PRD2017,Roadster Women's Maroon Relaxed Fit Casual Denim Shirt Dress,dresses,Casual Denim Shirt Dress,Women,Maroon,M,Relaxed Fit,Linen,Roadster,5049,4.2,Spring,Stay fashion-forward with this versatile Maroon casual denim shirt dress from Roadster. Includes a refined Relaxed Fit profile and high quality Linen fabric.
PRD2018,FabIndia Women's Purple Slim Fit Casual Denim Shirt Dress,dresses,Casual Denim Shirt Dress,Women,Purple,XL,Slim Fit,Silk,FabIndia,4349,3.8,All-Season,"Essential FabIndia Women's casual denim shirt dress tailored with a modern Slim Fit. Made of soft, breathable Silk in rich Purple. Ideal choice for All-Season."
PRD2019,Levi's Women's White Regular Fit Bodycon Evening Dress,dresses,Bodycon Evening Dress,Women,White,M,Regular Fit,Silk,Levi's,1649,4.1,Summer,Stay fashion-forward with this versatile White bodycon evening dress from Levi's. Includes a refined Regular Fit profile and high quality Silk fabric.
PRD2020,Biba Women's Maroon Slim Fit Floral Summer Maxi Dress,dresses,Floral Summer Maxi Dress,Women,Maroon,XL,Slim Fit,Cotton,Biba,1449,3.7,Spring,"Crafted from premium Cotton, this Biba Maroon floral summer maxi dress offers exceptional comfort and durability for Spring wardrobe styling. Features a sleek Slim Fit design."
PRD2021,Zara Women's Brown Slim Fit A-Line Cotton Dress,dresses,A-Line Cotton Dress,Women,Brown,XXL,Slim Fit,Rayon,Zara,1449,4.7,Summer,"Crafted from premium Rayon, this Zara Brown a-line cotton dress offers exceptional comfort and durability for Summer wardrobe styling. Features a sleek Slim Fit design."
PRD2022,Nike Women's Purple Relaxed Fit Tiered Sun Dress,dresses,Tiered Sun Dress,Women,Purple,M,Relaxed Fit,Cotton,Nike,3349,4.6,Summer,Stay fashion-forward with this versatile Purple tiered sun dress from Nike. Includes a refined Relaxed Fit profile and high quality Cotton fabric.
PRD2023,FabIndia Women's Beige Slim Fit Bodycon Evening Dress,dresses,Bodycon Evening Dress,Women,Beige,XXL,Slim Fit,Silk,FabIndia,4199,3.9,Summer,"Top-rated FabIndia bodycon evening dress featuring premium Beige Silk. Tailored to a comfortable Slim Fit, ideal for everyday wear during Summer."
PRD2024,Nike Women's Blue Relaxed Fit Floral Summer Maxi Dress,dresses,Floral Summer Maxi Dress,Women,Blue,XXL,Relaxed Fit,Rayon,Nike,4999,4.8,Summer,"Elevate your look with this stylish Blue floral summer maxi dress by Nike. Designed in a comfortable Relaxed Fit using high-grade Rayon, perfect for casual or semi-formal outings."
PRD2025,Levi's Women's Red Regular Fit A-Line Cotton Dress,dresses,A-Line Cotton Dress,Women,Red,L,Regular Fit,Linen,Levi's,4049,3.9,Summer,Stay fashion-forward with this versatile Red a-line cotton dress from Levi's. Includes a refined Regular Fit profile and high quality Linen fabric.
PRD2026,Nike Women's Blue Slim Fit Casual Denim Shirt Dress,dresses,Casual Denim Shirt Dress,Women,Blue,L,Slim Fit,Cotton,Nike,1699,4.4,Spring,"Crafted from premium Cotton, this Nike Blue casual denim shirt dress offers exceptional comfort and durability for Spring wardrobe styling. Features a sleek Slim Fit design."
PRD2027,W Women's Pink Slim Fit Floral Summer Maxi Dress,dresses,Floral Summer Maxi Dress,Women,Pink,XXL,Slim Fit,Silk,W,2749,4.4,Spring,Stay fashion-forward with this versatile Pink floral summer maxi dress from W. Includes a refined Slim Fit profile and high quality Silk fabric.
PRD2028,Roadster Women's Navy Slim Fit Bodycon Evening Dress,dresses,Bodycon Evening Dress,Women,Navy,L,Slim Fit,Rayon,Roadster,2449,4.7,Spring,"Crafted from premium Rayon, this Roadster Navy bodycon evening dress offers exceptional comfort and durability for Spring wardrobe styling. Features a sleek Slim Fit design."
PRD2029,Levi's Women's Navy Slim Fit A-Line Cotton Dress,dresses,A-Line Cotton Dress,Women,Navy,XL,Slim Fit,Linen,Levi's,4699,3.6,Spring,"Top-rated Levi's a-line cotton dress featuring premium Navy Linen. Tailored to a comfortable Slim Fit, ideal for everyday wear during Spring."
PRD2030,HRX Women's Blue Regular Fit Bodycon Evening Dress,dresses,Bodycon Evening Dress,Women,Blue,XL,Regular Fit,Silk,HRX,2799,4.0,Summer,Stay fashion-forward with this versatile Blue bodycon evening dress from HRX. Includes a refined Regular Fit profile and high quality Silk fabric.
PRD2031,Mango Women's White Relaxed Fit Casual Denim Shirt Dress,dresses,Casual Denim Shirt Dress,Women,White,XL,Relaxed Fit,Silk,Mango,3599,4.2,Spring,"Top-rated Mango casual denim shirt dress featuring premium White Silk. Tailored to a comfortable Relaxed Fit, ideal for everyday wear during Spring."
PRD2032,Mango Women's Grey Slim Fit Tiered Sun Dress,dresses,Tiered Sun Dress,Women,Grey,XXL,Slim Fit,Linen,Mango,4549,4.5,All-Season,"Elevate your look with this stylish Grey tiered sun dress by Mango. Designed in a comfortable Slim Fit using high-grade Linen, perfect for casual or semi-formal outings."
PRD2033,H&M Women's Black Slim Fit A-Line Cotton Dress,dresses,A-Line Cotton Dress,Women,Black,XXL,Slim Fit,Cotton,H&M,3299,4.9,Spring,"Crafted from premium Cotton, this H&M Black a-line cotton dress offers exceptional comfort and durability for Spring wardrobe styling. Features a sleek Slim Fit design."
PRD2034,Zara Women's Purple Slim Fit Bodycon Evening Dress,dresses,Bodycon Evening Dress,Women,Purple,M,Slim Fit,Rayon,Zara,4799,4.8,Spring,Stay fashion-forward with this versatile Purple bodycon evening dress from Zara. Includes a refined Slim Fit profile and high quality Rayon fabric.
PRD2035,Puma Women's Black Relaxed Fit A-Line Cotton Dress,dresses,A-Line Cotton Dress,Women,Black,M,Relaxed Fit,Silk,Puma,2899,4.6,Summer,Stay fashion-forward with this versatile Black a-line cotton dress from Puma. Includes a refined Relaxed Fit profile and high quality Silk fabric.
PRD2036,W Women's Olive Relaxed Fit Floral Summer Maxi Dress,dresses,Floral Summer Maxi Dress,Women,Olive,XXL,Relaxed Fit,Cotton,W,4949,3.7,Spring,"Elevate your look with this stylish Olive floral summer maxi dress by W. Designed in a comfortable Relaxed Fit using high-grade Cotton, perfect for casual or semi-formal outings."
PRD2037,W Women's Red Slim Fit A-Line Cotton Dress,dresses,A-Line Cotton Dress,Women,Red,XL,Slim Fit,Cotton,W,1999,4.6,All-Season,Stay fashion-forward with this versatile Red a-line cotton dress from W. Includes a refined Slim Fit profile and high quality Cotton fabric.
PRD2038,Roadster Women's Beige Regular Fit Tiered Sun Dress,dresses,Tiered Sun Dress,Women,Beige,S,Regular Fit,Rayon,Roadster,2549,3.7,Spring,"Crafted from premium Rayon, this Roadster Beige tiered sun dress offers exceptional comfort and durability for Spring wardrobe styling. Features a sleek Regular Fit design."
PRD2039,Zara Women's Yellow Slim Fit Tiered Sun Dress,dresses,Tiered Sun Dress,Women,Yellow,XL,Slim Fit,Cotton,Zara,4149,4.9,Spring,Stay fashion-forward with this versatile Yellow tiered sun dress from Zara. Includes a refined Slim Fit profile and high quality Cotton fabric.
PRD2040,Aurelia Women's Maroon Slim Fit Bodycon Evening Dress,dresses,Bodycon Evening Dress,Women,Maroon,L,Slim Fit,Linen,Aurelia,1749,4.3,Summer,"Elevate your look with this stylish Maroon bodycon evening dress by Aurelia. Designed in a comfortable Slim Fit using high-grade Linen, perfect for casual or semi-formal outings."
PRD2041,Allen Solly Women's Red Regular Fit Casual Denim Shirt Dress,dresses,Casual Denim Shirt Dress,Women,Red,XXL,Regular Fit,Silk,Allen Solly,3849,4.8,All-Season,Stay fashion-forward with this versatile Red casual denim shirt dress from Allen Solly. Includes a refined Regular Fit profile and high quality Silk fabric.
PRD2042,Mango Women's Purple Regular Fit Bodycon Evening Dress,dresses,Bodycon Evening Dress,Women,Purple,L,Regular Fit,Silk,Mango,3999,4.1,Summer,"Essential Mango Women's bodycon evening dress tailored with a modern Regular Fit. Made of soft, breathable Silk in rich Purple. Ideal choice for Summer."
PRD2043,Nike Women's Navy Relaxed Fit Floral Summer Maxi Dress,dresses,Floral Summer Maxi Dress,Women,Navy,M,Relaxed Fit,Rayon,Nike,2549,3.7,Summer,"Crafted from premium Rayon, this Nike Navy floral summer maxi dress offers exceptional comfort and durability for Summer wardrobe styling. Features a sleek Relaxed Fit design."
PRD2044,H&M Women's Brown Regular Fit A-Line Cotton Dress,dresses,A-Line Cotton Dress,Women,Brown,M,Regular Fit,Silk,H&M,3999,4.9,All-Season,"Elevate your look with this stylish Brown a-line cotton dress by H&M. Designed in a comfortable Regular Fit using high-grade Silk, perfect for casual or semi-formal outings."
PRD2045,Adidas Women's Pink Regular Fit Floral Summer Maxi Dress,dresses,Floral Summer Maxi Dress,Women,Pink,L,Regular Fit,Cotton,Adidas,1749,4.9,Summer,"Crafted from premium Cotton, this Adidas Pink floral summer maxi dress offers exceptional comfort and durability for Summer wardrobe styling. Features a sleek Regular Fit design."
PRD2046,W Women's Yellow Slim Fit Bodycon Evening Dress,dresses,Bodycon Evening Dress,Women,Yellow,L,Slim Fit,Rayon,W,1899,4.6,Spring,"Crafted from premium Rayon, this W Yellow bodycon evening dress offers exceptional comfort and durability for Spring wardrobe styling. Features a sleek Slim Fit design."
PRD2047,Tommy Hilfiger Women's Yellow Slim Fit Casual Denim Shirt Dress,dresses,Casual Denim Shirt Dress,Women,Yellow,XL,Slim Fit,Cotton,Tommy Hilfiger,3349,4.4,All-Season,"Crafted from premium Cotton, this Tommy Hilfiger Yellow casual denim shirt dress offers exceptional comfort and durability for All-Season wardrobe styling. Features a sleek Slim Fit design."
PRD2048,US Polo Assn Women's Olive Regular Fit A-Line Cotton Dress,dresses,A-Line Cotton Dress,Women,Olive,S,Regular Fit,Cotton,US Polo Assn,4299,3.8,All-Season,"Elevate your look with this stylish Olive a-line cotton dress by US Polo Assn. Designed in a comfortable Regular Fit using high-grade Cotton, perfect for casual or semi-formal outings."
PRD2049,Roadster Women's Beige Slim Fit A-Line Cotton Dress,dresses,A-Line Cotton Dress,Women,Beige,L,Slim Fit,Rayon,Roadster,3949,4.8,Spring,Stay fashion-forward with this versatile Beige a-line cotton dress from Roadster. Includes a refined Slim Fit profile and high quality Rayon fabric.
PRD2050,Zara Women's Red Relaxed Fit Casual Denim Shirt Dress,dresses,Casual Denim Shirt Dress,Women,Red,XXL,Relaxed Fit,Cotton,Zara,3949,5.0,Summer,"Crafted from premium Cotton, this Zara Red casual denim shirt dress offers exceptional comfort and durability for Summer wardrobe styling. Features a sleek Relaxed Fit design."
PRD2051,Levi's Women's Yellow Slim Fit A-Line Cotton Dress,dresses,A-Line Cotton Dress,Women,Yellow,XL,Slim Fit,Linen,Levi's,2649,3.8,Summer,"Essential Levi's Women's a-line cotton dress tailored with a modern Slim Fit. Made of soft, breathable Linen in rich Yellow. Ideal choice for Summer."
PRD2052,FabIndia Women's Pink Regular Fit Floral Summer Maxi Dress,dresses,Floral Summer Maxi Dress,Women,Pink,S,Regular Fit,Rayon,FabIndia,2099,4.6,Summer,Stay fashion-forward with this versatile Pink floral summer maxi dress from FabIndia. Includes a refined Regular Fit profile and high quality Rayon fabric.
PRD2053,Adidas Women's Brown Regular Fit Casual Denim Shirt Dress,dresses,Casual Denim Shirt Dress,Women,Brown,XXL,Regular Fit,Silk,Adidas,3349,3.6,Summer,"Essential Adidas Women's casual denim shirt dress tailored with a modern Regular Fit. Made of soft, breathable Silk in rich Brown. Ideal choice for Summer."
PRD2054,Biba Women's Beige Regular Fit Casual Denim Shirt Dress,dresses,Casual Denim Shirt Dress,Women,Beige,S,Regular Fit,Rayon,Biba,4149,4.1,Spring,Stay fashion-forward with this versatile Beige casual denim shirt dress from Biba. Includes a refined Regular Fit profile and high quality Rayon fabric.
PRD2055,Adidas Women's Maroon Slim Fit Floral Summer Maxi Dress,dresses,Floral Summer Maxi Dress,Women,Maroon,S,Slim Fit,Cotton,Adidas,2549,4.1,Summer,"Top-rated Adidas floral summer maxi dress featuring premium Maroon Cotton. Tailored to a comfortable Slim Fit, ideal for everyday wear during Summer."
PRD2056,Biba Women's Grey Regular Fit Floral Summer Maxi Dress,dresses,Floral Summer Maxi Dress,Women,Grey,XL,Regular Fit,Cotton,Biba,3299,4.5,Spring,Stay fashion-forward with this versatile Grey floral summer maxi dress from Biba. Includes a refined Regular Fit profile and high quality Cotton fabric.
PRD2057,Nike Women's Maroon Slim Fit Floral Summer Maxi Dress,dresses,Floral Summer Maxi Dress,Women,Maroon,M,Slim Fit,Linen,Nike,2999,4.0,Spring,"Essential Nike Women's floral summer maxi dress tailored with a modern Slim Fit. Made of soft, breathable Linen in rich Maroon. Ideal choice for Spring."
PRD2058,Tommy Hilfiger Women's Red Relaxed Fit Tiered Sun Dress,dresses,Tiered Sun Dress,Women,Red,L,Relaxed Fit,Linen,Tommy Hilfiger,3249,3.6,Summer,"Elevate your look with this stylish Red tiered sun dress by Tommy Hilfiger. Designed in a comfortable Relaxed Fit using high-grade Linen, perfect for casual or semi-formal outings."
PRD2059,Mango Women's Navy Relaxed Fit A-Line Cotton Dress,dresses,A-Line Cotton Dress,Women,Navy,XL,Relaxed Fit,Cotton,Mango,1649,4.9,All-Season,"Essential Mango Women's a-line cotton dress tailored with a modern Relaxed Fit. Made of soft, breathable Cotton in rich Navy. Ideal choice for All-Season."
PRD2060,HRX Women's Black Slim Fit Casual Denim Shirt Dress,dresses,Casual Denim Shirt Dress,Women,Black,XL,Slim Fit,Cotton,HRX,2499,3.9,All-Season,"Elevate your look with this stylish Black casual denim shirt dress by HRX. Designed in a comfortable Slim Fit using high-grade Cotton, perfect for casual or semi-formal outings."
PRD2061,H&M Women's Green Regular Fit A-Line Cotton Dress,dresses,A-Line Cotton Dress,Women,Green,XL,Regular Fit,Cotton,H&M,4949,4.1,Spring,"Elevate your look with this stylish Green a-line cotton dress by H&M. Designed in a comfortable Regular Fit using high-grade Cotton, perfect for casual or semi-formal outings."
PRD2062,Adidas Women's Blue Regular Fit A-Line Cotton Dress,dresses,A-Line Cotton Dress,Women,Blue,M,Regular Fit,Rayon,Adidas,2199,4.0,Spring,Stay fashion-forward with this versatile Blue a-line cotton dress from Adidas. Includes a refined Regular Fit profile and high quality Rayon fabric.
PRD2063,Mango Women's Maroon Regular Fit Casual Denim Shirt Dress,dresses,Casual Denim Shirt Dress,Women,Maroon,XXL,Regular Fit,Rayon,Mango,2949,4.7,All-Season,"Top-rated Mango casual denim shirt dress featuring premium Maroon Rayon. Tailored to a comfortable Regular Fit, ideal for everyday wear during All-Season."
PRD2064,Allen Solly Women's Navy Relaxed Fit Floral Summer Maxi Dress,dresses,Floral Summer Maxi Dress,Women,Navy,M,Relaxed Fit,Rayon,Allen Solly,5049,4.2,Summer,"Elevate your look with this stylish Navy floral summer maxi dress by Allen Solly. Designed in a comfortable Relaxed Fit using high-grade Rayon, perfect for casual or semi-formal outings."
PRD2065,Mango Women's Brown Relaxed Fit Bodycon Evening Dress,dresses,Bodycon Evening Dress,Women,Brown,XXL,Relaxed Fit,Linen,Mango,4349,3.5,Spring,Stay fashion-forward with this versatile Brown bodycon evening dress from Mango. Includes a refined Relaxed Fit profile and high quality Linen fabric.
PRD2066,Roadster Women's Black Slim Fit Casual Denim Shirt Dress,dresses,Casual Denim Shirt Dress,Women,Black,XXL,Slim Fit,Silk,Roadster,4549,3.7,Spring,Stay fashion-forward with this versatile Black casual denim shirt dress from Roadster. Includes a refined Slim Fit profile and high quality Silk fabric.
PRD2067,Allen Solly Women's Red Relaxed Fit Bodycon Evening Dress,dresses,Bodycon Evening Dress,Women,Red,L,Relaxed Fit,Cotton,Allen Solly,1449,4.0,Spring,"Essential Allen Solly Women's bodycon evening dress tailored with a modern Relaxed Fit. Made of soft, breathable Cotton in rich Red. Ideal choice for Spring."
PRD2068,Manyavar Women's Olive Regular Fit Floral Summer Maxi Dress,dresses,Floral Summer Maxi Dress,Women,Olive,L,Regular Fit,Linen,Manyavar,2799,4.7,Spring,Stay fashion-forward with this versatile Olive floral summer maxi dress from Manyavar. Includes a refined Regular Fit profile and high quality Linen fabric.
PRD2069,Manyavar Women's White Regular Fit Bodycon Evening Dress,dresses,Bodycon Evening Dress,Women,White,M,Regular Fit,Linen,Manyavar,3649,4.4,Spring,"Top-rated Manyavar bodycon evening dress featuring premium White Linen. Tailored to a comfortable Regular Fit, ideal for everyday wear during Spring."
PRD2070,HRX Women's Purple Relaxed Fit Casual Denim Shirt Dress,dresses,Casual Denim Shirt Dress,Women,Purple,L,Relaxed Fit,Linen,HRX,4249,4.4,All-Season,"Crafted from premium Linen, this HRX Purple casual denim shirt dress offers exceptional comfort and durability for All-Season wardrobe styling. Features a sleek Relaxed Fit design."
PRD2071,H&M Women's Olive Slim Fit Floral Summer Maxi Dress,dresses,Floral Summer Maxi Dress,Women,Olive,XL,Slim Fit,Linen,H&M,4449,4.6,Summer,"Top-rated H&M floral summer maxi dress featuring premium Olive Linen. Tailored to a comfortable Slim Fit, ideal for everyday wear during Summer."
PRD2072,Nike Women's Olive Regular Fit Casual Denim Shirt Dress,dresses,Casual Denim Shirt Dress,Women,Olive,M,Regular Fit,Linen,Nike,4549,4.2,Summer,Stay fashion-forward with this versatile Olive casual denim shirt dress from Nike. Includes a refined Regular Fit profile and high quality Linen fabric.
PRD2073,Nike Women's Blue Regular Fit A-Line Cotton Dress,dresses,A-Line Cotton Dress,Women,Blue,XL,Regular Fit,Linen,Nike,1399,4.9,Spring,"Elevate your look with this stylish Blue a-line cotton dress by Nike. Designed in a comfortable Regular Fit using high-grade Linen, perfect for casual or semi-formal outings."
PRD2074,Manyavar Women's Olive Regular Fit Bodycon Evening Dress,dresses,Bodycon Evening Dress,Women,Olive,M,Regular Fit,Rayon,Manyavar,1399,4.9,Spring,Stay fashion-forward with this versatile Olive bodycon evening dress from Manyavar. Includes a refined Regular Fit profile and high quality Rayon fabric.
PRD2075,Zara Women's White Regular Fit Floral Summer Maxi Dress,dresses,Floral Summer Maxi Dress,Women,White,M,Regular Fit,Rayon,Zara,3699,5.0,Spring,"Elevate your look with this stylish White floral summer maxi dress by Zara. Designed in a comfortable Regular Fit using high-grade Rayon, perfect for casual or semi-formal outings."
PRD2076,Aurelia Women's Pink Relaxed Fit Casual Denim Shirt Dress,dresses,Casual Denim Shirt Dress,Women,Pink,XXL,Relaxed Fit,Linen,Aurelia,3149,3.7,Summer,Stay fashion-forward with this versatile Pink casual denim shirt dress from Aurelia. Includes a refined Relaxed Fit profile and high quality Linen fabric.
PRD2077,FabIndia Women's Yellow Slim Fit Casual Denim Shirt Dress,dresses,Casual Denim Shirt Dress,Women,Yellow,S,Slim Fit,Linen,FabIndia,4299,4.7,Summer,"Top-rated FabIndia casual denim shirt dress featuring premium Yellow Linen. Tailored to a comfortable Slim Fit, ideal for everyday wear during Summer."
PRD2078,Nike Women's Purple Relaxed Fit Tiered Sun Dress,dresses,Tiered Sun Dress,Women,Purple,M,Relaxed Fit,Rayon,Nike,2699,3.8,All-Season,"Crafted from premium Rayon, this Nike Purple tiered sun dress offers exceptional comfort and durability for All-Season wardrobe styling. Features a sleek Relaxed Fit design."
PRD2079,Levi's Women's Olive Relaxed Fit Casual Denim Shirt Dress,dresses,Casual Denim Shirt Dress,Women,Olive,XXL,Relaxed Fit,Silk,Levi's,4249,4.3,Summer,"Crafted from premium Silk, this Levi's Olive casual denim shirt dress offers exceptional comfort and durability for Summer wardrobe styling. Features a sleek Relaxed Fit design."
PRD2080,Under Armour Women's Maroon Relaxed Fit Casual Denim Shirt Dress,dresses,Casual Denim Shirt Dress,Women,Maroon,L,Relaxed Fit,Silk,Under Armour,2149,3.9,Spring,"Elevate your look with this stylish Maroon casual denim shirt dress by Under Armour. Designed in a comfortable Relaxed Fit using high-grade Silk, perfect for casual or semi-formal outings."
PRD2081,US Polo Assn Women's Maroon Regular Fit A-Line Cotton Dress,dresses,A-Line Cotton Dress,Women,Maroon,S,Regular Fit,Rayon,US Polo Assn,2499,3.6,All-Season,"Elevate your look with this stylish Maroon a-line cotton dress by US Polo Assn. Designed in a comfortable Regular Fit using high-grade Rayon, perfect for casual or semi-formal outings."
PRD2082,Levi's Women's Blue Regular Fit Tiered Sun Dress,dresses,Tiered Sun Dress,Women,Blue,M,Regular Fit,Cotton,Levi's,2549,3.9,Summer,"Elevate your look with this stylish Blue tiered sun dress by Levi's. Designed in a comfortable Regular Fit using high-grade Cotton, perfect for casual or semi-formal outings."
PRD2083,H&M Women's Purple Regular Fit Floral Summer Maxi Dress,dresses,Floral Summer Maxi Dress,Women,Purple,S,Regular Fit,Silk,H&M,3399,4.7,Spring,Stay fashion-forward with this versatile Purple floral summer maxi dress from H&M. Includes a refined Regular Fit profile and high quality Silk fabric.
PRD2084,H&M Women's Red Relaxed Fit Casual Denim Shirt Dress,dresses,Casual Denim Shirt Dress,Women,Red,L,Relaxed Fit,Linen,H&M,3949,4.9,Spring,"Elevate your look with this stylish Red casual denim shirt dress by H&M. Designed in a comfortable Relaxed Fit using high-grade Linen, perfect for casual or semi-formal outings."
PRD2085,FabIndia Women's White Relaxed Fit Bodycon Evening Dress,dresses,Bodycon Evening Dress,Women,White,L,Relaxed Fit,Cotton,FabIndia,2799,4.2,Summer,"Top-rated FabIndia bodycon evening dress featuring premium White Cotton. Tailored to a comfortable Relaxed Fit, ideal for everyday wear during Summer."
PRD2086,Aurelia Women's Yellow Relaxed Fit Floral Summer Maxi Dress,dresses,Floral Summer Maxi Dress,Women,Yellow,M,Relaxed Fit,Rayon,Aurelia,3849,3.5,Summer,"Crafted from premium Rayon, this Aurelia Yellow floral summer maxi dress offers exceptional comfort and durability for Summer wardrobe styling. Features a sleek Relaxed Fit design."
PRD2087,Manyavar Women's Red Regular Fit Tiered Sun Dress,dresses,Tiered Sun Dress,Women,Red,S,Regular Fit,Cotton,Manyavar,2699,3.7,Summer,"Crafted from premium Cotton, this Manyavar Red tiered sun dress offers exceptional comfort and durability for Summer wardrobe styling. Features a sleek Regular Fit design."
PRD2088,Roadster Women's Beige Slim Fit Bodycon Evening Dress,dresses,Bodycon Evening Dress,Women,Beige,XXL,Slim Fit,Cotton,Roadster,4049,3.9,Spring,Stay fashion-forward with this versatile Beige bodycon evening dress from Roadster. Includes a refined Slim Fit profile and high quality Cotton fabric.
PRD2089,HRX Women's Red Regular Fit Tiered Sun Dress,dresses,Tiered Sun Dress,Women,Red,L,Regular Fit,Silk,HRX,2999,3.7,Summer,"Top-rated HRX tiered sun dress featuring premium Red Silk. Tailored to a comfortable Regular Fit, ideal for everyday wear during Summer."
PRD2090,US Polo Assn Women's Maroon Regular Fit A-Line Cotton Dress,dresses,A-Line Cotton Dress,Women,Maroon,XL,Regular Fit,Linen,US Polo Assn,3799,4.6,Spring,"Essential US Polo Assn Women's a-line cotton dress tailored with a modern Regular Fit. Made of soft, breathable Linen in rich Maroon. Ideal choice for Spring."
PRD2091,Nike Women's Grey Slim Fit Tiered Sun Dress,dresses,Tiered Sun Dress,Women,Grey,S,Slim Fit,Rayon,Nike,3199,3.8,Spring,"Crafted from premium Rayon, this Nike Grey tiered sun dress offers exceptional comfort and durability for Spring wardrobe styling. Features a sleek Slim Fit design."
PRD2092,Manyavar Women's Green Relaxed Fit Bodycon Evening Dress,dresses,Bodycon Evening Dress,Women,Green,S,Relaxed Fit,Rayon,Manyavar,1849,3.8,Spring,"Essential Manyavar Women's bodycon evening dress tailored with a modern Relaxed Fit. Made of soft, breathable Rayon in rich Green. Ideal choice for Spring."
PRD2093,HRX Women's Red Slim Fit A-Line Cotton Dress,dresses,A-Line Cotton Dress,Women,Red,L,Slim Fit,Silk,HRX,2899,3.7,All-Season,"Essential HRX Women's a-line cotton dress tailored with a modern Slim Fit. Made of soft, breathable Silk in rich Red. Ideal choice for All-Season."
PRD2094,Nike Women's Maroon Slim Fit Floral Summer Maxi Dress,dresses,Floral Summer Maxi Dress,Women,Maroon,XL,Slim Fit,Rayon,Nike,3699,4.7,Summer,"Elevate your look with this stylish Maroon floral summer maxi dress by Nike. Designed in a comfortable Slim Fit using high-grade Rayon, perfect for casual or semi-formal outings."
PRD2095,Aurelia Women's Green Relaxed Fit Floral Summer Maxi Dress,dresses,Floral Summer Maxi Dress,Women,Green,M,Relaxed Fit,Silk,Aurelia,1799,4.3,All-Season,"Top-rated Aurelia floral summer maxi dress featuring premium Green Silk. Tailored to a comfortable Relaxed Fit, ideal for everyday wear during All-Season."
PRD2096,H&M Women's Olive Regular Fit Tiered Sun Dress,dresses,Tiered Sun Dress,Women,Olive,M,Regular Fit,Rayon,H&M,2199,3.6,Spring,Stay fashion-forward with this versatile Olive tiered sun dress from H&M. Includes a refined Regular Fit profile and high quality Rayon fabric.
PRD2097,Mango Women's Grey Slim Fit Floral Summer Maxi Dress,dresses,Floral Summer Maxi Dress,Women,Grey,M,Slim Fit,Cotton,Mango,3849,4.0,Spring,Stay fashion-forward with this versatile Grey floral summer maxi dress from Mango. Includes a refined Slim Fit profile and high quality Cotton fabric.
PRD2098,Puma Women's Green Slim Fit Tiered Sun Dress,dresses,Tiered Sun Dress,Women,Green,L,Slim Fit,Cotton,Puma,1899,4.8,Spring,Stay fashion-forward with this versatile Green tiered sun dress from Puma. Includes a refined Slim Fit profile and high quality Cotton fabric.
PRD2099,Zara Women's Navy Relaxed Fit Tiered Sun Dress,dresses,Tiered Sun Dress,Women,Navy,XL,Relaxed Fit,Cotton,Zara,1749,4.7,Summer,Stay fashion-forward with this versatile Navy tiered sun dress from Zara. Includes a refined Relaxed Fit profile and high quality Cotton fabric.
PRD2100,US Polo Assn Women's Brown Regular Fit Bodycon Evening Dress,dresses,Bodycon Evening Dress,Women,Brown,XXL,Regular Fit,Linen,US Polo Assn,4549,4.0,Summer,"Top-rated US Polo Assn bodycon evening dress featuring premium Brown Linen. Tailored to a comfortable Regular Fit, ideal for everyday wear during Summer."
PRD2101,Zara Women's Maroon Regular Fit Casual Denim Shirt Dress,dresses,Casual Denim Shirt Dress,Women,Maroon,S,Regular Fit,Linen,Zara,4849,4.1,All-Season,"Top-rated Zara casual denim shirt dress featuring premium Maroon Linen. Tailored to a comfortable Regular Fit, ideal for everyday wear during All-Season."
PRD2102,Nike Women's Black Slim Fit Floral Summer Maxi Dress,dresses,Floral Summer Maxi Dress,Women,Black,L,Slim Fit,Silk,Nike,4899,4.5,Summer,Stay fashion-forward with this versatile Black floral summer maxi dress from Nike. Includes a refined Slim Fit profile and high quality Silk fabric.
PRD2103,Puma Women's Red Relaxed Fit A-Line Cotton Dress,dresses,A-Line Cotton Dress,Women,Red,S,Relaxed Fit,Rayon,Puma,4199,4.8,All-Season,"Essential Puma Women's a-line cotton dress tailored with a modern Relaxed Fit. Made of soft, breathable Rayon in rich Red. Ideal choice for All-Season."
PRD2104,Zara Women's Green Slim Fit Floral Summer Maxi Dress,dresses,Floral Summer Maxi Dress,Women,Green,XXL,Slim Fit,Rayon,Zara,4599,4.7,Spring,"Essential Zara Women's floral summer maxi dress tailored with a modern Slim Fit. Made of soft, breathable Rayon in rich Green. Ideal choice for Spring."
PRD2105,FabIndia Women's Blue Slim Fit A-Line Cotton Dress,dresses,A-Line Cotton Dress,Women,Blue,XXL,Slim Fit,Rayon,FabIndia,4999,4.8,Summer,Stay fashion-forward with this versatile Blue a-line cotton dress from FabIndia. Includes a refined Slim Fit profile and high quality Rayon fabric.
PRD2106,Jack & Jones Women's Pink Regular Fit Floral Summer Maxi Dress,dresses,Floral Summer Maxi Dress,Women,Pink,L,Regular Fit,Linen,Jack & Jones,4549,4.6,Spring,"Elevate your look with this stylish Pink floral summer maxi dress by Jack & Jones. Designed in a comfortable Regular Fit using high-grade Linen, perfect for casual or semi-formal outings."
PRD2107,H&M Women's Maroon Slim Fit Bodycon Evening Dress,dresses,Bodycon Evening Dress,Women,Maroon,M,Slim Fit,Rayon,H&M,4099,4.5,All-Season,"Elevate your look with this stylish Maroon bodycon evening dress by H&M. Designed in a comfortable Slim Fit using high-grade Rayon, perfect for casual or semi-formal outings."
PRD2108,H&M Women's Black Slim Fit Floral Summer Maxi Dress,dresses,Floral Summer Maxi Dress,Women,Black,M,Slim Fit,Cotton,H&M,3299,4.7,All-Season,"Elevate your look with this stylish Black floral summer maxi dress by H&M. Designed in a comfortable Slim Fit using high-grade Cotton, perfect for casual or semi-formal outings."
PRD2109,Mango Women's Red Relaxed Fit Floral Summer Maxi Dress,dresses,Floral Summer Maxi Dress,Women,Red,XL,Relaxed Fit,Rayon,Mango,4049,3.7,Spring,"Top-rated Mango floral summer maxi dress featuring premium Red Rayon. Tailored to a comfortable Relaxed Fit, ideal for everyday wear during Spring."
PRD2110,Nike Women's Navy Regular Fit A-Line Cotton Dress,dresses,A-Line Cotton Dress,Women,Navy,XXL,Regular Fit,Linen,Nike,2199,4.7,All-Season,"Elevate your look with this stylish Navy a-line cotton dress by Nike. Designed in a comfortable Regular Fit using high-grade Linen, perfect for casual or semi-formal outings."
PRD2111,H&M Women's White Relaxed Fit Bodycon Evening Dress,dresses,Bodycon Evening Dress,Women,White,S,Relaxed Fit,Rayon,H&M,1999,4.2,All-Season,"Crafted from premium Rayon, this H&M White bodycon evening dress offers exceptional comfort and durability for All-Season wardrobe styling. Features a sleek Relaxed Fit design."
PRD2112,Nike Women's Beige Slim Fit A-Line Cotton Dress,dresses,A-Line Cotton Dress,Women,Beige,XL,Slim Fit,Rayon,Nike,4099,4.3,Summer,"Essential Nike Women's a-line cotton dress tailored with a modern Slim Fit. Made of soft, breathable Rayon in rich Beige. Ideal choice for Summer."
PRD2113,Adidas Women's Navy Regular Fit Floral Summer Maxi Dress,dresses,Floral Summer Maxi Dress,Women,Navy,XL,Regular Fit,Silk,Adidas,3449,4.1,Summer,"Essential Adidas Women's floral summer maxi dress tailored with a modern Regular Fit. Made of soft, breathable Silk in rich Navy. Ideal choice for Summer."
PRD2114,Zara Women's Navy Slim Fit Casual Denim Shirt Dress,dresses,Casual Denim Shirt Dress,Women,Navy,XL,Slim Fit,Cotton,Zara,4349,4.9,All-Season,"Elevate your look with this stylish Navy casual denim shirt dress by Zara. Designed in a comfortable Slim Fit using high-grade Cotton, perfect for casual or semi-formal outings."
PRD2115,US Polo Assn Women's White Relaxed Fit A-Line Cotton Dress,dresses,A-Line Cotton Dress,Women,White,XXL,Relaxed Fit,Rayon,US Polo Assn,3399,4.3,All-Season,"Crafted from premium Rayon, this US Polo Assn White a-line cotton dress offers exceptional comfort and durability for All-Season wardrobe styling. Features a sleek Relaxed Fit design."
PRD2116,Zara Women's Red Slim Fit A-Line Cotton Dress,dresses,A-Line Cotton Dress,Women,Red,XXL,Slim Fit,Cotton,Zara,2449,3.9,Summer,"Top-rated Zara a-line cotton dress featuring premium Red Cotton. Tailored to a comfortable Slim Fit, ideal for everyday wear during Summer."
PRD2117,Nike Women's Pink Relaxed Fit Bodycon Evening Dress,dresses,Bodycon Evening Dress,Women,Pink,XL,Relaxed Fit,Linen,Nike,1799,3.8,Spring,"Essential Nike Women's bodycon evening dress tailored with a modern Relaxed Fit. Made of soft, breathable Linen in rich Pink. Ideal choice for Spring."
PRD2118,Mango Women's Brown Slim Fit A-Line Cotton Dress,dresses,A-Line Cotton Dress,Women,Brown,L,Slim Fit,Rayon,Mango,4249,4.4,All-Season,"Crafted from premium Rayon, this Mango Brown a-line cotton dress offers exceptional comfort and durability for All-Season wardrobe styling. Features a sleek Slim Fit design."
PRD2119,Nike Women's Maroon Regular Fit A-Line Cotton Dress,dresses,A-Line Cotton Dress,Women,Maroon,L,Regular Fit,Silk,Nike,4149,3.6,Summer,"Elevate your look with this stylish Maroon a-line cotton dress by Nike. Designed in a comfortable Regular Fit using high-grade Silk, perfect for casual or semi-formal outings."
PRD2120,Tommy Hilfiger Women's Black Relaxed Fit Casual Denim Shirt Dress,dresses,Casual Denim Shirt Dress,Women,Black,L,Relaxed Fit,Linen,Tommy Hilfiger,1449,3.8,Spring,"Essential Tommy Hilfiger Women's casual denim shirt dress tailored with a modern Relaxed Fit. Made of soft, breathable Linen in rich Black. Ideal choice for Spring."
PRD2121,H&M Women's Pink Regular Fit A-Line Cotton Dress,dresses,A-Line Cotton Dress,Women,Pink,S,Regular Fit,Linen,H&M,3349,4.8,All-Season,Stay fashion-forward with this versatile Pink a-line cotton dress from H&M. Includes a refined Regular Fit profile and high quality Linen fabric.
PRD2122,Nike Women's Pink Relaxed Fit Floral Summer Maxi Dress,dresses,Floral Summer Maxi Dress,Women,Pink,XXL,Relaxed Fit,Rayon,Nike,3449,3.8,Summer,"Elevate your look with this stylish Pink floral summer maxi dress by Nike. Designed in a comfortable Relaxed Fit using high-grade Rayon, perfect for casual or semi-formal outings."
PRD2123,Nike Women's Brown Relaxed Fit Floral Summer Maxi Dress,dresses,Floral Summer Maxi Dress,Women,Brown,XL,Relaxed Fit,Rayon,Nike,4399,4.0,Spring,"Top-rated Nike floral summer maxi dress featuring premium Brown Rayon. Tailored to a comfortable Relaxed Fit, ideal for everyday wear during Spring."
PRD2124,Adidas Women's Navy Regular Fit Casual Denim Shirt Dress,dresses,Casual Denim Shirt Dress,Women,Navy,L,Regular Fit,Cotton,Adidas,4299,4.0,Spring,"Top-rated Adidas casual denim shirt dress featuring premium Navy Cotton. Tailored to a comfortable Regular Fit, ideal for everyday wear during Spring."
PRD2125,Mango Women's Olive Relaxed Fit Floral Summer Maxi Dress,dresses,Floral Summer Maxi Dress,Women,Olive,XL,Relaxed Fit,Cotton,Mango,4899,3.8,Summer,"Elevate your look with this stylish Olive floral summer maxi dress by Mango. Designed in a comfortable Relaxed Fit using high-grade Cotton, perfect for casual or semi-formal outings."
PRD2126,W Women's Red Relaxed Fit Casual Denim Shirt Dress,dresses,Casual Denim Shirt Dress,Women,Red,M,Relaxed Fit,Linen,W,4399,3.6,Spring,Stay fashion-forward with this versatile Red casual denim shirt dress from W. Includes a refined Relaxed Fit profile and high quality Linen fabric.
PRD2127,Nike Women's Yellow Slim Fit Bodycon Evening Dress,dresses,Bodycon Evening Dress,Women,Yellow,L,Slim Fit,Rayon,Nike,4999,4.0,All-Season,"Top-rated Nike bodycon evening dress featuring premium Yellow Rayon. Tailored to a comfortable Slim Fit, ideal for everyday wear during All-Season."
PRD2128,HRX Women's Red Slim Fit Bodycon Evening Dress,dresses,Bodycon Evening Dress,Women,Red,S,Slim Fit,Rayon,HRX,3149,4.7,All-Season,"Top-rated HRX bodycon evening dress featuring premium Red Rayon. Tailored to a comfortable Slim Fit, ideal for everyday wear during All-Season."
PRD2129,W Women's Black Regular Fit Bodycon Evening Dress,dresses,Bodycon Evening Dress,Women,Black,M,Regular Fit,Silk,W,3499,5.0,Spring,"Top-rated W bodycon evening dress featuring premium Black Silk. Tailored to a comfortable Regular Fit, ideal for everyday wear during Spring."
PRD2130,Aurelia Women's Beige Regular Fit A-Line Cotton Dress,dresses,A-Line Cotton Dress,Women,Beige,S,Regular Fit,Cotton,Aurelia,3249,3.6,Spring,"Essential Aurelia Women's a-line cotton dress tailored with a modern Regular Fit. Made of soft, breathable Cotton in rich Beige. Ideal choice for Spring."
PRD2131,Under Armour Women's Beige Regular Fit Floral Summer Maxi Dress,dresses,Floral Summer Maxi Dress,Women,Beige,L,Regular Fit,Cotton,Under Armour,4099,4.8,Spring,"Crafted from premium Cotton, this Under Armour Beige floral summer maxi dress offers exceptional comfort and durability for Spring wardrobe styling. Features a sleek Regular Fit design."
PRD2132,Adidas Women's Green Relaxed Fit A-Line Cotton Dress,dresses,A-Line Cotton Dress,Women,Green,L,Relaxed Fit,Silk,Adidas,1949,5.0,Summer,"Elevate your look with this stylish Green a-line cotton dress by Adidas. Designed in a comfortable Relaxed Fit using high-grade Silk, perfect for casual or semi-formal outings."
PRD2133,HRX Women's Green Slim Fit Tiered Sun Dress,dresses,Tiered Sun Dress,Women,Green,L,Slim Fit,Cotton,HRX,2399,4.7,Spring,Stay fashion-forward with this versatile Green tiered sun dress from HRX. Includes a refined Slim Fit profile and high quality Cotton fabric.
PRD2134,HRX Women's Green Regular Fit Casual Denim Shirt Dress,dresses,Casual Denim Shirt Dress,Women,Green,XXL,Regular Fit,Rayon,HRX,3149,4.5,Summer,"Essential HRX Women's casual denim shirt dress tailored with a modern Regular Fit. Made of soft, breathable Rayon in rich Green. Ideal choice for Summer."
PRD2135,Under Armour Women's Green Slim Fit A-Line Cotton Dress,dresses,A-Line Cotton Dress,Women,Green,M,Slim Fit,Linen,Under Armour,2599,4.0,All-Season,"Essential Under Armour Women's a-line cotton dress tailored with a modern Slim Fit. Made of soft, breathable Linen in rich Green. Ideal choice for All-Season."
PRD2136,Under Armour Women's Grey Regular Fit Casual Denim Shirt Dress,dresses,Casual Denim Shirt Dress,Women,Grey,XXL,Regular Fit,Cotton,Under Armour,3199,4.5,Summer,"Top-rated Under Armour casual denim shirt dress featuring premium Grey Cotton. Tailored to a comfortable Regular Fit, ideal for everyday wear during Summer."
PRD2137,W Women's Grey Regular Fit Casual Denim Shirt Dress,dresses,Casual Denim Shirt Dress,Women,Grey,XL,Regular Fit,Linen,W,1499,4.9,Spring,"Crafted from premium Linen, this W Grey casual denim shirt dress offers exceptional comfort and durability for Spring wardrobe styling. Features a sleek Regular Fit design."
PRD2138,HRX Women's Pink Regular Fit Floral Summer Maxi Dress,dresses,Floral Summer Maxi Dress,Women,Pink,XXL,Regular Fit,Silk,HRX,2899,3.7,All-Season,"Top-rated HRX floral summer maxi dress featuring premium Pink Silk. Tailored to a comfortable Regular Fit, ideal for everyday wear during All-Season."
PRD2139,Under Armour Women's Brown Regular Fit Bodycon Evening Dress,dresses,Bodycon Evening Dress,Women,Brown,S,Regular Fit,Silk,Under Armour,3249,4.7,Spring,"Top-rated Under Armour bodycon evening dress featuring premium Brown Silk. Tailored to a comfortable Regular Fit, ideal for everyday wear during Spring."
PRD2140,Jack & Jones Women's Black Regular Fit Floral Summer Maxi Dress,dresses,Floral Summer Maxi Dress,Women,Black,XXL,Regular Fit,Cotton,Jack & Jones,1749,4.7,Spring,"Top-rated Jack & Jones floral summer maxi dress featuring premium Black Cotton. Tailored to a comfortable Regular Fit, ideal for everyday wear during Spring."
PRD2141,Mango Women's Blue Relaxed Fit Bodycon Evening Dress,dresses,Bodycon Evening Dress,Women,Blue,M,Relaxed Fit,Cotton,Mango,3499,3.7,All-Season,Stay fashion-forward with this versatile Blue bodycon evening dress from Mango. Includes a refined Relaxed Fit profile and high quality Cotton fabric.
PRD2142,Roadster Women's Green Relaxed Fit A-Line Cotton Dress,dresses,A-Line Cotton Dress,Women,Green,S,Relaxed Fit,Rayon,Roadster,4649,4.2,All-Season,"Elevate your look with this stylish Green a-line cotton dress by Roadster. Designed in a comfortable Relaxed Fit using high-grade Rayon, perfect for casual or semi-formal outings."
PRD2143,Nike Women's White Relaxed Fit Floral Summer Maxi Dress,dresses,Floral Summer Maxi Dress,Women,White,S,Relaxed Fit,Cotton,Nike,2399,3.8,All-Season,Stay fashion-forward with this versatile White floral summer maxi dress from Nike. Includes a refined Relaxed Fit profile and high quality Cotton fabric.
PRD2144,Levi's Women's Grey Slim Fit Tiered Sun Dress,dresses,Tiered Sun Dress,Women,Grey,XL,Slim Fit,Cotton,Levi's,3349,5.0,Spring,"Elevate your look with this stylish Grey tiered sun dress by Levi's. Designed in a comfortable Slim Fit using high-grade Cotton, perfect for casual or semi-formal outings."
PRD2145,Aurelia Women's Purple Relaxed Fit Bodycon Evening Dress,dresses,Bodycon Evening Dress,Women,Purple,M,Relaxed Fit,Cotton,Aurelia,3999,3.5,Spring,"Elevate your look with this stylish Purple bodycon evening dress by Aurelia. Designed in a comfortable Relaxed Fit using high-grade Cotton, perfect for casual or semi-formal outings."
PRD2146,Puma Women's Beige Regular Fit A-Line Cotton Dress,dresses,A-Line Cotton Dress,Women,Beige,S,Regular Fit,Rayon,Puma,3799,4.2,Spring,"Essential Puma Women's a-line cotton dress tailored with a modern Regular Fit. Made of soft, breathable Rayon in rich Beige. Ideal choice for Spring."
PRD2147,Biba Women's Beige Regular Fit Casual Denim Shirt Dress,dresses,Casual Denim Shirt Dress,Women,Beige,S,Regular Fit,Linen,Biba,2549,4.2,Summer,"Top-rated Biba casual denim shirt dress featuring premium Beige Linen. Tailored to a comfortable Regular Fit, ideal for everyday wear during Summer."
PRD2148,Biba Women's Black Relaxed Fit Floral Summer Maxi Dress,dresses,Floral Summer Maxi Dress,Women,Black,L,Relaxed Fit,Linen,Biba,1949,4.2,Summer,Stay fashion-forward with this versatile Black floral summer maxi dress from Biba. Includes a refined Relaxed Fit profile and high quality Linen fabric.
PRD2149,Adidas Women's Navy Relaxed Fit Floral Summer Maxi Dress,dresses,Floral Summer Maxi Dress,Women,Navy,XXL,Relaxed Fit,Silk,Adidas,2949,4.3,Spring,"Elevate your look with this stylish Navy floral summer maxi dress by Adidas. Designed in a comfortable Relaxed Fit using high-grade Silk, perfect for casual or semi-formal outings."
PRD2150,Roadster Women's Beige Relaxed Fit Bodycon Evening Dress,dresses,Bodycon Evening Dress,Women,Beige,L,Relaxed Fit,Silk,Roadster,2999,3.6,Spring,Stay fashion-forward with this versatile Beige bodycon evening dress from Roadster. Includes a refined Relaxed Fit profile and high quality Silk fabric.
PRD2151,Biba Women's Pink Relaxed Fit Casual Denim Shirt Dress,dresses,Casual Denim Shirt Dress,Women,Pink,L,Relaxed Fit,Rayon,Biba,3799,4.9,Summer,"Essential Biba Women's casual denim shirt dress tailored with a modern Relaxed Fit. Made of soft, breathable Rayon in rich Pink. Ideal choice for Summer."
PRD2152,Under Armour Women's Blue Slim Fit Tiered Sun Dress,dresses,Tiered Sun Dress,Women,Blue,M,Slim Fit,Cotton,Under Armour,2299,3.6,All-Season,"Crafted from premium Cotton, this Under Armour Blue tiered sun dress offers exceptional comfort and durability for All-Season wardrobe styling. Features a sleek Slim Fit design."
PRD2153,Mango Women's Brown Slim Fit Casual Denim Shirt Dress,dresses,Casual Denim Shirt Dress,Women,Brown,M,Slim Fit,Silk,Mango,4349,4.8,Summer,Stay fashion-forward with this versatile Brown casual denim shirt dress from Mango. Includes a refined Slim Fit profile and high quality Silk fabric.
PRD2154,H&M Women's Blue Slim Fit Floral Summer Maxi Dress,dresses,Floral Summer Maxi Dress,Women,Blue,L,Slim Fit,Cotton,H&M,3849,4.4,Spring,"Crafted from premium Cotton, this H&M Blue floral summer maxi dress offers exceptional comfort and durability for Spring wardrobe styling. Features a sleek Slim Fit design."
PRD2155,FabIndia Women's Maroon Regular Fit Bodycon Evening Dress,dresses,Bodycon Evening Dress,Women,Maroon,XXL,Regular Fit,Linen,FabIndia,3649,3.8,Summer,"Essential FabIndia Women's bodycon evening dress tailored with a modern Regular Fit. Made of soft, breathable Linen in rich Maroon. Ideal choice for Summer."
PRD2156,Mango Women's Red Slim Fit Pencil Office Skirt,skirts,Pencil Office Skirt,Women,Red,XXL,Slim Fit,Denim,Mango,1649,3.6,Spring,"Crafted from premium Denim, this Mango Red pencil office skirt offers exceptional comfort and durability for Spring wardrobe styling. Features a sleek Slim Fit design."
PRD2157,Nike Women's Brown Slim Fit Denim Mini Skirt,skirts,Denim Mini Skirt,Women,Brown,XL,Slim Fit,Cotton,Nike,1149,4.0,Spring,"Top-rated Nike denim mini skirt featuring premium Brown Cotton. Tailored to a comfortable Slim Fit, ideal for everyday wear during Spring."
PRD2158,Mango Women's Pink Regular Fit Denim Mini Skirt,skirts,Denim Mini Skirt,Women,Pink,XXL,Regular Fit,Silk,Mango,1449,4.7,Spring,Stay fashion-forward with this versatile Pink denim mini skirt from Mango. Includes a refined Regular Fit profile and high quality Silk fabric.
PRD2159,HRX Women's Pink Slim Fit Pencil Office Skirt,skirts,Pencil Office Skirt,Women,Pink,L,Slim Fit,Denim,HRX,1299,3.7,All-Season,"Elevate your look with this stylish Pink pencil office skirt by HRX. Designed in a comfortable Slim Fit using high-grade Denim, perfect for casual or semi-formal outings."
PRD2160,Zara Women's Black Slim Fit Tiered Boho Skirt,skirts,Tiered Boho Skirt,Women,Black,XL,Slim Fit,Silk,Zara,2349,3.6,Spring,"Elevate your look with this stylish Black tiered boho skirt by Zara. Designed in a comfortable Slim Fit using high-grade Silk, perfect for casual or semi-formal outings."
PRD2161,US Polo Assn Women's Purple Relaxed Fit Pleated Midi Skirt,skirts,Pleated Midi Skirt,Women,Purple,XXL,Relaxed Fit,Silk,US Polo Assn,1099,4.3,Spring,"Crafted from premium Silk, this US Polo Assn Purple pleated midi skirt offers exceptional comfort and durability for Spring wardrobe styling. Features a sleek Relaxed Fit design."
PRD2162,Under Armour Women's Olive Slim Fit Pencil Office Skirt,skirts,Pencil Office Skirt,Women,Olive,XL,Slim Fit,Cotton,Under Armour,1949,3.8,Spring,"Crafted from premium Cotton, this Under Armour Olive pencil office skirt offers exceptional comfort and durability for Spring wardrobe styling. Features a sleek Slim Fit design."
PRD2163,Roadster Women's Brown Relaxed Fit Denim Mini Skirt,skirts,Denim Mini Skirt,Women,Brown,XL,Relaxed Fit,Cotton,Roadster,1149,4.7,Summer,"Top-rated Roadster denim mini skirt featuring premium Brown Cotton. Tailored to a comfortable Relaxed Fit, ideal for everyday wear during Summer."
PRD2164,Zara Women's Grey Relaxed Fit A-Line High Waist Skirt,skirts,A-Line High Waist Skirt,Women,Grey,XL,Relaxed Fit,Cotton,Zara,1399,3.9,All-Season,"Crafted from premium Cotton, this Zara Grey a-line high waist skirt offers exceptional comfort and durability for All-Season wardrobe styling. Features a sleek Relaxed Fit design."
PRD2165,Nike Women's Yellow Slim Fit Pleated Midi Skirt,skirts,Pleated Midi Skirt,Women,Yellow,XL,Slim Fit,Silk,Nike,2099,4.7,Spring,"Elevate your look with this stylish Yellow pleated midi skirt by Nike. Designed in a comfortable Slim Fit using high-grade Silk, perfect for casual or semi-formal outings."
PRD2166,Levi's Women's Brown Slim Fit Pleated Midi Skirt,skirts,Pleated Midi Skirt,Women,Brown,S,Slim Fit,Rayon,Levi's,2849,3.6,All-Season,Stay fashion-forward with this versatile Brown pleated midi skirt from Levi's. Includes a refined Slim Fit profile and high quality Rayon fabric.
PRD2167,Roadster Women's Yellow Slim Fit Pencil Office Skirt,skirts,Pencil Office Skirt,Women,Yellow,S,Slim Fit,Cotton,Roadster,2399,4.0,Spring,"Essential Roadster Women's pencil office skirt tailored with a modern Slim Fit. Made of soft, breathable Cotton in rich Yellow. Ideal choice for Spring."
PRD2168,HRX Women's Red Slim Fit Pleated Midi Skirt,skirts,Pleated Midi Skirt,Women,Red,XL,Slim Fit,Cotton,HRX,3049,4.4,Summer,"Crafted from premium Cotton, this HRX Red pleated midi skirt offers exceptional comfort and durability for Summer wardrobe styling. Features a sleek Slim Fit design."
PRD2169,Puma Women's Black Slim Fit Pleated Midi Skirt,skirts,Pleated Midi Skirt,Women,Black,L,Slim Fit,Rayon,Puma,1049,4.0,Summer,"Top-rated Puma pleated midi skirt featuring premium Black Rayon. Tailored to a comfortable Slim Fit, ideal for everyday wear during Summer."
PRD2170,Puma Women's Pink Regular Fit A-Line High Waist Skirt,skirts,A-Line High Waist Skirt,Women,Pink,S,Regular Fit,Rayon,Puma,1199,3.6,All-Season,"Top-rated Puma a-line high waist skirt featuring premium Pink Rayon. Tailored to a comfortable Regular Fit, ideal for everyday wear during All-Season."
PRD2171,Allen Solly Women's Purple Slim Fit Pencil Office Skirt,skirts,Pencil Office Skirt,Women,Purple,L,Slim Fit,Rayon,Allen Solly,2399,4.7,All-Season,"Essential Allen Solly Women's pencil office skirt tailored with a modern Slim Fit. Made of soft, breathable Rayon in rich Purple. Ideal choice for All-Season."
PRD2172,Puma Women's Navy Relaxed Fit Tiered Boho Skirt,skirts,Tiered Boho Skirt,Women,Navy,L,Relaxed Fit,Cotton,Puma,2549,4.6,Summer,"Top-rated Puma tiered boho skirt featuring premium Navy Cotton. Tailored to a comfortable Relaxed Fit, ideal for everyday wear during Summer."
PRD2173,Mango Women's Red Slim Fit A-Line High Waist Skirt,skirts,A-Line High Waist Skirt,Women,Red,XXL,Slim Fit,Denim,Mango,1749,3.7,Spring,"Elevate your look with this stylish Red a-line high waist skirt by Mango. Designed in a comfortable Slim Fit using high-grade Denim, perfect for casual or semi-formal outings."
PRD2174,Zara Women's Olive Regular Fit Denim Mini Skirt,skirts,Denim Mini Skirt,Women,Olive,XL,Regular Fit,Cotton,Zara,999,3.9,Summer,"Top-rated Zara denim mini skirt featuring premium Olive Cotton. Tailored to a comfortable Regular Fit, ideal for everyday wear during Summer."
PRD2175,Biba Women's Black Regular Fit A-Line High Waist Skirt,skirts,A-Line High Waist Skirt,Women,Black,S,Regular Fit,Rayon,Biba,2449,4.1,Spring,"Crafted from premium Rayon, this Biba Black a-line high waist skirt offers exceptional comfort and durability for Spring wardrobe styling. Features a sleek Regular Fit design."
PRD2176,Puma Women's White Relaxed Fit Denim Mini Skirt,skirts,Denim Mini Skirt,Women,White,S,Relaxed Fit,Rayon,Puma,2099,3.5,All-Season,"Essential Puma Women's denim mini skirt tailored with a modern Relaxed Fit. Made of soft, breathable Rayon in rich White. Ideal choice for All-Season."
PRD2177,Levi's Women's Purple Regular Fit Tiered Boho Skirt,skirts,Tiered Boho Skirt,Women,Purple,L,Regular Fit,Denim,Levi's,2649,4.8,Summer,"Crafted from premium Denim, this Levi's Purple tiered boho skirt offers exceptional comfort and durability for Summer wardrobe styling. Features a sleek Regular Fit design."
PRD2178,Nike Women's Maroon Relaxed Fit Tiered Boho Skirt,skirts,Tiered Boho Skirt,Women,Maroon,XL,Relaxed Fit,Silk,Nike,2599,4.4,All-Season,"Top-rated Nike tiered boho skirt featuring premium Maroon Silk. Tailored to a comfortable Relaxed Fit, ideal for everyday wear during All-Season."
PRD2179,Manyavar Women's Grey Regular Fit A-Line High Waist Skirt,skirts,A-Line High Waist Skirt,Women,Grey,S,Regular Fit,Denim,Manyavar,1999,4.7,Summer,"Essential Manyavar Women's a-line high waist skirt tailored with a modern Regular Fit. Made of soft, breathable Denim in rich Grey. Ideal choice for Summer."
PRD2180,H&M Women's Navy Relaxed Fit Denim Mini Skirt,skirts,Denim Mini Skirt,Women,Navy,XXL,Relaxed Fit,Rayon,H&M,1999,4.0,Summer,"Essential H&M Women's denim mini skirt tailored with a modern Relaxed Fit. Made of soft, breathable Rayon in rich Navy. Ideal choice for Summer."
PRD2181,Levi's Women's Pink Relaxed Fit Pleated Midi Skirt,skirts,Pleated Midi Skirt,Women,Pink,M,Relaxed Fit,Silk,Levi's,2699,4.2,Spring,Stay fashion-forward with this versatile Pink pleated midi skirt from Levi's. Includes a refined Relaxed Fit profile and high quality Silk fabric.
PRD2182,Levi's Women's Navy Regular Fit Pencil Office Skirt,skirts,Pencil Office Skirt,Women,Navy,S,Regular Fit,Denim,Levi's,1199,3.9,Spring,"Top-rated Levi's pencil office skirt featuring premium Navy Denim. Tailored to a comfortable Regular Fit, ideal for everyday wear during Spring."
PRD2183,Aurelia Women's Beige Slim Fit A-Line High Waist Skirt,skirts,A-Line High Waist Skirt,Women,Beige,L,Slim Fit,Silk,Aurelia,2899,3.7,Spring,"Elevate your look with this stylish Beige a-line high waist skirt by Aurelia. Designed in a comfortable Slim Fit using high-grade Silk, perfect for casual or semi-formal outings."
PRD2184,Roadster Women's Red Slim Fit Tiered Boho Skirt,skirts,Tiered Boho Skirt,Women,Red,XXL,Slim Fit,Cotton,Roadster,2699,4.4,Summer,"Crafted from premium Cotton, this Roadster Red tiered boho skirt offers exceptional comfort and durability for Summer wardrobe styling. Features a sleek Slim Fit design."
PRD2185,Aurelia Women's Maroon Regular Fit Denim Mini Skirt,skirts,Denim Mini Skirt,Women,Maroon,L,Regular Fit,Silk,Aurelia,1049,4.4,Summer,"Essential Aurelia Women's denim mini skirt tailored with a modern Regular Fit. Made of soft, breathable Silk in rich Maroon. Ideal choice for Summer."
PRD2186,Nike Women's Blue Relaxed Fit Pleated Midi Skirt,skirts,Pleated Midi Skirt,Women,Blue,M,Relaxed Fit,Cotton,Nike,2199,4.4,Summer,Stay fashion-forward with this versatile Blue pleated midi skirt from Nike. Includes a refined Relaxed Fit profile and high quality Cotton fabric.
PRD2187,H&M Women's White Slim Fit Pencil Office Skirt,skirts,Pencil Office Skirt,Women,White,L,Slim Fit,Silk,H&M,2249,5.0,All-Season,"Essential H&M Women's pencil office skirt tailored with a modern Slim Fit. Made of soft, breathable Silk in rich White. Ideal choice for All-Season."
PRD2188,Mango Women's White Regular Fit A-Line High Waist Skirt,skirts,A-Line High Waist Skirt,Women,White,M,Regular Fit,Cotton,Mango,999,3.7,Spring,"Elevate your look with this stylish White a-line high waist skirt by Mango. Designed in a comfortable Regular Fit using high-grade Cotton, perfect for casual or semi-formal outings."
PRD2189,Tommy Hilfiger Women's Red Regular Fit Tiered Boho Skirt,skirts,Tiered Boho Skirt,Women,Red,M,Regular Fit,Cotton,Tommy Hilfiger,2449,4.6,All-Season,"Crafted from premium Cotton, this Tommy Hilfiger Red tiered boho skirt offers exceptional comfort and durability for All-Season wardrobe styling. Features a sleek Regular Fit design."
PRD2190,H&M Women's Yellow Relaxed Fit Denim Mini Skirt,skirts,Denim Mini Skirt,Women,Yellow,S,Relaxed Fit,Cotton,H&M,2799,4.5,All-Season,"Top-rated H&M denim mini skirt featuring premium Yellow Cotton. Tailored to a comfortable Relaxed Fit, ideal for everyday wear during All-Season."
PRD2191,Jack & Jones Women's Red Relaxed Fit A-Line High Waist Skirt,skirts,A-Line High Waist Skirt,Women,Red,L,Relaxed Fit,Silk,Jack & Jones,1849,4.7,Summer,"Essential Jack & Jones Women's a-line high waist skirt tailored with a modern Relaxed Fit. Made of soft, breathable Silk in rich Red. Ideal choice for Summer."
PRD2192,Puma Women's Maroon Slim Fit Pencil Office Skirt,skirts,Pencil Office Skirt,Women,Maroon,XL,Slim Fit,Denim,Puma,2349,3.6,Spring,"Top-rated Puma pencil office skirt featuring premium Maroon Denim. Tailored to a comfortable Slim Fit, ideal for everyday wear during Spring."
PRD2193,Manyavar Women's Olive Regular Fit Pleated Midi Skirt,skirts,Pleated Midi Skirt,Women,Olive,XL,Regular Fit,Denim,Manyavar,1799,4.4,Spring,"Elevate your look with this stylish Olive pleated midi skirt by Manyavar. Designed in a comfortable Regular Fit using high-grade Denim, perfect for casual or semi-formal outings."
PRD2194,Aurelia Women's Olive Relaxed Fit Denim Mini Skirt,skirts,Denim Mini Skirt,Women,Olive,L,Relaxed Fit,Denim,Aurelia,2049,4.0,All-Season,"Crafted from premium Denim, this Aurelia Olive denim mini skirt offers exceptional comfort and durability for All-Season wardrobe styling. Features a sleek Relaxed Fit design."
PRD2195,H&M Women's Yellow Slim Fit Pencil Office Skirt,skirts,Pencil Office Skirt,Women,Yellow,M,Slim Fit,Rayon,H&M,1599,4.8,All-Season,"Crafted from premium Rayon, this H&M Yellow pencil office skirt offers exceptional comfort and durability for All-Season wardrobe styling. Features a sleek Slim Fit design."
PRD2196,FabIndia Women's Green Relaxed Fit Pleated Midi Skirt,skirts,Pleated Midi Skirt,Women,Green,S,Relaxed Fit,Rayon,FabIndia,1399,4.8,All-Season,Stay fashion-forward with this versatile Green pleated midi skirt from FabIndia. Includes a refined Relaxed Fit profile and high quality Rayon fabric.
PRD2197,Levi's Women's White Relaxed Fit Denim Mini Skirt,skirts,Denim Mini Skirt,Women,White,L,Relaxed Fit,Rayon,Levi's,1399,4.1,Spring,"Top-rated Levi's denim mini skirt featuring premium White Rayon. Tailored to a comfortable Relaxed Fit, ideal for everyday wear during Spring."
PRD2198,Puma Women's Navy Regular Fit A-Line High Waist Skirt,skirts,A-Line High Waist Skirt,Women,Navy,S,Regular Fit,Cotton,Puma,1199,4.6,All-Season,"Essential Puma Women's a-line high waist skirt tailored with a modern Regular Fit. Made of soft, breathable Cotton in rich Navy. Ideal choice for All-Season."
PRD2199,Jack & Jones Women's Maroon Regular Fit Pencil Office Skirt,skirts,Pencil Office Skirt,Women,Maroon,M,Regular Fit,Silk,Jack & Jones,1649,4.6,Spring,"Top-rated Jack & Jones pencil office skirt featuring premium Maroon Silk. Tailored to a comfortable Regular Fit, ideal for everyday wear during Spring."
PRD2200,Manyavar Women's Black Relaxed Fit Pleated Midi Skirt,skirts,Pleated Midi Skirt,Women,Black,XL,Relaxed Fit,Silk,Manyavar,2449,4.0,All-Season,"Elevate your look with this stylish Black pleated midi skirt by Manyavar. Designed in a comfortable Relaxed Fit using high-grade Silk, perfect for casual or semi-formal outings."
PRD2201,Manyavar Women's Brown Slim Fit Tiered Boho Skirt,skirts,Tiered Boho Skirt,Women,Brown,XL,Slim Fit,Denim,Manyavar,2249,3.6,Spring,"Top-rated Manyavar tiered boho skirt featuring premium Brown Denim. Tailored to a comfortable Slim Fit, ideal for everyday wear during Spring."
PRD2202,Manyavar Women's Green Regular Fit Tiered Boho Skirt,skirts,Tiered Boho Skirt,Women,Green,M,Regular Fit,Rayon,Manyavar,1449,3.6,Spring,"Elevate your look with this stylish Green tiered boho skirt by Manyavar. Designed in a comfortable Regular Fit using high-grade Rayon, perfect for casual or semi-formal outings."
PRD2203,HRX Women's Pink Relaxed Fit Tiered Boho Skirt,skirts,Tiered Boho Skirt,Women,Pink,L,Relaxed Fit,Silk,HRX,2049,3.7,Summer,"Essential HRX Women's tiered boho skirt tailored with a modern Relaxed Fit. Made of soft, breathable Silk in rich Pink. Ideal choice for Summer."
PRD2204,Adidas Women's Red Slim Fit Pencil Office Skirt,skirts,Pencil Office Skirt,Women,Red,XXL,Slim Fit,Silk,Adidas,1299,4.9,Spring,"Essential Adidas Women's pencil office skirt tailored with a modern Slim Fit. Made of soft, breathable Silk in rich Red. Ideal choice for Spring."
PRD2205,Roadster Women's Yellow Relaxed Fit Pleated Midi Skirt,skirts,Pleated Midi Skirt,Women,Yellow,XXL,Relaxed Fit,Denim,Roadster,1049,4.9,Summer,"Top-rated Roadster pleated midi skirt featuring premium Yellow Denim. Tailored to a comfortable Relaxed Fit, ideal for everyday wear during Summer."
PRD2206,Aurelia Women's Beige Slim Fit Denim Mini Skirt,skirts,Denim Mini Skirt,Women,Beige,L,Slim Fit,Silk,Aurelia,2599,4.6,Summer,"Top-rated Aurelia denim mini skirt featuring premium Beige Silk. Tailored to a comfortable Slim Fit, ideal for everyday wear during Summer."
PRD2207,Roadster Women's Blue Relaxed Fit Pencil Office Skirt,skirts,Pencil Office Skirt,Women,Blue,XL,Relaxed Fit,Cotton,Roadster,2899,3.9,Spring,"Elevate your look with this stylish Blue pencil office skirt by Roadster. Designed in a comfortable Relaxed Fit using high-grade Cotton, perfect for casual or semi-formal outings."
PRD2208,Adidas Women's Brown Slim Fit Pleated Midi Skirt,skirts,Pleated Midi Skirt,Women,Brown,S,Slim Fit,Denim,Adidas,2199,3.7,All-Season,"Essential Adidas Women's pleated midi skirt tailored with a modern Slim Fit. Made of soft, breathable Denim in rich Brown. Ideal choice for All-Season."
PRD2209,Adidas Women's Maroon Relaxed Fit Pencil Office Skirt,skirts,Pencil Office Skirt,Women,Maroon,XL,Relaxed Fit,Silk,Adidas,1299,4.9,Summer,"Top-rated Adidas pencil office skirt featuring premium Maroon Silk. Tailored to a comfortable Relaxed Fit, ideal for everyday wear during Summer."
PRD2210,Tommy Hilfiger Women's Olive Relaxed Fit Denim Mini Skirt,skirts,Denim Mini Skirt,Women,Olive,M,Relaxed Fit,Cotton,Tommy Hilfiger,2399,4.8,Summer,"Elevate your look with this stylish Olive denim mini skirt by Tommy Hilfiger. Designed in a comfortable Relaxed Fit using high-grade Cotton, perfect for casual or semi-formal outings."
PRD2211,Allen Solly Women's White Regular Fit A-Line High Waist Skirt,skirts,A-Line High Waist Skirt,Women,White,XL,Regular Fit,Denim,Allen Solly,2049,3.7,All-Season,"Crafted from premium Denim, this Allen Solly White a-line high waist skirt offers exceptional comfort and durability for All-Season wardrobe styling. Features a sleek Regular Fit design."
PRD2212,Manyavar Women's Grey Slim Fit Denim Mini Skirt,skirts,Denim Mini Skirt,Women,Grey,XXL,Slim Fit,Rayon,Manyavar,1749,4.6,All-Season,"Crafted from premium Rayon, this Manyavar Grey denim mini skirt offers exceptional comfort and durability for All-Season wardrobe styling. Features a sleek Slim Fit design."
PRD2213,HRX Women's Olive Relaxed Fit A-Line High Waist Skirt,skirts,A-Line High Waist Skirt,Women,Olive,L,Relaxed Fit,Denim,HRX,2849,4.3,All-Season,"Elevate your look with this stylish Olive a-line high waist skirt by HRX. Designed in a comfortable Relaxed Fit using high-grade Denim, perfect for casual or semi-formal outings."
PRD2214,US Polo Assn Women's Olive Regular Fit Denim Mini Skirt,skirts,Denim Mini Skirt,Women,Olive,XL,Regular Fit,Rayon,US Polo Assn,2349,4.3,All-Season,"Essential US Polo Assn Women's denim mini skirt tailored with a modern Regular Fit. Made of soft, breathable Rayon in rich Olive. Ideal choice for All-Season."
PRD2215,Nike Women's Brown Regular Fit Denim Mini Skirt,skirts,Denim Mini Skirt,Women,Brown,L,Regular Fit,Rayon,Nike,1899,4.5,Spring,"Crafted from premium Rayon, this Nike Brown denim mini skirt offers exceptional comfort and durability for Spring wardrobe styling. Features a sleek Regular Fit design."
PRD2216,FabIndia Women's Olive Slim Fit Pencil Office Skirt,skirts,Pencil Office Skirt,Women,Olive,XL,Slim Fit,Silk,FabIndia,1399,4.7,All-Season,Stay fashion-forward with this versatile Olive pencil office skirt from FabIndia. Includes a refined Slim Fit profile and high quality Silk fabric.
PRD2217,Mango Women's Olive Slim Fit Tiered Boho Skirt,skirts,Tiered Boho Skirt,Women,Olive,L,Slim Fit,Cotton,Mango,2949,3.8,Spring,Stay fashion-forward with this versatile Olive tiered boho skirt from Mango. Includes a refined Slim Fit profile and high quality Cotton fabric.
PRD2218,Zara Women's Green Relaxed Fit Tiered Boho Skirt,skirts,Tiered Boho Skirt,Women,Green,XL,Relaxed Fit,Silk,Zara,2699,4.1,Spring,"Essential Zara Women's tiered boho skirt tailored with a modern Relaxed Fit. Made of soft, breathable Silk in rich Green. Ideal choice for Spring."
PRD2219,Zara Women's Maroon Slim Fit A-Line High Waist Skirt,skirts,A-Line High Waist Skirt,Women,Maroon,S,Slim Fit,Silk,Zara,2149,4.2,All-Season,"Elevate your look with this stylish Maroon a-line high waist skirt by Zara. Designed in a comfortable Slim Fit using high-grade Silk, perfect for casual or semi-formal outings."
PRD2220,Under Armour Women's Brown Relaxed Fit Denim Mini Skirt,skirts,Denim Mini Skirt,Women,Brown,XXL,Relaxed Fit,Cotton,Under Armour,2199,3.7,All-Season,"Top-rated Under Armour denim mini skirt featuring premium Brown Cotton. Tailored to a comfortable Relaxed Fit, ideal for everyday wear during All-Season."
PRD2221,Levi's Women's Blue Relaxed Fit Pleated Midi Skirt,skirts,Pleated Midi Skirt,Women,Blue,XXL,Relaxed Fit,Silk,Levi's,1149,4.5,Spring,"Top-rated Levi's pleated midi skirt featuring premium Blue Silk. Tailored to a comfortable Relaxed Fit, ideal for everyday wear during Spring."
PRD2222,Allen Solly Women's White Relaxed Fit A-Line High Waist Skirt,skirts,A-Line High Waist Skirt,Women,White,M,Relaxed Fit,Rayon,Allen Solly,2049,4.7,All-Season,"Essential Allen Solly Women's a-line high waist skirt tailored with a modern Relaxed Fit. Made of soft, breathable Rayon in rich White. Ideal choice for All-Season."
PRD2223,Tommy Hilfiger Women's Yellow Relaxed Fit Pencil Office Skirt,skirts,Pencil Office Skirt,Women,Yellow,S,Relaxed Fit,Denim,Tommy Hilfiger,949,4.6,Summer,"Top-rated Tommy Hilfiger pencil office skirt featuring premium Yellow Denim. Tailored to a comfortable Relaxed Fit, ideal for everyday wear during Summer."
PRD2224,Nike Women's Brown Regular Fit Tiered Boho Skirt,skirts,Tiered Boho Skirt,Women,Brown,L,Regular Fit,Cotton,Nike,2099,3.5,Summer,"Elevate your look with this stylish Brown tiered boho skirt by Nike. Designed in a comfortable Regular Fit using high-grade Cotton, perfect for casual or semi-formal outings."
PRD2225,Zara Women's Purple Regular Fit A-Line High Waist Skirt,skirts,A-Line High Waist Skirt,Women,Purple,L,Regular Fit,Rayon,Zara,1199,3.6,Summer,"Top-rated Zara a-line high waist skirt featuring premium Purple Rayon. Tailored to a comfortable Regular Fit, ideal for everyday wear during Summer."
PRD2226,HRX Women's Maroon Relaxed Fit Pleated Midi Skirt,skirts,Pleated Midi Skirt,Women,Maroon,XXL,Relaxed Fit,Denim,HRX,2499,3.8,Summer,"Top-rated HRX pleated midi skirt featuring premium Maroon Denim. Tailored to a comfortable Relaxed Fit, ideal for everyday wear during Summer."
PRD2227,US Polo Assn Women's Yellow Relaxed Fit A-Line High Waist Skirt,skirts,A-Line High Waist Skirt,Women,Yellow,L,Relaxed Fit,Cotton,US Polo Assn,2749,3.8,Spring,"Essential US Polo Assn Women's a-line high waist skirt tailored with a modern Relaxed Fit. Made of soft, breathable Cotton in rich Yellow. Ideal choice for Spring."
PRD2228,Under Armour Women's Green Regular Fit Pencil Office Skirt,skirts,Pencil Office Skirt,Women,Green,XL,Regular Fit,Cotton,Under Armour,1999,4.2,Summer,"Top-rated Under Armour pencil office skirt featuring premium Green Cotton. Tailored to a comfortable Regular Fit, ideal for everyday wear during Summer."
PRD2229,Manyavar Women's Black Regular Fit Denim Mini Skirt,skirts,Denim Mini Skirt,Women,Black,XXL,Regular Fit,Rayon,Manyavar,1299,4.2,Spring,"Top-rated Manyavar denim mini skirt featuring premium Black Rayon. Tailored to a comfortable Regular Fit, ideal for everyday wear during Spring."
PRD2230,Levi's Women's Beige Regular Fit Pencil Office Skirt,skirts,Pencil Office Skirt,Women,Beige,S,Regular Fit,Rayon,Levi's,2149,4.0,All-Season,"Crafted from premium Rayon, this Levi's Beige pencil office skirt offers exceptional comfort and durability for All-Season wardrobe styling. Features a sleek Regular Fit design."
PRD2231,Nike Women's Red Regular Fit Tiered Boho Skirt,skirts,Tiered Boho Skirt,Women,Red,M,Regular Fit,Denim,Nike,2549,4.4,Summer,Stay fashion-forward with this versatile Red tiered boho skirt from Nike. Includes a refined Regular Fit profile and high quality Denim fabric.
PRD2232,Manyavar Women's Black Regular Fit Tiered Boho Skirt,skirts,Tiered Boho Skirt,Women,Black,L,Regular Fit,Silk,Manyavar,2249,4.8,Spring,"Crafted from premium Silk, this Manyavar Black tiered boho skirt offers exceptional comfort and durability for Spring wardrobe styling. Features a sleek Regular Fit design."
PRD2233,Tommy Hilfiger Women's Purple Slim Fit Tiered Boho Skirt,skirts,Tiered Boho Skirt,Women,Purple,M,Slim Fit,Silk,Tommy Hilfiger,2899,4.3,All-Season,"Essential Tommy Hilfiger Women's tiered boho skirt tailored with a modern Slim Fit. Made of soft, breathable Silk in rich Purple. Ideal choice for All-Season."
PRD2234,Puma Women's Maroon Regular Fit A-Line High Waist Skirt,skirts,A-Line High Waist Skirt,Women,Maroon,XL,Regular Fit,Cotton,Puma,1199,4.1,Summer,"Crafted from premium Cotton, this Puma Maroon a-line high waist skirt offers exceptional comfort and durability for Summer wardrobe styling. Features a sleek Regular Fit design."
PRD2235,FabIndia Women's White Slim Fit Tiered Boho Skirt,skirts,Tiered Boho Skirt,Women,White,S,Slim Fit,Rayon,FabIndia,2599,4.2,Summer,"Top-rated FabIndia tiered boho skirt featuring premium White Rayon. Tailored to a comfortable Slim Fit, ideal for everyday wear during Summer."
PRD2236,Mango Women's Grey Slim Fit Denim Mini Skirt,skirts,Denim Mini Skirt,Women,Grey,XL,Slim Fit,Silk,Mango,2099,4.6,Summer,"Essential Mango Women's denim mini skirt tailored with a modern Slim Fit. Made of soft, breathable Silk in rich Grey. Ideal choice for Summer."
PRD2237,Manyavar Women's Pink Relaxed Fit A-Line High Waist Skirt,skirts,A-Line High Waist Skirt,Women,Pink,L,Relaxed Fit,Denim,Manyavar,2999,4.5,Summer,"Top-rated Manyavar a-line high waist skirt featuring premium Pink Denim. Tailored to a comfortable Relaxed Fit, ideal for everyday wear during Summer."
PRD2238,W Women's Beige Regular Fit Tiered Boho Skirt,skirts,Tiered Boho Skirt,Women,Beige,M,Regular Fit,Denim,W,1549,4.3,Spring,Stay fashion-forward with this versatile Beige tiered boho skirt from W. Includes a refined Regular Fit profile and high quality Denim fabric.
PRD2239,Levi's Women's White Slim Fit A-Line High Waist Skirt,skirts,A-Line High Waist Skirt,Women,White,S,Slim Fit,Rayon,Levi's,2149,4.6,Summer,"Elevate your look with this stylish White a-line high waist skirt by Levi's. Designed in a comfortable Slim Fit using high-grade Rayon, perfect for casual or semi-formal outings."
PRD2240,Nike Women's Navy Slim Fit Tiered Boho Skirt,skirts,Tiered Boho Skirt,Women,Navy,XL,Slim Fit,Cotton,Nike,1499,3.6,All-Season,"Top-rated Nike tiered boho skirt featuring premium Navy Cotton. Tailored to a comfortable Slim Fit, ideal for everyday wear during All-Season."
PRD2241,Puma Women's Red Regular Fit A-Line High Waist Skirt,skirts,A-Line High Waist Skirt,Women,Red,XXL,Regular Fit,Silk,Puma,2149,4.1,Spring,Stay fashion-forward with this versatile Red a-line high waist skirt from Puma. Includes a refined Regular Fit profile and high quality Silk fabric.
PRD2242,Adidas Women's Blue Relaxed Fit Tiered Boho Skirt,skirts,Tiered Boho Skirt,Women,Blue,M,Relaxed Fit,Denim,Adidas,1999,3.8,Summer,"Top-rated Adidas tiered boho skirt featuring premium Blue Denim. Tailored to a comfortable Relaxed Fit, ideal for everyday wear during Summer."
PRD2243,Nike Women's Navy Relaxed Fit Denim Mini Skirt,skirts,Denim Mini Skirt,Women,Navy,XXL,Relaxed Fit,Silk,Nike,2799,3.8,All-Season,"Crafted from premium Silk, this Nike Navy denim mini skirt offers exceptional comfort and durability for All-Season wardrobe styling. Features a sleek Relaxed Fit design."
PRD2244,Puma Women's Brown Relaxed Fit Denim Mini Skirt,skirts,Denim Mini Skirt,Women,Brown,M,Relaxed Fit,Denim,Puma,2799,4.8,Summer,"Essential Puma Women's denim mini skirt tailored with a modern Relaxed Fit. Made of soft, breathable Denim in rich Brown. Ideal choice for Summer."
PRD2245,H&M Women's Yellow Regular Fit Pleated Midi Skirt,skirts,Pleated Midi Skirt,Women,Yellow,XL,Regular Fit,Rayon,H&M,2199,4.0,All-Season,"Crafted from premium Rayon, this H&M Yellow pleated midi skirt offers exceptional comfort and durability for All-Season wardrobe styling. Features a sleek Regular Fit design."
PRD2246,Puma Women's Grey Regular Fit Tiered Boho Skirt,skirts,Tiered Boho Skirt,Women,Grey,L,Regular Fit,Rayon,Puma,2999,4.0,Spring,"Crafted from premium Rayon, this Puma Grey tiered boho skirt offers exceptional comfort and durability for Spring wardrobe styling. Features a sleek Regular Fit design."
PRD2247,Allen Solly Women's Maroon Slim Fit Denim Mini Skirt,skirts,Denim Mini Skirt,Women,Maroon,XL,Slim Fit,Rayon,Allen Solly,2899,4.5,All-Season,"Essential Allen Solly Women's denim mini skirt tailored with a modern Slim Fit. Made of soft, breathable Rayon in rich Maroon. Ideal choice for All-Season."
PRD2248,Nike Women's Olive Regular Fit Tiered Boho Skirt,skirts,Tiered Boho Skirt,Women,Olive,L,Regular Fit,Denim,Nike,2799,4.7,Summer,"Essential Nike Women's tiered boho skirt tailored with a modern Regular Fit. Made of soft, breathable Denim in rich Olive. Ideal choice for Summer."
PRD2249,HRX Women's Grey Regular Fit Denim Mini Skirt,skirts,Denim Mini Skirt,Women,Grey,S,Regular Fit,Denim,HRX,1699,4.2,All-Season,"Top-rated HRX denim mini skirt featuring premium Grey Denim. Tailored to a comfortable Regular Fit, ideal for everyday wear during All-Season."
PRD2250,Allen Solly Women's Navy Slim Fit Pleated Midi Skirt,skirts,Pleated Midi Skirt,Women,Navy,XXL,Slim Fit,Silk,Allen Solly,949,4.4,Spring,"Crafted from premium Silk, this Allen Solly Navy pleated midi skirt offers exceptional comfort and durability for Spring wardrobe styling. Features a sleek Slim Fit design."
PRD2251,Adidas Women's Black Relaxed Fit Pencil Office Skirt,skirts,Pencil Office Skirt,Women,Black,S,Relaxed Fit,Silk,Adidas,999,4.8,Spring,Stay fashion-forward with this versatile Black pencil office skirt from Adidas. Includes a refined Relaxed Fit profile and high quality Silk fabric.
PRD2252,Jack & Jones Women's Beige Relaxed Fit Pencil Office Skirt,skirts,Pencil Office Skirt,Women,Beige,L,Relaxed Fit,Cotton,Jack & Jones,999,4.4,Summer,"Elevate your look with this stylish Beige pencil office skirt by Jack & Jones. Designed in a comfortable Relaxed Fit using high-grade Cotton, perfect for casual or semi-formal outings."
PRD2253,FabIndia Women's Grey Slim Fit Denim Mini Skirt,skirts,Denim Mini Skirt,Women,Grey,S,Slim Fit,Cotton,FabIndia,2149,3.6,Spring,"Top-rated FabIndia denim mini skirt featuring premium Grey Cotton. Tailored to a comfortable Slim Fit, ideal for everyday wear during Spring."
PRD2254,Adidas Women's Navy Relaxed Fit Denim Mini Skirt,skirts,Denim Mini Skirt,Women,Navy,M,Relaxed Fit,Silk,Adidas,2349,4.3,All-Season,Stay fashion-forward with this versatile Navy denim mini skirt from Adidas. Includes a refined Relaxed Fit profile and high quality Silk fabric.
PRD2255,HRX Women's Red Relaxed Fit Pleated Midi Skirt,skirts,Pleated Midi Skirt,Women,Red,L,Relaxed Fit,Denim,HRX,1199,3.8,All-Season,"Crafted from premium Denim, this HRX Red pleated midi skirt offers exceptional comfort and durability for All-Season wardrobe styling. Features a sleek Relaxed Fit design."
PRD2256,Adidas Women's Maroon Relaxed Fit Tiered Boho Skirt,skirts,Tiered Boho Skirt,Women,Maroon,S,Relaxed Fit,Rayon,Adidas,2149,3.9,Summer,"Essential Adidas Women's tiered boho skirt tailored with a modern Relaxed Fit. Made of soft, breathable Rayon in rich Maroon. Ideal choice for Summer."
PRD2257,Nike Women's Pink Relaxed Fit A-Line High Waist Skirt,skirts,A-Line High Waist Skirt,Women,Pink,XL,Relaxed Fit,Cotton,Nike,1249,3.7,All-Season,"Crafted from premium Cotton, this Nike Pink a-line high waist skirt offers exceptional comfort and durability for All-Season wardrobe styling. Features a sleek Relaxed Fit design."
PRD2258,FabIndia Women's Navy Relaxed Fit Pleated Midi Skirt,skirts,Pleated Midi Skirt,Women,Navy,S,Relaxed Fit,Cotton,FabIndia,1749,4.5,Summer,Stay fashion-forward with this versatile Navy pleated midi skirt from FabIndia. Includes a refined Relaxed Fit profile and high quality Cotton fabric.
PRD2259,H&M Women's Purple Relaxed Fit Denim Mini Skirt,skirts,Denim Mini Skirt,Women,Purple,M,Relaxed Fit,Denim,H&M,2149,3.6,All-Season,"Essential H&M Women's denim mini skirt tailored with a modern Relaxed Fit. Made of soft, breathable Denim in rich Purple. Ideal choice for All-Season."
PRD2260,FabIndia Women's Pink Regular Fit A-Line High Waist Skirt,skirts,A-Line High Waist Skirt,Women,Pink,M,Regular Fit,Rayon,FabIndia,1999,4.8,Summer,"Elevate your look with this stylish Pink a-line high waist skirt by FabIndia. Designed in a comfortable Regular Fit using high-grade Rayon, perfect for casual or semi-formal outings."
PRD2261,US Polo Assn Women's Green Slim Fit A-Line High Waist Skirt,skirts,A-Line High Waist Skirt,Women,Green,XXL,Slim Fit,Rayon,US Polo Assn,2349,4.0,Spring,"Top-rated US Polo Assn a-line high waist skirt featuring premium Green Rayon. Tailored to a comfortable Slim Fit, ideal for everyday wear during Spring."
PRD2262,Jack & Jones Women's Purple Relaxed Fit Denim Mini Skirt,skirts,Denim Mini Skirt,Women,Purple,XXL,Relaxed Fit,Rayon,Jack & Jones,1749,5.0,Summer,Stay fashion-forward with this versatile Purple denim mini skirt from Jack & Jones. Includes a refined Relaxed Fit profile and high quality Rayon fabric.
PRD2263,W Women's Navy Relaxed Fit A-Line High Waist Skirt,skirts,A-Line High Waist Skirt,Women,Navy,XXL,Relaxed Fit,Silk,W,1749,3.9,Summer,Stay fashion-forward with this versatile Navy a-line high waist skirt from W. Includes a refined Relaxed Fit profile and high quality Silk fabric.
PRD2264,Adidas Women's Yellow Relaxed Fit Pleated Midi Skirt,skirts,Pleated Midi Skirt,Women,Yellow,M,Relaxed Fit,Denim,Adidas,2799,4.4,Spring,"Essential Adidas Women's pleated midi skirt tailored with a modern Relaxed Fit. Made of soft, breathable Denim in rich Yellow. Ideal choice for Spring."
PRD2265,Under Armour Women's Navy Relaxed Fit Pencil Office Skirt,skirts,Pencil Office Skirt,Women,Navy,L,Relaxed Fit,Cotton,Under Armour,899,3.7,All-Season,Stay fashion-forward with this versatile Navy pencil office skirt from Under Armour. Includes a refined Relaxed Fit profile and high quality Cotton fabric.
PRD2266,Tommy Hilfiger Women's White Regular Fit A-Line High Waist Skirt,skirts,A-Line High Waist Skirt,Women,White,XL,Regular Fit,Silk,Tommy Hilfiger,1649,4.6,Summer,Stay fashion-forward with this versatile White a-line high waist skirt from Tommy Hilfiger. Includes a refined Regular Fit profile and high quality Silk fabric.
PRD2267,Jack & Jones Women's Maroon Regular Fit Tiered Boho Skirt,skirts,Tiered Boho Skirt,Women,Maroon,L,Regular Fit,Rayon,Jack & Jones,2399,4.4,Summer,Stay fashion-forward with this versatile Maroon tiered boho skirt from Jack & Jones. Includes a refined Regular Fit profile and high quality Rayon fabric.
PRD2268,Biba Women's Red Relaxed Fit A-Line High Waist Skirt,skirts,A-Line High Waist Skirt,Women,Red,XL,Relaxed Fit,Cotton,Biba,1999,4.9,Spring,Stay fashion-forward with this versatile Red a-line high waist skirt from Biba. Includes a refined Relaxed Fit profile and high quality Cotton fabric.
PRD2269,Under Armour Women's Yellow Slim Fit Pleated Midi Skirt,skirts,Pleated Midi Skirt,Women,Yellow,XXL,Slim Fit,Silk,Under Armour,1699,4.9,All-Season,"Top-rated Under Armour pleated midi skirt featuring premium Yellow Silk. Tailored to a comfortable Slim Fit, ideal for everyday wear during All-Season."
PRD2270,Roadster Women's Brown Slim Fit Denim Mini Skirt,skirts,Denim Mini Skirt,Women,Brown,M,Slim Fit,Cotton,Roadster,2299,4.2,Spring,"Elevate your look with this stylish Brown denim mini skirt by Roadster. Designed in a comfortable Slim Fit using high-grade Cotton, perfect for casual or semi-formal outings."
PRD2271,Jack & Jones Women's Red Slim Fit Pleated Midi Skirt,skirts,Pleated Midi Skirt,Women,Red,S,Slim Fit,Silk,Jack & Jones,1649,3.9,Spring,"Elevate your look with this stylish Red pleated midi skirt by Jack & Jones. Designed in a comfortable Slim Fit using high-grade Silk, perfect for casual or semi-formal outings."
PRD2272,HRX Women's White Relaxed Fit Pleated Midi Skirt,skirts,Pleated Midi Skirt,Women,White,XL,Relaxed Fit,Silk,HRX,1549,4.0,Summer,Stay fashion-forward with this versatile White pleated midi skirt from HRX. Includes a refined Relaxed Fit profile and high quality Silk fabric.
PRD2273,Aurelia Women's Beige Relaxed Fit Pencil Office Skirt,skirts,Pencil Office Skirt,Women,Beige,M,Relaxed Fit,Rayon,Aurelia,1249,4.1,Spring,"Essential Aurelia Women's pencil office skirt tailored with a modern Relaxed Fit. Made of soft, breathable Rayon in rich Beige. Ideal choice for Spring."
PRD2274,Roadster Women's Green Relaxed Fit Pencil Office Skirt,skirts,Pencil Office Skirt,Women,Green,XL,Relaxed Fit,Rayon,Roadster,3049,3.6,All-Season,Stay fashion-forward with this versatile Green pencil office skirt from Roadster. Includes a refined Relaxed Fit profile and high quality Rayon fabric.
PRD2275,Under Armour Women's Pink Slim Fit Pleated Midi Skirt,skirts,Pleated Midi Skirt,Women,Pink,L,Slim Fit,Denim,Under Armour,2249,4.3,Spring,"Crafted from premium Denim, this Under Armour Pink pleated midi skirt offers exceptional comfort and durability for Spring wardrobe styling. Features a sleek Slim Fit design."
PRD2276,Biba Women's White Regular Fit Pleated Midi Skirt,skirts,Pleated Midi Skirt,Women,White,M,Regular Fit,Denim,Biba,2099,4.2,Summer,"Essential Biba Women's pleated midi skirt tailored with a modern Regular Fit. Made of soft, breathable Denim in rich White. Ideal choice for Summer."
PRD2277,Biba Women's White Regular Fit Denim Mini Skirt,skirts,Denim Mini Skirt,Women,White,XL,Regular Fit,Silk,Biba,999,3.9,Spring,Stay fashion-forward with this versatile White denim mini skirt from Biba. Includes a refined Regular Fit profile and high quality Silk fabric.
PRD2278,FabIndia Women's Olive Relaxed Fit Denim Mini Skirt,skirts,Denim Mini Skirt,Women,Olive,S,Relaxed Fit,Cotton,FabIndia,2299,4.5,Spring,"Crafted from premium Cotton, this FabIndia Olive denim mini skirt offers exceptional comfort and durability for Spring wardrobe styling. Features a sleek Relaxed Fit design."
PRD2279,Biba Women's Navy Slim Fit Pleated Midi Skirt,skirts,Pleated Midi Skirt,Women,Navy,XL,Slim Fit,Rayon,Biba,899,4.2,All-Season,Stay fashion-forward with this versatile Navy pleated midi skirt from Biba. Includes a refined Slim Fit profile and high quality Rayon fabric.
PRD2280,HRX Women's Grey Regular Fit Pleated Midi Skirt,skirts,Pleated Midi Skirt,Women,Grey,XL,Regular Fit,Cotton,HRX,2949,4.1,All-Season,Stay fashion-forward with this versatile Grey pleated midi skirt from HRX. Includes a refined Regular Fit profile and high quality Cotton fabric.
PRD2281,Tommy Hilfiger Women's Blue Slim Fit Tiered Boho Skirt,skirts,Tiered Boho Skirt,Women,Blue,XL,Slim Fit,Rayon,Tommy Hilfiger,1199,3.7,All-Season,"Essential Tommy Hilfiger Women's tiered boho skirt tailored with a modern Slim Fit. Made of soft, breathable Rayon in rich Blue. Ideal choice for All-Season."
PRD2282,Under Armour Women's Yellow Relaxed Fit A-Line High Waist Skirt,skirts,A-Line High Waist Skirt,Women,Yellow,S,Relaxed Fit,Rayon,Under Armour,2799,3.9,Spring,"Crafted from premium Rayon, this Under Armour Yellow a-line high waist skirt offers exceptional comfort and durability for Spring wardrobe styling. Features a sleek Relaxed Fit design."
PRD2283,Mango Women's Black Relaxed Fit Pencil Office Skirt,skirts,Pencil Office Skirt,Women,Black,XL,Relaxed Fit,Silk,Mango,2249,4.5,Spring,"Crafted from premium Silk, this Mango Black pencil office skirt offers exceptional comfort and durability for Spring wardrobe styling. Features a sleek Relaxed Fit design."
PRD2284,Aurelia Women's Green Regular Fit A-Line High Waist Skirt,skirts,A-Line High Waist Skirt,Women,Green,XL,Regular Fit,Rayon,Aurelia,2199,3.9,Summer,"Crafted from premium Rayon, this Aurelia Green a-line high waist skirt offers exceptional comfort and durability for Summer wardrobe styling. Features a sleek Regular Fit design."
PRD2285,Nike Women's Yellow Relaxed Fit A-Line High Waist Skirt,skirts,A-Line High Waist Skirt,Women,Yellow,M,Relaxed Fit,Rayon,Nike,1199,4.3,Summer,"Elevate your look with this stylish Yellow a-line high waist skirt by Nike. Designed in a comfortable Relaxed Fit using high-grade Rayon, perfect for casual or semi-formal outings."
PRD2286,Roadster Women's Green Regular Fit Pencil Office Skirt,skirts,Pencil Office Skirt,Women,Green,XXL,Regular Fit,Rayon,Roadster,1849,4.9,All-Season,"Top-rated Roadster pencil office skirt featuring premium Green Rayon. Tailored to a comfortable Regular Fit, ideal for everyday wear during All-Season."
PRD2287,Under Armour Women's Blue Regular Fit Pencil Office Skirt,skirts,Pencil Office Skirt,Women,Blue,M,Regular Fit,Silk,Under Armour,1299,4.1,Summer,"Crafted from premium Silk, this Under Armour Blue pencil office skirt offers exceptional comfort and durability for Summer wardrobe styling. Features a sleek Regular Fit design."
PRD2288,Tommy Hilfiger Women's Grey Slim Fit A-Line High Waist Skirt,skirts,A-Line High Waist Skirt,Women,Grey,L,Slim Fit,Denim,Tommy Hilfiger,1199,4.8,All-Season,Stay fashion-forward with this versatile Grey a-line high waist skirt from Tommy Hilfiger. Includes a refined Slim Fit profile and high quality Denim fabric.
PRD2289,Nike Women's Green Relaxed Fit Denim Mini Skirt,skirts,Denim Mini Skirt,Women,Green,S,Relaxed Fit,Denim,Nike,2399,4.4,All-Season,"Elevate your look with this stylish Green denim mini skirt by Nike. Designed in a comfortable Relaxed Fit using high-grade Denim, perfect for casual or semi-formal outings."
PRD2290,HRX Women's Green Relaxed Fit A-Line High Waist Skirt,skirts,A-Line High Waist Skirt,Women,Green,XL,Relaxed Fit,Cotton,HRX,1599,4.5,All-Season,"Essential HRX Women's a-line high waist skirt tailored with a modern Relaxed Fit. Made of soft, breathable Cotton in rich Green. Ideal choice for All-Season."
PRD2291,Levi's Women's Black Regular Fit Pencil Office Skirt,skirts,Pencil Office Skirt,Women,Black,L,Regular Fit,Denim,Levi's,2749,4.4,Spring,"Essential Levi's Women's pencil office skirt tailored with a modern Regular Fit. Made of soft, breathable Denim in rich Black. Ideal choice for Spring."
PRD2292,Nike Women's Black Relaxed Fit Denim Mini Skirt,skirts,Denim Mini Skirt,Women,Black,S,Relaxed Fit,Silk,Nike,2049,4.6,Summer,"Top-rated Nike denim mini skirt featuring premium Black Silk. Tailored to a comfortable Relaxed Fit, ideal for everyday wear during Summer."
PRD2293,Jack & Jones Women's Olive Relaxed Fit Tiered Boho Skirt,skirts,Tiered Boho Skirt,Women,Olive,XL,Relaxed Fit,Silk,Jack & Jones,2799,4.9,All-Season,"Crafted from premium Silk, this Jack & Jones Olive tiered boho skirt offers exceptional comfort and durability for All-Season wardrobe styling. Features a sleek Relaxed Fit design."
PRD2294,Tommy Hilfiger Women's Navy Regular Fit A-Line High Waist Skirt,skirts,A-Line High Waist Skirt,Women,Navy,XL,Regular Fit,Denim,Tommy Hilfiger,1749,4.3,Spring,"Elevate your look with this stylish Navy a-line high waist skirt by Tommy Hilfiger. Designed in a comfortable Regular Fit using high-grade Denim, perfect for casual or semi-formal outings."
PRD2295,Biba Women's Black Relaxed Fit A-Line High Waist Skirt,skirts,A-Line High Waist Skirt,Women,Black,XL,Relaxed Fit,Cotton,Biba,2299,3.6,All-Season,"Top-rated Biba a-line high waist skirt featuring premium Black Cotton. Tailored to a comfortable Relaxed Fit, ideal for everyday wear during All-Season."
PRD2296,W Women's Brown Regular Fit A-Line High Waist Skirt,skirts,A-Line High Waist Skirt,Women,Brown,XL,Regular Fit,Rayon,W,999,3.7,All-Season,"Top-rated W a-line high waist skirt featuring premium Brown Rayon. Tailored to a comfortable Regular Fit, ideal for everyday wear during All-Season."
PRD2297,FabIndia Women's Pink Regular Fit Tiered Boho Skirt,skirts,Tiered Boho Skirt,Women,Pink,L,Regular Fit,Rayon,FabIndia,2899,5.0,Summer,Stay fashion-forward with this versatile Pink tiered boho skirt from FabIndia. Includes a refined Regular Fit profile and high quality Rayon fabric.
PRD2298,Aurelia Women's Pink Slim Fit Denim Mini Skirt,skirts,Denim Mini Skirt,Women,Pink,M,Slim Fit,Cotton,Aurelia,1749,5.0,Spring,"Top-rated Aurelia denim mini skirt featuring premium Pink Cotton. Tailored to a comfortable Slim Fit, ideal for everyday wear during Spring."
PRD2299,US Polo Assn Women's Brown Relaxed Fit Denim Mini Skirt,skirts,Denim Mini Skirt,Women,Brown,XL,Relaxed Fit,Rayon,US Polo Assn,2299,4.6,All-Season,Stay fashion-forward with this versatile Brown denim mini skirt from US Polo Assn. Includes a refined Relaxed Fit profile and high quality Rayon fabric.
PRD2300,Adidas Women's Olive Slim Fit A-Line High Waist Skirt,skirts,A-Line High Waist Skirt,Women,Olive,XXL,Slim Fit,Silk,Adidas,3049,4.1,All-Season,Stay fashion-forward with this versatile Olive a-line high waist skirt from Adidas. Includes a refined Slim Fit profile and high quality Silk fabric.
PRD2301,Mango Women's Purple Regular Fit Pencil Office Skirt,skirts,Pencil Office Skirt,Women,Purple,XL,Regular Fit,Denim,Mango,2049,3.5,Summer,"Essential Mango Women's pencil office skirt tailored with a modern Regular Fit. Made of soft, breathable Denim in rich Purple. Ideal choice for Summer."
PRD2302,Jack & Jones Women's Grey Relaxed Fit Denim Mini Skirt,skirts,Denim Mini Skirt,Women,Grey,XL,Relaxed Fit,Rayon,Jack & Jones,1649,4.5,Spring,"Top-rated Jack & Jones denim mini skirt featuring premium Grey Rayon. Tailored to a comfortable Relaxed Fit, ideal for everyday wear during Spring."
PRD2303,Puma Women's Pink Relaxed Fit Denim Mini Skirt,skirts,Denim Mini Skirt,Women,Pink,L,Relaxed Fit,Rayon,Puma,1899,3.7,Summer,Stay fashion-forward with this versatile Pink denim mini skirt from Puma. Includes a refined Relaxed Fit profile and high quality Rayon fabric.
PRD2304,H&M Women's Maroon Relaxed Fit A-Line High Waist Skirt,skirts,A-Line High Waist Skirt,Women,Maroon,XXL,Relaxed Fit,Rayon,H&M,1649,4.8,All-Season,"Elevate your look with this stylish Maroon a-line high waist skirt by H&M. Designed in a comfortable Relaxed Fit using high-grade Rayon, perfect for casual or semi-formal outings."
PRD2305,Jack & Jones Women's White Regular Fit A-Line High Waist Skirt,skirts,A-Line High Waist Skirt,Women,White,M,Regular Fit,Denim,Jack & Jones,2049,3.6,Spring,"Crafted from premium Denim, this Jack & Jones White a-line high waist skirt offers exceptional comfort and durability for Spring wardrobe styling. Features a sleek Regular Fit design."
PRD2306,Allen Solly Women's Beige Slim Fit Tiered Boho Skirt,skirts,Tiered Boho Skirt,Women,Beige,M,Slim Fit,Rayon,Allen Solly,2749,4.3,Summer,"Crafted from premium Rayon, this Allen Solly Beige tiered boho skirt offers exceptional comfort and durability for Summer wardrobe styling. Features a sleek Slim Fit design."
PRD2307,Tommy Hilfiger Women's Beige Relaxed Fit Denim Mini Skirt,skirts,Denim Mini Skirt,Women,Beige,S,Relaxed Fit,Cotton,Tommy Hilfiger,2549,4.8,Summer,Stay fashion-forward with this versatile Beige denim mini skirt from Tommy Hilfiger. Includes a refined Relaxed Fit profile and high quality Cotton fabric.
PRD2308,Biba Women's Green Relaxed Fit Pleated Midi Skirt,skirts,Pleated Midi Skirt,Women,Green,XXL,Relaxed Fit,Cotton,Biba,3049,4.6,All-Season,Stay fashion-forward with this versatile Green pleated midi skirt from Biba. Includes a refined Relaxed Fit profile and high quality Cotton fabric.
PRD2309,Mango Women's Brown Regular Fit Pleated Midi Skirt,skirts,Pleated Midi Skirt,Women,Brown,XL,Regular Fit,Cotton,Mango,2949,4.4,Spring,Stay fashion-forward with this versatile Brown pleated midi skirt from Mango. Includes a refined Regular Fit profile and high quality Cotton fabric.
PRD2310,HRX Women's White Regular Fit Pleated Midi Skirt,skirts,Pleated Midi Skirt,Women,White,M,Regular Fit,Cotton,HRX,2399,4.1,All-Season,"Essential HRX Women's pleated midi skirt tailored with a modern Regular Fit. Made of soft, breathable Cotton in rich White. Ideal choice for All-Season."
PRD2311,Roadster Women's Red Regular Fit Denim Mini Skirt,skirts,Denim Mini Skirt,Women,Red,S,Regular Fit,Cotton,Roadster,2749,4.8,Spring,Stay fashion-forward with this versatile Red denim mini skirt from Roadster. Includes a refined Regular Fit profile and high quality Cotton fabric.
PRD2312,Puma Women's Green Relaxed Fit A-Line High Waist Skirt,skirts,A-Line High Waist Skirt,Women,Green,XL,Relaxed Fit,Rayon,Puma,1949,4.4,Spring,"Top-rated Puma a-line high waist skirt featuring premium Green Rayon. Tailored to a comfortable Relaxed Fit, ideal for everyday wear during Spring."
PRD2313,Zara Women's Yellow Regular Fit Denim Mini Skirt,skirts,Denim Mini Skirt,Women,Yellow,L,Regular Fit,Cotton,Zara,2349,4.6,Summer,"Essential Zara Women's denim mini skirt tailored with a modern Regular Fit. Made of soft, breathable Cotton in rich Yellow. Ideal choice for Summer."
PRD2314,FabIndia Women's Beige Relaxed Fit Tiered Boho Skirt,skirts,Tiered Boho Skirt,Women,Beige,L,Relaxed Fit,Rayon,FabIndia,1499,4.6,All-Season,"Elevate your look with this stylish Beige tiered boho skirt by FabIndia. Designed in a comfortable Relaxed Fit using high-grade Rayon, perfect for casual or semi-formal outings."
PRD2315,Roadster Women's Purple Regular Fit Tiered Boho Skirt,skirts,Tiered Boho Skirt,Women,Purple,M,Regular Fit,Silk,Roadster,999,4.8,All-Season,"Top-rated Roadster tiered boho skirt featuring premium Purple Silk. Tailored to a comfortable Regular Fit, ideal for everyday wear during All-Season."
PRD2316,US Polo Assn Women's Green Regular Fit Denim Mini Skirt,skirts,Denim Mini Skirt,Women,Green,XXL,Regular Fit,Rayon,US Polo Assn,1549,5.0,Spring,"Elevate your look with this stylish Green denim mini skirt by US Polo Assn. Designed in a comfortable Regular Fit using high-grade Rayon, perfect for casual or semi-formal outings."
PRD2317,Under Armour Women's Yellow Regular Fit Tiered Boho Skirt,skirts,Tiered Boho Skirt,Women,Yellow,M,Regular Fit,Rayon,Under Armour,3049,4.2,Spring,Stay fashion-forward with this versatile Yellow tiered boho skirt from Under Armour. Includes a refined Regular Fit profile and high quality Rayon fabric.
PRD2318,Biba Women's Navy Slim Fit Pleated Midi Skirt,skirts,Pleated Midi Skirt,Women,Navy,M,Slim Fit,Silk,Biba,1499,3.9,Summer,"Crafted from premium Silk, this Biba Navy pleated midi skirt offers exceptional comfort and durability for Summer wardrobe styling. Features a sleek Slim Fit design."
PRD2319,Allen Solly Women's Beige Relaxed Fit A-Line High Waist Skirt,skirts,A-Line High Waist Skirt,Women,Beige,XXL,Relaxed Fit,Cotton,Allen Solly,1799,4.6,All-Season,"Essential Allen Solly Women's a-line high waist skirt tailored with a modern Relaxed Fit. Made of soft, breathable Cotton in rich Beige. Ideal choice for All-Season."
PRD2320,Zara Women's Navy Relaxed Fit Pencil Office Skirt,skirts,Pencil Office Skirt,Women,Navy,XXL,Relaxed Fit,Cotton,Zara,3049,4.8,Spring,"Top-rated Zara pencil office skirt featuring premium Navy Cotton. Tailored to a comfortable Relaxed Fit, ideal for everyday wear during Spring."
PRD2321,H&M Women's Pink Relaxed Fit Pleated Midi Skirt,skirts,Pleated Midi Skirt,Women,Pink,L,Relaxed Fit,Denim,H&M,1599,4.5,Summer,"Elevate your look with this stylish Pink pleated midi skirt by H&M. Designed in a comfortable Relaxed Fit using high-grade Denim, perfect for casual or semi-formal outings."
PRD2322,Puma Women's Black Relaxed Fit Pencil Office Skirt,skirts,Pencil Office Skirt,Women,Black,L,Relaxed Fit,Silk,Puma,1249,4.6,All-Season,"Crafted from premium Silk, this Puma Black pencil office skirt offers exceptional comfort and durability for All-Season wardrobe styling. Features a sleek Relaxed Fit design."
PRD2323,Roadster Women's Black Slim Fit Tiered Boho Skirt,skirts,Tiered Boho Skirt,Women,Black,XXL,Slim Fit,Denim,Roadster,2849,4.2,Summer,"Top-rated Roadster tiered boho skirt featuring premium Black Denim. Tailored to a comfortable Slim Fit, ideal for everyday wear during Summer."
PRD2324,Zara Women's Red Regular Fit A-Line High Waist Skirt,skirts,A-Line High Waist Skirt,Women,Red,S,Regular Fit,Cotton,Zara,2799,3.8,Spring,"Top-rated Zara a-line high waist skirt featuring premium Red Cotton. Tailored to a comfortable Regular Fit, ideal for everyday wear during Spring."
PRD2325,Under Armour Women's Green Relaxed Fit Denim Mini Skirt,skirts,Denim Mini Skirt,Women,Green,XL,Relaxed Fit,Cotton,Under Armour,1349,4.6,All-Season,Stay fashion-forward with this versatile Green denim mini skirt from Under Armour. Includes a refined Relaxed Fit profile and high quality Cotton fabric.
PRD2326,Allen Solly Women's Black Regular Fit Tiered Boho Skirt,skirts,Tiered Boho Skirt,Women,Black,L,Regular Fit,Rayon,Allen Solly,2899,4.4,All-Season,"Essential Allen Solly Women's tiered boho skirt tailored with a modern Regular Fit. Made of soft, breathable Rayon in rich Black. Ideal choice for All-Season."
PRD2327,Manyavar Women's Olive Regular Fit Pencil Office Skirt,skirts,Pencil Office Skirt,Women,Olive,M,Regular Fit,Silk,Manyavar,2249,3.9,All-Season,"Top-rated Manyavar pencil office skirt featuring premium Olive Silk. Tailored to a comfortable Regular Fit, ideal for everyday wear during All-Season."
PRD2328,Manyavar Women's Blue Slim Fit A-Line High Waist Skirt,skirts,A-Line High Waist Skirt,Women,Blue,L,Slim Fit,Rayon,Manyavar,2949,4.2,Summer,"Elevate your look with this stylish Blue a-line high waist skirt by Manyavar. Designed in a comfortable Slim Fit using high-grade Rayon, perfect for casual or semi-formal outings."
PRD2329,FabIndia Women's Olive Regular Fit Pleated Midi Skirt,skirts,Pleated Midi Skirt,Women,Olive,L,Regular Fit,Cotton,FabIndia,1599,3.8,Spring,"Crafted from premium Cotton, this FabIndia Olive pleated midi skirt offers exceptional comfort and durability for Spring wardrobe styling. Features a sleek Regular Fit design."
PRD2330,Puma Women's Yellow Regular Fit Denim Mini Skirt,skirts,Denim Mini Skirt,Women,Yellow,XL,Regular Fit,Silk,Puma,1299,4.5,All-Season,"Top-rated Puma denim mini skirt featuring premium Yellow Silk. Tailored to a comfortable Regular Fit, ideal for everyday wear during All-Season."
PRD2331,Allen Solly Women's Navy Slim Fit Tiered Boho Skirt,skirts,Tiered Boho Skirt,Women,Navy,M,Slim Fit,Denim,Allen Solly,1499,4.4,Spring,"Elevate your look with this stylish Navy tiered boho skirt by Allen Solly. Designed in a comfortable Slim Fit using high-grade Denim, perfect for casual or semi-formal outings."
PRD2332,Tommy Hilfiger Women's Olive Relaxed Fit Tiered Boho Skirt,skirts,Tiered Boho Skirt,Women,Olive,L,Relaxed Fit,Rayon,Tommy Hilfiger,1799,4.9,All-Season,Stay fashion-forward with this versatile Olive tiered boho skirt from Tommy Hilfiger. Includes a refined Relaxed Fit profile and high quality Rayon fabric.
PRD2333,US Polo Assn Women's Green Regular Fit A-Line High Waist Skirt,skirts,A-Line High Waist Skirt,Women,Green,L,Regular Fit,Silk,US Polo Assn,2699,4.0,All-Season,"Top-rated US Polo Assn a-line high waist skirt featuring premium Green Silk. Tailored to a comfortable Regular Fit, ideal for everyday wear during All-Season."
PRD2334,Biba Women's Brown Regular Fit Pencil Office Skirt,skirts,Pencil Office Skirt,Women,Brown,L,Regular Fit,Cotton,Biba,1449,5.0,Spring,"Essential Biba Women's pencil office skirt tailored with a modern Regular Fit. Made of soft, breathable Cotton in rich Brown. Ideal choice for Spring."
PRD2335,Levi's Women's Olive Relaxed Fit Denim Mini Skirt,skirts,Denim Mini Skirt,Women,Olive,L,Relaxed Fit,Silk,Levi's,949,4.0,Spring,Stay fashion-forward with this versatile Olive denim mini skirt from Levi's. Includes a refined Relaxed Fit profile and high quality Silk fabric.
PRD2336,Tommy Hilfiger Women's Brown Slim Fit Tiered Boho Skirt,skirts,Tiered Boho Skirt,Women,Brown,S,Slim Fit,Rayon,Tommy Hilfiger,1199,3.9,Spring,"Essential Tommy Hilfiger Women's tiered boho skirt tailored with a modern Slim Fit. Made of soft, breathable Rayon in rich Brown. Ideal choice for Spring."
PRD2337,Mango Women's Black Relaxed Fit Tiered Boho Skirt,skirts,Tiered Boho Skirt,Women,Black,XL,Relaxed Fit,Rayon,Mango,1899,3.9,All-Season,"Top-rated Mango tiered boho skirt featuring premium Black Rayon. Tailored to a comfortable Relaxed Fit, ideal for everyday wear during All-Season."
PRD2338,Under Armour Women's Blue Slim Fit Pencil Office Skirt,skirts,Pencil Office Skirt,Women,Blue,XXL,Slim Fit,Silk,Under Armour,2399,4.2,Spring,"Essential Under Armour Women's pencil office skirt tailored with a modern Slim Fit. Made of soft, breathable Silk in rich Blue. Ideal choice for Spring."
PRD2339,Nike Women's Maroon Slim Fit Pencil Office Skirt,skirts,Pencil Office Skirt,Women,Maroon,XL,Slim Fit,Silk,Nike,1499,4.8,All-Season,"Top-rated Nike pencil office skirt featuring premium Maroon Silk. Tailored to a comfortable Slim Fit, ideal for everyday wear during All-Season."
PRD2340,US Polo Assn Women's Yellow Slim Fit Tiered Boho Skirt,skirts,Tiered Boho Skirt,Women,Yellow,L,Slim Fit,Rayon,US Polo Assn,1949,4.3,Summer,"Essential US Polo Assn Women's tiered boho skirt tailored with a modern Slim Fit. Made of soft, breathable Rayon in rich Yellow. Ideal choice for Summer."
PRD2341,Levi's Women's Purple Relaxed Fit Denim Mini Skirt,skirts,Denim Mini Skirt,Women,Purple,XL,Relaxed Fit,Silk,Levi's,1749,3.8,Spring,Stay fashion-forward with this versatile Purple denim mini skirt from Levi's. Includes a refined Relaxed Fit profile and high quality Silk fabric.
PRD2342,Puma Women's Navy Slim Fit Pencil Office Skirt,skirts,Pencil Office Skirt,Women,Navy,XXL,Slim Fit,Silk,Puma,949,3.7,Spring,Stay fashion-forward with this versatile Navy pencil office skirt from Puma. Includes a refined Slim Fit profile and high quality Silk fabric.
PRD2343,HRX Women's Brown Slim Fit Pencil Office Skirt,skirts,Pencil Office Skirt,Women,Brown,L,Slim Fit,Cotton,HRX,949,4.3,All-Season,"Crafted from premium Cotton, this HRX Brown pencil office skirt offers exceptional comfort and durability for All-Season wardrobe styling. Features a sleek Slim Fit design."
PRD2344,Manyavar Women's Green Relaxed Fit A-Line High Waist Skirt,skirts,A-Line High Waist Skirt,Women,Green,S,Relaxed Fit,Silk,Manyavar,1199,4.3,All-Season,"Top-rated Manyavar a-line high waist skirt featuring premium Green Silk. Tailored to a comfortable Relaxed Fit, ideal for everyday wear during All-Season."
PRD2345,Nike Women's Brown Relaxed Fit Tiered Boho Skirt,skirts,Tiered Boho Skirt,Women,Brown,XL,Relaxed Fit,Cotton,Nike,1649,4.6,All-Season,Stay fashion-forward with this versatile Brown tiered boho skirt from Nike. Includes a refined Relaxed Fit profile and high quality Cotton fabric.
PRD2346,Adidas Women's Maroon Slim Fit Pencil Office Skirt,skirts,Pencil Office Skirt,Women,Maroon,M,Slim Fit,Silk,Adidas,2249,4.2,Summer,Stay fashion-forward with this versatile Maroon pencil office skirt from Adidas. Includes a refined Slim Fit profile and high quality Silk fabric.
PRD2347,Levi's Women's Black Relaxed Fit Pencil Office Skirt,skirts,Pencil Office Skirt,Women,Black,S,Relaxed Fit,Rayon,Levi's,1799,4.0,Summer,"Elevate your look with this stylish Black pencil office skirt by Levi's. Designed in a comfortable Relaxed Fit using high-grade Rayon, perfect for casual or semi-formal outings."
PRD2348,Adidas Women's Yellow Regular Fit Denim Mini Skirt,skirts,Denim Mini Skirt,Women,Yellow,L,Regular Fit,Denim,Adidas,1499,3.8,All-Season,"Elevate your look with this stylish Yellow denim mini skirt by Adidas. Designed in a comfortable Regular Fit using high-grade Denim, perfect for casual or semi-formal outings."
PRD2349,Allen Solly Women's Blue Slim Fit A-Line High Waist Skirt,skirts,A-Line High Waist Skirt,Women,Blue,XXL,Slim Fit,Cotton,Allen Solly,2299,4.9,Summer,"Essential Allen Solly Women's a-line high waist skirt tailored with a modern Slim Fit. Made of soft, breathable Cotton in rich Blue. Ideal choice for Summer."
PRD2350,Tommy Hilfiger Women's Red Regular Fit Denim Mini Skirt,skirts,Denim Mini Skirt,Women,Red,L,Regular Fit,Denim,Tommy Hilfiger,1849,4.9,Spring,"Elevate your look with this stylish Red denim mini skirt by Tommy Hilfiger. Designed in a comfortable Regular Fit using high-grade Denim, perfect for casual or semi-formal outings."
PRD2351,W Women's Beige Slim Fit Pleated Midi Skirt,skirts,Pleated Midi Skirt,Women,Beige,XL,Slim Fit,Rayon,W,1749,4.1,Summer,Stay fashion-forward with this versatile Beige pleated midi skirt from W. Includes a refined Slim Fit profile and high quality Rayon fabric.
PRD2352,Jack & Jones Women's Red Regular Fit Pencil Office Skirt,skirts,Pencil Office Skirt,Women,Red,M,Regular Fit,Cotton,Jack & Jones,2949,4.9,Summer,"Top-rated Jack & Jones pencil office skirt featuring premium Red Cotton. Tailored to a comfortable Regular Fit, ideal for everyday wear during Summer."
PRD2353,Nike Women's Blue Regular Fit Denim Mini Skirt,skirts,Denim Mini Skirt,Women,Blue,L,Regular Fit,Silk,Nike,2549,3.8,All-Season,"Crafted from premium Silk, this Nike Blue denim mini skirt offers exceptional comfort and durability for All-Season wardrobe styling. Features a sleek Regular Fit design."
PRD2354,Manyavar Women's Green Relaxed Fit A-Line High Waist Skirt,skirts,A-Line High Waist Skirt,Women,Green,S,Relaxed Fit,Cotton,Manyavar,899,4.1,Spring,Stay fashion-forward with this versatile Green a-line high waist skirt from Manyavar. Includes a refined Relaxed Fit profile and high quality Cotton fabric.
PRD2355,Biba Women's Navy Regular Fit Pleated Midi Skirt,skirts,Pleated Midi Skirt,Women,Navy,L,Regular Fit,Cotton,Biba,1799,5.0,Spring,"Crafted from premium Cotton, this Biba Navy pleated midi skirt offers exceptional comfort and durability for Spring wardrobe styling. Features a sleek Regular Fit design."
PRD2356,Biba Women's Green Relaxed Fit Pencil Office Skirt,skirts,Pencil Office Skirt,Women,Green,M,Relaxed Fit,Silk,Biba,1899,3.8,Summer,"Crafted from premium Silk, this Biba Green pencil office skirt offers exceptional comfort and durability for Summer wardrobe styling. Features a sleek Relaxed Fit design."
PRD2357,Roadster Women's White Relaxed Fit Tiered Boho Skirt,skirts,Tiered Boho Skirt,Women,White,S,Relaxed Fit,Rayon,Roadster,1749,4.8,Summer,"Essential Roadster Women's tiered boho skirt tailored with a modern Relaxed Fit. Made of soft, breathable Rayon in rich White. Ideal choice for Summer."
PRD2358,W Women's Purple Slim Fit Tiered Boho Skirt,skirts,Tiered Boho Skirt,Women,Purple,M,Slim Fit,Rayon,W,2999,4.9,Summer,"Elevate your look with this stylish Purple tiered boho skirt by W. Designed in a comfortable Slim Fit using high-grade Rayon, perfect for casual or semi-formal outings."
PRD2359,W Women's Black Regular Fit Pleated Midi Skirt,skirts,Pleated Midi Skirt,Women,Black,XL,Regular Fit,Denim,W,2399,4.9,Spring,"Essential W Women's pleated midi skirt tailored with a modern Regular Fit. Made of soft, breathable Denim in rich Black. Ideal choice for Spring."
PRD2360,Tommy Hilfiger Women's Navy Slim Fit Pleated Midi Skirt,skirts,Pleated Midi Skirt,Women,Navy,M,Slim Fit,Rayon,Tommy Hilfiger,2549,3.6,Summer,Stay fashion-forward with this versatile Navy pleated midi skirt from Tommy Hilfiger. Includes a refined Slim Fit profile and high quality Rayon fabric.
PRD2361,Manyavar Women's Blue Slim Fit Denim Mini Skirt,skirts,Denim Mini Skirt,Women,Blue,S,Slim Fit,Silk,Manyavar,2599,5.0,Summer,"Crafted from premium Silk, this Manyavar Blue denim mini skirt offers exceptional comfort and durability for Summer wardrobe styling. Features a sleek Slim Fit design."
PRD2362,Mango Women's Purple Relaxed Fit Pencil Office Skirt,skirts,Pencil Office Skirt,Women,Purple,XXL,Relaxed Fit,Rayon,Mango,899,4.0,Summer,Stay fashion-forward with this versatile Purple pencil office skirt from Mango. Includes a refined Relaxed Fit profile and high quality Rayon fabric.
PRD2363,Adidas Women's Olive Relaxed Fit Denim Mini Skirt,skirts,Denim Mini Skirt,Women,Olive,S,Relaxed Fit,Silk,Adidas,2849,4.2,All-Season,"Top-rated Adidas denim mini skirt featuring premium Olive Silk. Tailored to a comfortable Relaxed Fit, ideal for everyday wear during All-Season."
PRD2364,Allen Solly Women's Yellow Slim Fit Denim Mini Skirt,skirts,Denim Mini Skirt,Women,Yellow,S,Slim Fit,Denim,Allen Solly,1249,4.6,Summer,"Essential Allen Solly Women's denim mini skirt tailored with a modern Slim Fit. Made of soft, breathable Denim in rich Yellow. Ideal choice for Summer."
PRD2365,Nike Women's Green Slim Fit Denim Mini Skirt,skirts,Denim Mini Skirt,Women,Green,XL,Slim Fit,Silk,Nike,2999,4.3,Spring,"Essential Nike Women's denim mini skirt tailored with a modern Slim Fit. Made of soft, breathable Silk in rich Green. Ideal choice for Spring."
PRD2366,Roadster Women's Navy Relaxed Fit A-Line High Waist Skirt,skirts,A-Line High Waist Skirt,Women,Navy,S,Relaxed Fit,Denim,Roadster,2449,4.4,All-Season,"Elevate your look with this stylish Navy a-line high waist skirt by Roadster. Designed in a comfortable Relaxed Fit using high-grade Denim, perfect for casual or semi-formal outings."
PRD2367,FabIndia Women's Olive Slim Fit Pleated Midi Skirt,skirts,Pleated Midi Skirt,Women,Olive,XL,Slim Fit,Denim,FabIndia,2199,3.5,Summer,Stay fashion-forward with this versatile Olive pleated midi skirt from FabIndia. Includes a refined Slim Fit profile and high quality Denim fabric.
PRD2368,Mango Women's Olive Relaxed Fit A-Line High Waist Skirt,skirts,A-Line High Waist Skirt,Women,Olive,M,Relaxed Fit,Rayon,Mango,2749,4.4,Spring,"Top-rated Mango a-line high waist skirt featuring premium Olive Rayon. Tailored to a comfortable Relaxed Fit, ideal for everyday wear during Spring."
PRD2369,Jack & Jones Women's Olive Relaxed Fit Pleated Midi Skirt,skirts,Pleated Midi Skirt,Women,Olive,M,Relaxed Fit,Silk,Jack & Jones,1899,4.0,Spring,Stay fashion-forward with this versatile Olive pleated midi skirt from Jack & Jones. Includes a refined Relaxed Fit profile and high quality Silk fabric.
PRD2370,Aurelia Women's Olive Regular Fit Pencil Office Skirt,skirts,Pencil Office Skirt,Women,Olive,L,Regular Fit,Silk,Aurelia,2599,4.5,Summer,"Top-rated Aurelia pencil office skirt featuring premium Olive Silk. Tailored to a comfortable Regular Fit, ideal for everyday wear during Summer."
PRD2371,Roadster Women's Beige Slim Fit Pleated Midi Skirt,skirts,Pleated Midi Skirt,Women,Beige,L,Slim Fit,Cotton,Roadster,1399,4.8,All-Season,"Essential Roadster Women's pleated midi skirt tailored with a modern Slim Fit. Made of soft, breathable Cotton in rich Beige. Ideal choice for All-Season."
PRD2372,Jack & Jones Women's Purple Relaxed Fit Pencil Office Skirt,skirts,Pencil Office Skirt,Women,Purple,XXL,Relaxed Fit,Denim,Jack & Jones,1649,3.7,Spring,"Elevate your look with this stylish Purple pencil office skirt by Jack & Jones. Designed in a comfortable Relaxed Fit using high-grade Denim, perfect for casual or semi-formal outings."
PRD2373,Levi's Women's Yellow Relaxed Fit Denim Mini Skirt,skirts,Denim Mini Skirt,Women,Yellow,XXL,Relaxed Fit,Denim,Levi's,2999,3.6,All-Season,"Top-rated Levi's denim mini skirt featuring premium Yellow Denim. Tailored to a comfortable Relaxed Fit, ideal for everyday wear during All-Season."
PRD2374,W Women's Maroon Relaxed Fit Tiered Boho Skirt,skirts,Tiered Boho Skirt,Women,Maroon,M,Relaxed Fit,Denim,W,1299,4.5,Spring,"Top-rated W tiered boho skirt featuring premium Maroon Denim. Tailored to a comfortable Relaxed Fit, ideal for everyday wear during Spring."
PRD2375,Puma Women's Purple Slim Fit Denim Mini Skirt,skirts,Denim Mini Skirt,Women,Purple,XL,Slim Fit,Silk,Puma,2099,4.1,Summer,"Top-rated Puma denim mini skirt featuring premium Purple Silk. Tailored to a comfortable Slim Fit, ideal for everyday wear during Summer."
PRD2376,HRX Women's Navy Slim Fit Pencil Office Skirt,skirts,Pencil Office Skirt,Women,Navy,S,Slim Fit,Silk,HRX,1899,4.6,Summer,"Essential HRX Women's pencil office skirt tailored with a modern Slim Fit. Made of soft, breathable Silk in rich Navy. Ideal choice for Summer."
PRD2377,Allen Solly Women's Black Regular Fit Tiered Boho Skirt,skirts,Tiered Boho Skirt,Women,Black,XL,Regular Fit,Denim,Allen Solly,1549,4.6,Summer,"Elevate your look with this stylish Black tiered boho skirt by Allen Solly. Designed in a comfortable Regular Fit using high-grade Denim, perfect for casual or semi-formal outings."
PRD2378,Biba Women's Grey Relaxed Fit Denim Mini Skirt,skirts,Denim Mini Skirt,Women,Grey,L,Relaxed Fit,Denim,Biba,1149,3.8,Summer,"Essential Biba Women's denim mini skirt tailored with a modern Relaxed Fit. Made of soft, breathable Denim in rich Grey. Ideal choice for Summer."
PRD2379,Roadster Women's Maroon Relaxed Fit Pencil Office Skirt,skirts,Pencil Office Skirt,Women,Maroon,XL,Relaxed Fit,Denim,Roadster,1449,4.5,Summer,"Essential Roadster Women's pencil office skirt tailored with a modern Relaxed Fit. Made of soft, breathable Denim in rich Maroon. Ideal choice for Summer."
PRD2380,Levi's Women's Yellow Slim Fit Pleated Midi Skirt,skirts,Pleated Midi Skirt,Women,Yellow,XL,Slim Fit,Rayon,Levi's,2099,4.7,Summer,"Top-rated Levi's pleated midi skirt featuring premium Yellow Rayon. Tailored to a comfortable Slim Fit, ideal for everyday wear during Summer."
PRD2381,Jack & Jones Women's Brown Relaxed Fit Denim Mini Skirt,skirts,Denim Mini Skirt,Women,Brown,S,Relaxed Fit,Silk,Jack & Jones,2449,4.8,Spring,"Essential Jack & Jones Women's denim mini skirt tailored with a modern Relaxed Fit. Made of soft, breathable Silk in rich Brown. Ideal choice for Spring."
PRD2382,Nike Women's Pink Slim Fit Pencil Office Skirt,skirts,Pencil Office Skirt,Women,Pink,M,Slim Fit,Rayon,Nike,2999,3.7,Spring,"Top-rated Nike pencil office skirt featuring premium Pink Rayon. Tailored to a comfortable Slim Fit, ideal for everyday wear during Spring."
PRD2383,W Women's Purple Relaxed Fit Denim Mini Skirt,skirts,Denim Mini Skirt,Women,Purple,S,Relaxed Fit,Rayon,W,1299,4.8,Spring,"Essential W Women's denim mini skirt tailored with a modern Relaxed Fit. Made of soft, breathable Rayon in rich Purple. Ideal choice for Spring."
PRD2384,Adidas Women's Grey Relaxed Fit A-Line High Waist Skirt,skirts,A-Line High Waist Skirt,Women,Grey,S,Relaxed Fit,Silk,Adidas,949,3.7,Spring,Stay fashion-forward with this versatile Grey a-line high waist skirt from Adidas. Includes a refined Relaxed Fit profile and high quality Silk fabric.
PRD2385,Puma Women's Red Relaxed Fit Tiered Boho Skirt,skirts,Tiered Boho Skirt,Women,Red,L,Relaxed Fit,Rayon,Puma,1299,5.0,All-Season,Stay fashion-forward with this versatile Red tiered boho skirt from Puma. Includes a refined Relaxed Fit profile and high quality Rayon fabric.
PRD2386,Aurelia Women's Pink Relaxed Fit Tiered Boho Skirt,skirts,Tiered Boho Skirt,Women,Pink,XXL,Relaxed Fit,Rayon,Aurelia,1299,4.4,Summer,"Crafted from premium Rayon, this Aurelia Pink tiered boho skirt offers exceptional comfort and durability for Summer wardrobe styling. Features a sleek Relaxed Fit design."
PRD2387,Under Armour Men's Brown Slim Fit Classic Denim Jacket,jackets,Classic Denim Jacket,Men,Brown,XXL,Slim Fit,Polyester,Under Armour,3799,4.7,All-Season,"Crafted from premium Polyester, this Under Armour Brown classic denim jacket offers exceptional comfort and durability for All-Season wardrobe styling. Features a sleek Slim Fit design."
PRD2388,W Women's Pink Oversized Tailored Blazer,jackets,Tailored Blazer,Women,Pink,XL,Oversized,Denim,W,4799,4.9,Autumn,"Elevate your look with this stylish Pink tailored blazer by W. Designed in a comfortable Oversized using high-grade Denim, perfect for casual or semi-formal outings."
PRD2389,Under Armour Men's Olive Regular Fit Biker Leather Jacket,jackets,Biker Leather Jacket,Men,Olive,XL,Regular Fit,Denim,Under Armour,5349,3.5,Autumn,Stay fashion-forward with this versatile Olive biker leather jacket from Under Armour. Includes a refined Regular Fit profile and high quality Denim fabric.
PRD2390,Adidas Unisex's Navy Regular Fit Puffer Winter Jacket,jackets,Puffer Winter Jacket,Unisex,Navy,XL,Regular Fit,Leather,Adidas,5299,3.6,Autumn,Stay fashion-forward with this versatile Navy puffer winter jacket from Adidas. Includes a refined Regular Fit profile and high quality Leather fabric.
PRD2391,Adidas Men's Yellow Oversized Biker Leather Jacket,jackets,Biker Leather Jacket,Men,Yellow,XL,Oversized,Polyester,Adidas,5149,4.0,All-Season,"Elevate your look with this stylish Yellow biker leather jacket by Adidas. Designed in a comfortable Oversized using high-grade Polyester, perfect for casual or semi-formal outings."
PRD2392,Mango Women's Navy Oversized Classic Denim Jacket,jackets,Classic Denim Jacket,Women,Navy,L,Oversized,Leather,Mango,2499,4.9,Autumn,"Crafted from premium Leather, this Mango Navy classic denim jacket offers exceptional comfort and durability for Autumn wardrobe styling. Features a sleek Oversized design."
PRD2393,Biba Unisex's Beige Oversized Puffer Winter Jacket,jackets,Puffer Winter Jacket,Unisex,Beige,M,Oversized,Leather,Biba,3149,4.8,Autumn,Stay fashion-forward with this versatile Beige puffer winter jacket from Biba. Includes a refined Oversized profile and high quality Leather fabric.
PRD2394,W Women's Navy Slim Fit Puffer Winter Jacket,jackets,Puffer Winter Jacket,Women,Navy,S,Slim Fit,Leather,W,2549,3.8,Autumn,"Essential W Women's puffer winter jacket tailored with a modern Slim Fit. Made of soft, breathable Leather in rich Navy. Ideal choice for Autumn."
PRD2395,Manyavar Women's Brown Oversized Windbreaker Jacket,jackets,Windbreaker Jacket,Women,Brown,XXL,Oversized,Leather,Manyavar,4899,3.6,Autumn,"Crafted from premium Leather, this Manyavar Brown windbreaker jacket offers exceptional comfort and durability for Autumn wardrobe styling. Features a sleek Oversized design."
PRD2396,H&M Unisex's Grey Regular Fit Windbreaker Jacket,jackets,Windbreaker Jacket,Unisex,Grey,L,Regular Fit,Leather,H&M,4249,4.0,All-Season,"Elevate your look with this stylish Grey windbreaker jacket by H&M. Designed in a comfortable Regular Fit using high-grade Leather, perfect for casual or semi-formal outings."
PRD2397,Biba Unisex's Purple Regular Fit Classic Denim Jacket,jackets,Classic Denim Jacket,Unisex,Purple,M,Regular Fit,Denim,Biba,3899,4.7,Autumn,"Elevate your look with this stylish Purple classic denim jacket by Biba. Designed in a comfortable Regular Fit using high-grade Denim, perfect for casual or semi-formal outings."
PRD2398,Aurelia Unisex's Green Slim Fit Biker Leather Jacket,jackets,Biker Leather Jacket,Unisex,Green,M,Slim Fit,Wool,Aurelia,3099,4.8,Winter,Stay fashion-forward with this versatile Green biker leather jacket from Aurelia. Includes a refined Slim Fit profile and high quality Wool fabric.
PRD2399,Allen Solly Men's Green Slim Fit Biker Leather Jacket,jackets,Biker Leather Jacket,Men,Green,XL,Slim Fit,Denim,Allen Solly,5499,4.2,All-Season,"Top-rated Allen Solly biker leather jacket featuring premium Green Denim. Tailored to a comfortable Slim Fit, ideal for everyday wear during All-Season."
PRD2400,Aurelia Men's Grey Slim Fit Windbreaker Jacket,jackets,Windbreaker Jacket,Men,Grey,XXL,Slim Fit,Wool,Aurelia,5699,4.9,All-Season,Stay fashion-forward with this versatile Grey windbreaker jacket from Aurelia. Includes a refined Slim Fit profile and high quality Wool fabric.
PRD2401,Adidas Women's Grey Regular Fit Puffer Winter Jacket,jackets,Puffer Winter Jacket,Women,Grey,L,Regular Fit,Polyester,Adidas,4299,4.0,Winter,"Elevate your look with this stylish Grey puffer winter jacket by Adidas. Designed in a comfortable Regular Fit using high-grade Polyester, perfect for casual or semi-formal outings."
PRD2402,Tommy Hilfiger Unisex's Pink Slim Fit Biker Leather Jacket,jackets,Biker Leather Jacket,Unisex,Pink,XL,Slim Fit,Denim,Tommy Hilfiger,4249,4.0,All-Season,"Top-rated Tommy Hilfiger biker leather jacket featuring premium Pink Denim. Tailored to a comfortable Slim Fit, ideal for everyday wear during All-Season."
PRD2403,Puma Unisex's Maroon Oversized Puffer Winter Jacket,jackets,Puffer Winter Jacket,Unisex,Maroon,L,Oversized,Leather,Puma,4449,4.8,Autumn,Stay fashion-forward with this versatile Maroon puffer winter jacket from Puma. Includes a refined Oversized profile and high quality Leather fabric.
PRD2404,Jack & Jones Unisex's Grey Slim Fit Tailored Blazer,jackets,Tailored Blazer,Unisex,Grey,XXL,Slim Fit,Leather,Jack & Jones,3899,4.3,Winter,"Crafted from premium Leather, this Jack & Jones Grey tailored blazer offers exceptional comfort and durability for Winter wardrobe styling. Features a sleek Slim Fit design."
PRD2405,W Unisex's White Slim Fit Tailored Blazer,jackets,Tailored Blazer,Unisex,White,L,Slim Fit,Polyester,W,4399,3.9,Winter,"Crafted from premium Polyester, this W White tailored blazer offers exceptional comfort and durability for Winter wardrobe styling. Features a sleek Slim Fit design."
PRD2406,Mango Unisex's Brown Slim Fit Tailored Blazer,jackets,Tailored Blazer,Unisex,Brown,XL,Slim Fit,Wool,Mango,3349,4.3,Winter,"Essential Mango Unisex's tailored blazer tailored with a modern Slim Fit. Made of soft, breathable Wool in rich Brown. Ideal choice for Winter."
PRD2407,Tommy Hilfiger Unisex's Brown Oversized Biker Leather Jacket,jackets,Biker Leather Jacket,Unisex,Brown,XXL,Oversized,Wool,Tommy Hilfiger,4849,4.4,Winter,"Crafted from premium Wool, this Tommy Hilfiger Brown biker leather jacket offers exceptional comfort and durability for Winter wardrobe styling. Features a sleek Oversized design."
PRD2408,Zara Unisex's Blue Slim Fit Puffer Winter Jacket,jackets,Puffer Winter Jacket,Unisex,Blue,XL,Slim Fit,Denim,Zara,5049,3.7,All-Season,"Elevate your look with this stylish Blue puffer winter jacket by Zara. Designed in a comfortable Slim Fit using high-grade Denim, perfect for casual or semi-formal outings."
PRD2409,Puma Men's Purple Slim Fit Windbreaker Jacket,jackets,Windbreaker Jacket,Men,Purple,XL,Slim Fit,Denim,Puma,5049,3.7,All-Season,"Crafted from premium Denim, this Puma Purple windbreaker jacket offers exceptional comfort and durability for All-Season wardrobe styling. Features a sleek Slim Fit design."
PRD2410,Nike Unisex's Maroon Oversized Tailored Blazer,jackets,Tailored Blazer,Unisex,Maroon,XL,Oversized,Wool,Nike,4949,4.2,Autumn,"Essential Nike Unisex's tailored blazer tailored with a modern Oversized. Made of soft, breathable Wool in rich Maroon. Ideal choice for Autumn."
PRD2411,FabIndia Women's Navy Slim Fit Classic Denim Jacket,jackets,Classic Denim Jacket,Women,Navy,XL,Slim Fit,Wool,FabIndia,2449,3.8,Autumn,Stay fashion-forward with this versatile Navy classic denim jacket from FabIndia. Includes a refined Slim Fit profile and high quality Wool fabric.
PRD2412,Allen Solly Women's Olive Oversized Biker Leather Jacket,jackets,Biker Leather Jacket,Women,Olive,XL,Oversized,Denim,Allen Solly,5149,3.6,Autumn,"Essential Allen Solly Women's biker leather jacket tailored with a modern Oversized. Made of soft, breathable Denim in rich Olive. Ideal choice for Autumn."
PRD2413,Levi's Men's Yellow Slim Fit Windbreaker Jacket,jackets,Windbreaker Jacket,Men,Yellow,M,Slim Fit,Polyester,Levi's,2099,4.9,Winter,"Top-rated Levi's windbreaker jacket featuring premium Yellow Polyester. Tailored to a comfortable Slim Fit, ideal for everyday wear during Winter."
PRD2414,Levi's Women's Grey Regular Fit Classic Denim Jacket,jackets,Classic Denim Jacket,Women,Grey,XXL,Regular Fit,Denim,Levi's,3599,4.8,All-Season,"Elevate your look with this stylish Grey classic denim jacket by Levi's. Designed in a comfortable Regular Fit using high-grade Denim, perfect for casual or semi-formal outings."
PRD2415,Allen Solly Women's White Oversized Windbreaker Jacket,jackets,Windbreaker Jacket,Women,White,S,Oversized,Leather,Allen Solly,5649,4.5,Autumn,"Elevate your look with this stylish White windbreaker jacket by Allen Solly. Designed in a comfortable Oversized using high-grade Leather, perfect for casual or semi-formal outings."
PRD2416,W Men's Beige Oversized Windbreaker Jacket,jackets,Windbreaker Jacket,Men,Beige,M,Oversized,Leather,W,5399,4.7,All-Season,"Crafted from premium Leather, this W Beige windbreaker jacket offers exceptional comfort and durability for All-Season wardrobe styling. Features a sleek Oversized design."
PRD2417,Zara Men's Brown Regular Fit Windbreaker Jacket,jackets,Windbreaker Jacket,Men,Brown,L,Regular Fit,Polyester,Zara,4849,3.8,Winter,"Top-rated Zara windbreaker jacket featuring premium Brown Polyester. Tailored to a comfortable Regular Fit, ideal for everyday wear during Winter."
PRD2418,FabIndia Women's Red Oversized Classic Denim Jacket,jackets,Classic Denim Jacket,Women,Red,L,Oversized,Leather,FabIndia,5899,4.2,All-Season,"Top-rated FabIndia classic denim jacket featuring premium Red Leather. Tailored to a comfortable Oversized, ideal for everyday wear during All-Season."
PRD2419,Biba Men's Olive Oversized Tailored Blazer,jackets,Tailored Blazer,Men,Olive,M,Oversized,Denim,Biba,3549,3.7,Autumn,Stay fashion-forward with this versatile Olive tailored blazer from Biba. Includes a refined Oversized profile and high quality Denim fabric.
PRD2420,Allen Solly Men's Navy Slim Fit Tailored Blazer,jackets,Tailored Blazer,Men,Navy,XXL,Slim Fit,Wool,Allen Solly,2499,4.8,All-Season,"Crafted from premium Wool, this Allen Solly Navy tailored blazer offers exceptional comfort and durability for All-Season wardrobe styling. Features a sleek Slim Fit design."
PRD2421,Tommy Hilfiger Unisex's Pink Oversized Windbreaker Jacket,jackets,Windbreaker Jacket,Unisex,Pink,M,Oversized,Wool,Tommy Hilfiger,3249,4.0,All-Season,Stay fashion-forward with this versatile Pink windbreaker jacket from Tommy Hilfiger. Includes a refined Oversized profile and high quality Wool fabric.
PRD2422,Allen Solly Unisex's Grey Regular Fit Puffer Winter Jacket,jackets,Puffer Winter Jacket,Unisex,Grey,S,Regular Fit,Wool,Allen Solly,4099,3.5,Autumn,"Crafted from premium Wool, this Allen Solly Grey puffer winter jacket offers exceptional comfort and durability for Autumn wardrobe styling. Features a sleek Regular Fit design."
PRD2423,Tommy Hilfiger Women's Pink Regular Fit Windbreaker Jacket,jackets,Windbreaker Jacket,Women,Pink,L,Regular Fit,Polyester,Tommy Hilfiger,5249,4.5,Autumn,"Crafted from premium Polyester, this Tommy Hilfiger Pink windbreaker jacket offers exceptional comfort and durability for Autumn wardrobe styling. Features a sleek Regular Fit design."
PRD2424,Manyavar Men's Blue Regular Fit Classic Denim Jacket,jackets,Classic Denim Jacket,Men,Blue,L,Regular Fit,Leather,Manyavar,5099,3.6,All-Season,"Crafted from premium Leather, this Manyavar Blue classic denim jacket offers exceptional comfort and durability for All-Season wardrobe styling. Features a sleek Regular Fit design."
PRD2425,Zara Women's Red Regular Fit Puffer Winter Jacket,jackets,Puffer Winter Jacket,Women,Red,XL,Regular Fit,Denim,Zara,5099,4.3,All-Season,"Elevate your look with this stylish Red puffer winter jacket by Zara. Designed in a comfortable Regular Fit using high-grade Denim, perfect for casual or semi-formal outings."
PRD2426,Manyavar Unisex's Maroon Slim Fit Puffer Winter Jacket,jackets,Puffer Winter Jacket,Unisex,Maroon,XL,Slim Fit,Leather,Manyavar,5949,3.8,Winter,"Elevate your look with this stylish Maroon puffer winter jacket by Manyavar. Designed in a comfortable Slim Fit using high-grade Leather, perfect for casual or semi-formal outings."
PRD2427,Tommy Hilfiger Unisex's Red Regular Fit Classic Denim Jacket,jackets,Classic Denim Jacket,Unisex,Red,XXL,Regular Fit,Leather,Tommy Hilfiger,2149,3.6,All-Season,Stay fashion-forward with this versatile Red classic denim jacket from Tommy Hilfiger. Includes a refined Regular Fit profile and high quality Leather fabric.
PRD2428,Allen Solly Women's Black Slim Fit Classic Denim Jacket,jackets,Classic Denim Jacket,Women,Black,XL,Slim Fit,Polyester,Allen Solly,5449,3.8,Winter,Stay fashion-forward with this versatile Black classic denim jacket from Allen Solly. Includes a refined Slim Fit profile and high quality Polyester fabric.
PRD2429,Zara Men's Pink Slim Fit Biker Leather Jacket,jackets,Biker Leather Jacket,Men,Pink,XXL,Slim Fit,Polyester,Zara,4999,4.8,Autumn,"Essential Zara Men's biker leather jacket tailored with a modern Slim Fit. Made of soft, breathable Polyester in rich Pink. Ideal choice for Autumn."
PRD2430,Allen Solly Women's Maroon Slim Fit Puffer Winter Jacket,jackets,Puffer Winter Jacket,Women,Maroon,XL,Slim Fit,Wool,Allen Solly,3199,4.8,Autumn,"Elevate your look with this stylish Maroon puffer winter jacket by Allen Solly. Designed in a comfortable Slim Fit using high-grade Wool, perfect for casual or semi-formal outings."
PRD2431,Mango Unisex's Black Oversized Puffer Winter Jacket,jackets,Puffer Winter Jacket,Unisex,Black,XL,Oversized,Wool,Mango,2599,4.5,Winter,"Elevate your look with this stylish Black puffer winter jacket by Mango. Designed in a comfortable Oversized using high-grade Wool, perfect for casual or semi-formal outings."
PRD2432,H&M Men's White Regular Fit Classic Denim Jacket,jackets,Classic Denim Jacket,Men,White,XXL,Regular Fit,Denim,H&M,3399,3.8,Winter,"Essential H&M Men's classic denim jacket tailored with a modern Regular Fit. Made of soft, breathable Denim in rich White. Ideal choice for Winter."
PRD2433,Biba Unisex's Green Regular Fit Puffer Winter Jacket,jackets,Puffer Winter Jacket,Unisex,Green,S,Regular Fit,Polyester,Biba,3699,4.7,Winter,"Elevate your look with this stylish Green puffer winter jacket by Biba. Designed in a comfortable Regular Fit using high-grade Polyester, perfect for casual or semi-formal outings."
PRD2434,H&M Women's Red Slim Fit Windbreaker Jacket,jackets,Windbreaker Jacket,Women,Red,XL,Slim Fit,Denim,H&M,2499,3.7,Autumn,"Crafted from premium Denim, this H&M Red windbreaker jacket offers exceptional comfort and durability for Autumn wardrobe styling. Features a sleek Slim Fit design."
PRD2435,Biba Men's Brown Oversized Biker Leather Jacket,jackets,Biker Leather Jacket,Men,Brown,XL,Oversized,Denim,Biba,4599,4.1,Winter,"Elevate your look with this stylish Brown biker leather jacket by Biba. Designed in a comfortable Oversized using high-grade Denim, perfect for casual or semi-formal outings."
PRD2436,Jack & Jones Men's Olive Oversized Windbreaker Jacket,jackets,Windbreaker Jacket,Men,Olive,L,Oversized,Leather,Jack & Jones,2249,4.4,Winter,"Elevate your look with this stylish Olive windbreaker jacket by Jack & Jones. Designed in a comfortable Oversized using high-grade Leather, perfect for casual or semi-formal outings."
PRD2437,Tommy Hilfiger Men's Navy Regular Fit Puffer Winter Jacket,jackets,Puffer Winter Jacket,Men,Navy,S,Regular Fit,Leather,Tommy Hilfiger,3699,4.1,All-Season,"Essential Tommy Hilfiger Men's puffer winter jacket tailored with a modern Regular Fit. Made of soft, breathable Leather in rich Navy. Ideal choice for All-Season."
PRD2438,Manyavar Men's White Oversized Classic Denim Jacket,jackets,Classic Denim Jacket,Men,White,XL,Oversized,Leather,Manyavar,2199,4.8,Autumn,"Crafted from premium Leather, this Manyavar White classic denim jacket offers exceptional comfort and durability for Autumn wardrobe styling. Features a sleek Oversized design."
PRD2439,Puma Unisex's Green Oversized Windbreaker Jacket,jackets,Windbreaker Jacket,Unisex,Green,XXL,Oversized,Leather,Puma,5999,4.0,Winter,"Crafted from premium Leather, this Puma Green windbreaker jacket offers exceptional comfort and durability for Winter wardrobe styling. Features a sleek Oversized design."
PRD2440,H&M Unisex's Yellow Slim Fit Tailored Blazer,jackets,Tailored Blazer,Unisex,Yellow,L,Slim Fit,Leather,H&M,3599,3.6,All-Season,"Crafted from premium Leather, this H&M Yellow tailored blazer offers exceptional comfort and durability for All-Season wardrobe styling. Features a sleek Slim Fit design."
PRD2441,Puma Women's Black Oversized Classic Denim Jacket,jackets,Classic Denim Jacket,Women,Black,XXL,Oversized,Denim,Puma,2549,4.8,Autumn,"Crafted from premium Denim, this Puma Black classic denim jacket offers exceptional comfort and durability for Autumn wardrobe styling. Features a sleek Oversized design."
PRD2442,Under Armour Men's Black Oversized Windbreaker Jacket,jackets,Windbreaker Jacket,Men,Black,XL,Oversized,Wool,Under Armour,3249,4.5,All-Season,Stay fashion-forward with this versatile Black windbreaker jacket from Under Armour. Includes a refined Oversized profile and high quality Wool fabric.
PRD2443,Jack & Jones Unisex's Beige Oversized Biker Leather Jacket,jackets,Biker Leather Jacket,Unisex,Beige,XL,Oversized,Polyester,Jack & Jones,4049,4.9,Autumn,"Elevate your look with this stylish Beige biker leather jacket by Jack & Jones. Designed in a comfortable Oversized using high-grade Polyester, perfect for casual or semi-formal outings."
PRD2444,Jack & Jones Women's Red Slim Fit Windbreaker Jacket,jackets,Windbreaker Jacket,Women,Red,M,Slim Fit,Polyester,Jack & Jones,5999,5.0,All-Season,"Essential Jack & Jones Women's windbreaker jacket tailored with a modern Slim Fit. Made of soft, breathable Polyester in rich Red. Ideal choice for All-Season."
PRD2445,FabIndia Unisex's Black Regular Fit Puffer Winter Jacket,jackets,Puffer Winter Jacket,Unisex,Black,S,Regular Fit,Polyester,FabIndia,3949,4.1,Winter,"Top-rated FabIndia puffer winter jacket featuring premium Black Polyester. Tailored to a comfortable Regular Fit, ideal for everyday wear during Winter."
PRD2446,Puma Men's Purple Oversized Tailored Blazer,jackets,Tailored Blazer,Men,Purple,XL,Oversized,Polyester,Puma,3799,4.8,Winter,Stay fashion-forward with this versatile Purple tailored blazer from Puma. Includes a refined Oversized profile and high quality Polyester fabric.
PRD2447,Jack & Jones Women's Beige Regular Fit Tailored Blazer,jackets,Tailored Blazer,Women,Beige,XL,Regular Fit,Polyester,Jack & Jones,2599,4.6,Autumn,"Elevate your look with this stylish Beige tailored blazer by Jack & Jones. Designed in a comfortable Regular Fit using high-grade Polyester, perfect for casual or semi-formal outings."
PRD2448,Puma Unisex's Red Oversized Biker Leather Jacket,jackets,Biker Leather Jacket,Unisex,Red,XXL,Oversized,Leather,Puma,3549,4.9,All-Season,"Top-rated Puma biker leather jacket featuring premium Red Leather. Tailored to a comfortable Oversized, ideal for everyday wear during All-Season."
PRD2449,HRX Unisex's Green Slim Fit Puffer Winter Jacket,jackets,Puffer Winter Jacket,Unisex,Green,XL,Slim Fit,Wool,HRX,2499,4.3,Winter,Stay fashion-forward with this versatile Green puffer winter jacket from HRX. Includes a refined Slim Fit profile and high quality Wool fabric.
PRD2450,US Polo Assn Women's Black Slim Fit Windbreaker Jacket,jackets,Windbreaker Jacket,Women,Black,XXL,Slim Fit,Leather,US Polo Assn,5699,3.7,Autumn,Stay fashion-forward with this versatile Black windbreaker jacket from US Polo Assn. Includes a refined Slim Fit profile and high quality Leather fabric.
PRD2451,Manyavar Men's Beige Slim Fit Tailored Blazer,jackets,Tailored Blazer,Men,Beige,XXL,Slim Fit,Leather,Manyavar,4799,3.8,Autumn,"Top-rated Manyavar tailored blazer featuring premium Beige Leather. Tailored to a comfortable Slim Fit, ideal for everyday wear during Autumn."
PRD2452,Roadster Unisex's Brown Slim Fit Tailored Blazer,jackets,Tailored Blazer,Unisex,Brown,L,Slim Fit,Leather,Roadster,3999,3.9,Autumn,"Elevate your look with this stylish Brown tailored blazer by Roadster. Designed in a comfortable Slim Fit using high-grade Leather, perfect for casual or semi-formal outings."
PRD2453,Mango Unisex's Brown Oversized Puffer Winter Jacket,jackets,Puffer Winter Jacket,Unisex,Brown,S,Oversized,Denim,Mango,5299,3.6,All-Season,"Crafted from premium Denim, this Mango Brown puffer winter jacket offers exceptional comfort and durability for All-Season wardrobe styling. Features a sleek Oversized design."
PRD2454,Levi's Women's Purple Slim Fit Classic Denim Jacket,jackets,Classic Denim Jacket,Women,Purple,M,Slim Fit,Polyester,Levi's,5099,3.7,Autumn,"Elevate your look with this stylish Purple classic denim jacket by Levi's. Designed in a comfortable Slim Fit using high-grade Polyester, perfect for casual or semi-formal outings."
PRD2455,US Polo Assn Women's Pink Regular Fit Classic Denim Jacket,jackets,Classic Denim Jacket,Women,Pink,L,Regular Fit,Wool,US Polo Assn,4949,3.8,Autumn,"Essential US Polo Assn Women's classic denim jacket tailored with a modern Regular Fit. Made of soft, breathable Wool in rich Pink. Ideal choice for Autumn."
PRD2456,Nike Men's White Slim Fit Windbreaker Jacket,jackets,Windbreaker Jacket,Men,White,XXL,Slim Fit,Wool,Nike,5799,4.4,Winter,"Elevate your look with this stylish White windbreaker jacket by Nike. Designed in a comfortable Slim Fit using high-grade Wool, perfect for casual or semi-formal outings."
PRD2457,Aurelia Unisex's Beige Oversized Windbreaker Jacket,jackets,Windbreaker Jacket,Unisex,Beige,M,Oversized,Polyester,Aurelia,6049,3.7,All-Season,"Elevate your look with this stylish Beige windbreaker jacket by Aurelia. Designed in a comfortable Oversized using high-grade Polyester, perfect for casual or semi-formal outings."
PRD2458,Jack & Jones Men's White Regular Fit Classic Denim Jacket,jackets,Classic Denim Jacket,Men,White,XL,Regular Fit,Wool,Jack & Jones,2749,4.7,Autumn,"Top-rated Jack & Jones classic denim jacket featuring premium White Wool. Tailored to a comfortable Regular Fit, ideal for everyday wear during Autumn."
PRD2459,W Unisex's Pink Slim Fit Tailored Blazer,jackets,Tailored Blazer,Unisex,Pink,XL,Slim Fit,Wool,W,5949,4.5,Winter,"Essential W Unisex's tailored blazer tailored with a modern Slim Fit. Made of soft, breathable Wool in rich Pink. Ideal choice for Winter."
PRD2460,Tommy Hilfiger Women's Blue Slim Fit Classic Denim Jacket,jackets,Classic Denim Jacket,Women,Blue,L,Slim Fit,Leather,Tommy Hilfiger,4849,4.1,All-Season,"Elevate your look with this stylish Blue classic denim jacket by Tommy Hilfiger. Designed in a comfortable Slim Fit using high-grade Leather, perfect for casual or semi-formal outings."
PRD2461,Nike Unisex's Navy Regular Fit Biker Leather Jacket,jackets,Biker Leather Jacket,Unisex,Navy,XXL,Regular Fit,Denim,Nike,5349,4.2,Autumn,"Top-rated Nike biker leather jacket featuring premium Navy Denim. Tailored to a comfortable Regular Fit, ideal for everyday wear during Autumn."
PRD2462,Under Armour Men's Navy Regular Fit Tailored Blazer,jackets,Tailored Blazer,Men,Navy,L,Regular Fit,Leather,Under Armour,4199,4.9,All-Season,"Crafted from premium Leather, this Under Armour Navy tailored blazer offers exceptional comfort and durability for All-Season wardrobe styling. Features a sleek Regular Fit design."
PRD2463,Mango Men's Black Oversized Puffer Winter Jacket,jackets,Puffer Winter Jacket,Men,Black,L,Oversized,Leather,Mango,3149,4.2,All-Season,Stay fashion-forward with this versatile Black puffer winter jacket from Mango. Includes a refined Oversized profile and high quality Leather fabric.
PRD2464,Tommy Hilfiger Women's Maroon Oversized Classic Denim Jacket,jackets,Classic Denim Jacket,Women,Maroon,S,Oversized,Wool,Tommy Hilfiger,3449,4.3,All-Season,"Elevate your look with this stylish Maroon classic denim jacket by Tommy Hilfiger. Designed in a comfortable Oversized using high-grade Wool, perfect for casual or semi-formal outings."
PRD2465,Levi's Men's Green Regular Fit Windbreaker Jacket,jackets,Windbreaker Jacket,Men,Green,XL,Regular Fit,Leather,Levi's,3649,3.6,Autumn,"Essential Levi's Men's windbreaker jacket tailored with a modern Regular Fit. Made of soft, breathable Leather in rich Green. Ideal choice for Autumn."
PRD2466,Biba Women's Brown Oversized Puffer Winter Jacket,jackets,Puffer Winter Jacket,Women,Brown,L,Oversized,Wool,Biba,2599,4.9,Autumn,"Essential Biba Women's puffer winter jacket tailored with a modern Oversized. Made of soft, breathable Wool in rich Brown. Ideal choice for Autumn."
PRD2467,Aurelia Women's Green Regular Fit Biker Leather Jacket,jackets,Biker Leather Jacket,Women,Green,S,Regular Fit,Denim,Aurelia,5349,4.5,Autumn,"Essential Aurelia Women's biker leather jacket tailored with a modern Regular Fit. Made of soft, breathable Denim in rich Green. Ideal choice for Autumn."
PRD2468,Manyavar Men's Brown Slim Fit Classic Denim Jacket,jackets,Classic Denim Jacket,Men,Brown,S,Slim Fit,Denim,Manyavar,2799,4.1,Winter,"Elevate your look with this stylish Brown classic denim jacket by Manyavar. Designed in a comfortable Slim Fit using high-grade Denim, perfect for casual or semi-formal outings."
PRD2469,Under Armour Men's Purple Slim Fit Biker Leather Jacket,jackets,Biker Leather Jacket,Men,Purple,S,Slim Fit,Denim,Under Armour,5099,4.7,All-Season,"Top-rated Under Armour biker leather jacket featuring premium Purple Denim. Tailored to a comfortable Slim Fit, ideal for everyday wear during All-Season."
PRD2470,H&M Unisex's Olive Regular Fit Biker Leather Jacket,jackets,Biker Leather Jacket,Unisex,Olive,S,Regular Fit,Polyester,H&M,4599,3.7,All-Season,"Elevate your look with this stylish Olive biker leather jacket by H&M. Designed in a comfortable Regular Fit using high-grade Polyester, perfect for casual or semi-formal outings."
PRD2471,Allen Solly Men's Blue Oversized Classic Denim Jacket,jackets,Classic Denim Jacket,Men,Blue,XL,Oversized,Denim,Allen Solly,5299,4.5,Winter,"Elevate your look with this stylish Blue classic denim jacket by Allen Solly. Designed in a comfortable Oversized using high-grade Denim, perfect for casual or semi-formal outings."
PRD2472,Zara Women's Navy Oversized Classic Denim Jacket,jackets,Classic Denim Jacket,Women,Navy,M,Oversized,Leather,Zara,4949,5.0,Autumn,"Top-rated Zara classic denim jacket featuring premium Navy Leather. Tailored to a comfortable Oversized, ideal for everyday wear during Autumn."
PRD2473,FabIndia Women's Maroon Oversized Tailored Blazer,jackets,Tailored Blazer,Women,Maroon,M,Oversized,Denim,FabIndia,4149,3.5,Autumn,"Elevate your look with this stylish Maroon tailored blazer by FabIndia. Designed in a comfortable Oversized using high-grade Denim, perfect for casual or semi-formal outings."
PRD2474,Allen Solly Men's Yellow Oversized Puffer Winter Jacket,jackets,Puffer Winter Jacket,Men,Yellow,S,Oversized,Leather,Allen Solly,4949,4.6,All-Season,"Elevate your look with this stylish Yellow puffer winter jacket by Allen Solly. Designed in a comfortable Oversized using high-grade Leather, perfect for casual or semi-formal outings."
PRD2475,FabIndia Men's White Regular Fit Puffer Winter Jacket,jackets,Puffer Winter Jacket,Men,White,XL,Regular Fit,Polyester,FabIndia,4149,4.5,All-Season,"Elevate your look with this stylish White puffer winter jacket by FabIndia. Designed in a comfortable Regular Fit using high-grade Polyester, perfect for casual or semi-formal outings."
PRD2476,HRX Women's Maroon Slim Fit Puffer Winter Jacket,jackets,Puffer Winter Jacket,Women,Maroon,L,Slim Fit,Denim,HRX,3249,4.6,All-Season,"Crafted from premium Denim, this HRX Maroon puffer winter jacket offers exceptional comfort and durability for All-Season wardrobe styling. Features a sleek Slim Fit design."
PRD2477,Zara Women's Navy Oversized Classic Denim Jacket,jackets,Classic Denim Jacket,Women,Navy,XL,Oversized,Denim,Zara,2399,4.5,All-Season,Stay fashion-forward with this versatile Navy classic denim jacket from Zara. Includes a refined Oversized profile and high quality Denim fabric.
PRD2478,Levi's Women's Pink Regular Fit Classic Denim Jacket,jackets,Classic Denim Jacket,Women,Pink,L,Regular Fit,Denim,Levi's,5049,4.8,All-Season,Stay fashion-forward with this versatile Pink classic denim jacket from Levi's. Includes a refined Regular Fit profile and high quality Denim fabric.
PRD2479,W Women's Beige Regular Fit Tailored Blazer,jackets,Tailored Blazer,Women,Beige,XXL,Regular Fit,Wool,W,5149,3.8,Autumn,"Top-rated W tailored blazer featuring premium Beige Wool. Tailored to a comfortable Regular Fit, ideal for everyday wear during Autumn."
PRD2480,FabIndia Unisex's Navy Regular Fit Classic Denim Jacket,jackets,Classic Denim Jacket,Unisex,Navy,L,Regular Fit,Wool,FabIndia,5849,4.7,Autumn,Stay fashion-forward with this versatile Navy classic denim jacket from FabIndia. Includes a refined Regular Fit profile and high quality Wool fabric.
PRD2481,Jack & Jones Women's White Slim Fit Tailored Blazer,jackets,Tailored Blazer,Women,White,S,Slim Fit,Wool,Jack & Jones,5649,3.7,Autumn,"Essential Jack & Jones Women's tailored blazer tailored with a modern Slim Fit. Made of soft, breathable Wool in rich White. Ideal choice for Autumn."
PRD2482,Biba Women's Navy Slim Fit Biker Leather Jacket,jackets,Biker Leather Jacket,Women,Navy,M,Slim Fit,Wool,Biba,2699,4.4,All-Season,"Elevate your look with this stylish Navy biker leather jacket by Biba. Designed in a comfortable Slim Fit using high-grade Wool, perfect for casual or semi-formal outings."
PRD2483,Allen Solly Men's Grey Regular Fit Classic Denim Jacket,jackets,Classic Denim Jacket,Men,Grey,L,Regular Fit,Leather,Allen Solly,2899,3.5,Autumn,Stay fashion-forward with this versatile Grey classic denim jacket from Allen Solly. Includes a refined Regular Fit profile and high quality Leather fabric.
PRD2484,FabIndia Unisex's Green Slim Fit Puffer Winter Jacket,jackets,Puffer Winter Jacket,Unisex,Green,XXL,Slim Fit,Leather,FabIndia,5049,4.2,Autumn,Stay fashion-forward with this versatile Green puffer winter jacket from FabIndia. Includes a refined Slim Fit profile and high quality Leather fabric.
PRD2485,FabIndia Unisex's Black Regular Fit Tailored Blazer,jackets,Tailored Blazer,Unisex,Black,L,Regular Fit,Denim,FabIndia,4949,4.2,Winter,"Essential FabIndia Unisex's tailored blazer tailored with a modern Regular Fit. Made of soft, breathable Denim in rich Black. Ideal choice for Winter."
PRD2486,Roadster Unisex's Beige Slim Fit Biker Leather Jacket,jackets,Biker Leather Jacket,Unisex,Beige,S,Slim Fit,Wool,Roadster,5999,4.0,Autumn,"Elevate your look with this stylish Beige biker leather jacket by Roadster. Designed in a comfortable Slim Fit using high-grade Wool, perfect for casual or semi-formal outings."
PRD2487,Tommy Hilfiger Unisex's Pink Regular Fit Puffer Winter Jacket,jackets,Puffer Winter Jacket,Unisex,Pink,M,Regular Fit,Denim,Tommy Hilfiger,4249,3.9,All-Season,"Essential Tommy Hilfiger Unisex's puffer winter jacket tailored with a modern Regular Fit. Made of soft, breathable Denim in rich Pink. Ideal choice for All-Season."
PRD2488,Roadster Unisex's Beige Slim Fit Puffer Winter Jacket,jackets,Puffer Winter Jacket,Unisex,Beige,L,Slim Fit,Denim,Roadster,3799,3.9,Autumn,"Essential Roadster Unisex's puffer winter jacket tailored with a modern Slim Fit. Made of soft, breathable Denim in rich Beige. Ideal choice for Autumn."
PRD2489,Puma Unisex's Beige Regular Fit Puffer Winter Jacket,jackets,Puffer Winter Jacket,Unisex,Beige,L,Regular Fit,Polyester,Puma,4949,3.8,All-Season,"Elevate your look with this stylish Beige puffer winter jacket by Puma. Designed in a comfortable Regular Fit using high-grade Polyester, perfect for casual or semi-formal outings."
PRD2490,Tommy Hilfiger Men's Maroon Oversized Windbreaker Jacket,jackets,Windbreaker Jacket,Men,Maroon,XL,Oversized,Leather,Tommy Hilfiger,4399,4.2,Winter,"Crafted from premium Leather, this Tommy Hilfiger Maroon windbreaker jacket offers exceptional comfort and durability for Winter wardrobe styling. Features a sleek Oversized design."
PRD2491,Tommy Hilfiger Men's Grey Slim Fit Windbreaker Jacket,jackets,Windbreaker Jacket,Men,Grey,XXL,Slim Fit,Polyester,Tommy Hilfiger,4099,4.2,Winter,"Essential Tommy Hilfiger Men's windbreaker jacket tailored with a modern Slim Fit. Made of soft, breathable Polyester in rich Grey. Ideal choice for Winter."
PRD2492,H&M Women's Brown Slim Fit Tailored Blazer,jackets,Tailored Blazer,Women,Brown,M,Slim Fit,Polyester,H&M,3549,4.8,All-Season,"Crafted from premium Polyester, this H&M Brown tailored blazer offers exceptional comfort and durability for All-Season wardrobe styling. Features a sleek Slim Fit design."
PRD2493,Mango Men's Olive Slim Fit Biker Leather Jacket,jackets,Biker Leather Jacket,Men,Olive,XXL,Slim Fit,Polyester,Mango,4049,4.3,Autumn,"Essential Mango Men's biker leather jacket tailored with a modern Slim Fit. Made of soft, breathable Polyester in rich Olive. Ideal choice for Autumn."
PRD2494,Tommy Hilfiger Women's Pink Oversized Tailored Blazer,jackets,Tailored Blazer,Women,Pink,M,Oversized,Leather,Tommy Hilfiger,5999,4.9,All-Season,"Top-rated Tommy Hilfiger tailored blazer featuring premium Pink Leather. Tailored to a comfortable Oversized, ideal for everyday wear during All-Season."
PRD2495,Nike Unisex's Black Oversized Puffer Winter Jacket,jackets,Puffer Winter Jacket,Unisex,Black,XXL,Oversized,Leather,Nike,3249,3.9,All-Season,Stay fashion-forward with this versatile Black puffer winter jacket from Nike. Includes a refined Oversized profile and high quality Leather fabric.
PRD2496,HRX Women's Green Slim Fit Classic Denim Jacket,jackets,Classic Denim Jacket,Women,Green,S,Slim Fit,Leather,HRX,2199,4.5,Autumn,Stay fashion-forward with this versatile Green classic denim jacket from HRX. Includes a refined Slim Fit profile and high quality Leather fabric.
PRD2497,H&M Women's Brown Slim Fit Puffer Winter Jacket,jackets,Puffer Winter Jacket,Women,Brown,XL,Slim Fit,Wool,H&M,4349,3.7,All-Season,Stay fashion-forward with this versatile Brown puffer winter jacket from H&M. Includes a refined Slim Fit profile and high quality Wool fabric.
PRD2498,Tommy Hilfiger Women's Beige Regular Fit Classic Denim Jacket,jackets,Classic Denim Jacket,Women,Beige,XXL,Regular Fit,Leather,Tommy Hilfiger,3949,3.9,All-Season,"Top-rated Tommy Hilfiger classic denim jacket featuring premium Beige Leather. Tailored to a comfortable Regular Fit, ideal for everyday wear during All-Season."
PRD2499,Roadster Men's Blue Slim Fit Puffer Winter Jacket,jackets,Puffer Winter Jacket,Men,Blue,XL,Slim Fit,Polyester,Roadster,3599,3.7,All-Season,Stay fashion-forward with this versatile Blue puffer winter jacket from Roadster. Includes a refined Slim Fit profile and high quality Polyester fabric.
PRD2500,Aurelia Unisex's Grey Oversized Classic Denim Jacket,jackets,Classic Denim Jacket,Unisex,Grey,M,Oversized,Polyester,Aurelia,3399,4.4,Autumn,"Crafted from premium Polyester, this Aurelia Grey classic denim jacket offers exceptional comfort and durability for Autumn wardrobe styling. Features a sleek Oversized design."
PRD2501,US Polo Assn Unisex's Brown Oversized Puffer Winter Jacket,jackets,Puffer Winter Jacket,Unisex,Brown,S,Oversized,Denim,US Polo Assn,5049,4.6,All-Season,"Elevate your look with this stylish Brown puffer winter jacket by US Polo Assn. Designed in a comfortable Oversized using high-grade Denim, perfect for casual or semi-formal outings."
PRD2502,Mango Men's White Slim Fit Classic Denim Jacket,jackets,Classic Denim Jacket,Men,White,M,Slim Fit,Denim,Mango,5899,4.6,All-Season,"Crafted from premium Denim, this Mango White classic denim jacket offers exceptional comfort and durability for All-Season wardrobe styling. Features a sleek Slim Fit design."
PRD2503,W Women's Blue Regular Fit Puffer Winter Jacket,jackets,Puffer Winter Jacket,Women,Blue,XL,Regular Fit,Polyester,W,3699,4.3,Winter,"Top-rated W puffer winter jacket featuring premium Blue Polyester. Tailored to a comfortable Regular Fit, ideal for everyday wear during Winter."
PRD2504,HRX Unisex's White Oversized Tailored Blazer,jackets,Tailored Blazer,Unisex,White,XL,Oversized,Denim,HRX,2749,3.7,Winter,"Essential HRX Unisex's tailored blazer tailored with a modern Oversized. Made of soft, breathable Denim in rich White. Ideal choice for Winter."
PRD2505,Puma Men's Olive Oversized Biker Leather Jacket,jackets,Biker Leather Jacket,Men,Olive,M,Oversized,Denim,Puma,4049,3.6,Winter,"Elevate your look with this stylish Olive biker leather jacket by Puma. Designed in a comfortable Oversized using high-grade Denim, perfect for casual or semi-formal outings."
PRD2506,Puma Men's Yellow Regular Fit Biker Leather Jacket,jackets,Biker Leather Jacket,Men,Yellow,XL,Regular Fit,Polyester,Puma,2149,4.3,Autumn,"Essential Puma Men's biker leather jacket tailored with a modern Regular Fit. Made of soft, breathable Polyester in rich Yellow. Ideal choice for Autumn."
PRD2507,Mango Unisex's Maroon Oversized Classic Denim Jacket,jackets,Classic Denim Jacket,Unisex,Maroon,S,Oversized,Wool,Mango,2249,3.8,All-Season,"Crafted from premium Wool, this Mango Maroon classic denim jacket offers exceptional comfort and durability for All-Season wardrobe styling. Features a sleek Oversized design."
PRD2508,Allen Solly Unisex's Beige Slim Fit Biker Leather Jacket,jackets,Biker Leather Jacket,Unisex,Beige,S,Slim Fit,Polyester,Allen Solly,4449,4.8,All-Season,"Top-rated Allen Solly biker leather jacket featuring premium Beige Polyester. Tailored to a comfortable Slim Fit, ideal for everyday wear during All-Season."
PRD2509,FabIndia Men's White Oversized Tailored Blazer,jackets,Tailored Blazer,Men,White,XXL,Oversized,Denim,FabIndia,3249,3.9,All-Season,"Essential FabIndia Men's tailored blazer tailored with a modern Oversized. Made of soft, breathable Denim in rich White. Ideal choice for All-Season."
PRD2510,Manyavar Men's Purple Slim Fit Tailored Blazer,jackets,Tailored Blazer,Men,Purple,M,Slim Fit,Polyester,Manyavar,3399,4.8,Autumn,Stay fashion-forward with this versatile Purple tailored blazer from Manyavar. Includes a refined Slim Fit profile and high quality Polyester fabric.
PRD2511,Nike Women's Black Regular Fit Puffer Winter Jacket,jackets,Puffer Winter Jacket,Women,Black,M,Regular Fit,Wool,Nike,2549,3.6,Winter,"Crafted from premium Wool, this Nike Black puffer winter jacket offers exceptional comfort and durability for Winter wardrobe styling. Features a sleek Regular Fit design."
PRD2512,Allen Solly Unisex's Maroon Oversized Biker Leather Jacket,jackets,Biker Leather Jacket,Unisex,Maroon,M,Oversized,Polyester,Allen Solly,5699,4.4,All-Season,"Essential Allen Solly Unisex's biker leather jacket tailored with a modern Oversized. Made of soft, breathable Polyester in rich Maroon. Ideal choice for All-Season."
PRD2513,W Men's Olive Oversized Tailored Blazer,jackets,Tailored Blazer,Men,Olive,L,Oversized,Leather,W,2949,4.3,All-Season,"Essential W Men's tailored blazer tailored with a modern Oversized. Made of soft, breathable Leather in rich Olive. Ideal choice for All-Season."
PRD2514,Levi's Men's Purple Regular Fit Biker Leather Jacket,jackets,Biker Leather Jacket,Men,Purple,XL,Regular Fit,Leather,Levi's,4999,4.0,Autumn,Stay fashion-forward with this versatile Purple biker leather jacket from Levi's. Includes a refined Regular Fit profile and high quality Leather fabric.
PRD2515,FabIndia Women's Yellow Oversized Tailored Blazer,jackets,Tailored Blazer,Women,Yellow,M,Oversized,Polyester,FabIndia,2399,4.4,All-Season,"Crafted from premium Polyester, this FabIndia Yellow tailored blazer offers exceptional comfort and durability for All-Season wardrobe styling. Features a sleek Oversized design."
PRD2516,Levi's Men's Purple Slim Fit Windbreaker Jacket,jackets,Windbreaker Jacket,Men,Purple,L,Slim Fit,Polyester,Levi's,3899,4.1,Winter,"Top-rated Levi's windbreaker jacket featuring premium Purple Polyester. Tailored to a comfortable Slim Fit, ideal for everyday wear during Winter."
PRD2517,FabIndia Men's Navy Slim Fit Classic Denim Jacket,jackets,Classic Denim Jacket,Men,Navy,L,Slim Fit,Leather,FabIndia,2399,3.9,Autumn,"Crafted from premium Leather, this FabIndia Navy classic denim jacket offers exceptional comfort and durability for Autumn wardrobe styling. Features a sleek Slim Fit design."
PRD2518,US Polo Assn Men's Green Slim Fit Classic Denim Jacket,jackets,Classic Denim Jacket,Men,Green,M,Slim Fit,Polyester,US Polo Assn,2549,4.9,Autumn,"Crafted from premium Polyester, this US Polo Assn Green classic denim jacket offers exceptional comfort and durability for Autumn wardrobe styling. Features a sleek Slim Fit design."
PRD2519,Mango Men's Blue Slim Fit Biker Leather Jacket,jackets,Biker Leather Jacket,Men,Blue,XXL,Slim Fit,Leather,Mango,4899,4.3,Autumn,"Essential Mango Men's biker leather jacket tailored with a modern Slim Fit. Made of soft, breathable Leather in rich Blue. Ideal choice for Autumn."
PRD2520,Levi's Women's Blue Oversized Windbreaker Jacket,jackets,Windbreaker Jacket,Women,Blue,S,Oversized,Leather,Levi's,3699,4.5,Winter,"Crafted from premium Leather, this Levi's Blue windbreaker jacket offers exceptional comfort and durability for Winter wardrobe styling. Features a sleek Oversized design."
PRD2521,Zara Women's Purple Regular Fit Tailored Blazer,jackets,Tailored Blazer,Women,Purple,S,Regular Fit,Wool,Zara,4449,4.8,Winter,"Crafted from premium Wool, this Zara Purple tailored blazer offers exceptional comfort and durability for Winter wardrobe styling. Features a sleek Regular Fit design."
PRD2522,Adidas Unisex's Beige Slim Fit Puffer Winter Jacket,jackets,Puffer Winter Jacket,Unisex,Beige,L,Slim Fit,Polyester,Adidas,5999,4.8,Winter,"Elevate your look with this stylish Beige puffer winter jacket by Adidas. Designed in a comfortable Slim Fit using high-grade Polyester, perfect for casual or semi-formal outings."
PRD2523,Jack & Jones Unisex's Black Oversized Classic Denim Jacket,jackets,Classic Denim Jacket,Unisex,Black,XL,Oversized,Wool,Jack & Jones,5299,3.8,All-Season,"Crafted from premium Wool, this Jack & Jones Black classic denim jacket offers exceptional comfort and durability for All-Season wardrobe styling. Features a sleek Oversized design."
PRD2524,US Polo Assn Men's Pink Regular Fit Puffer Winter Jacket,jackets,Puffer Winter Jacket,Men,Pink,XXL,Regular Fit,Wool,US Polo Assn,2749,4.1,Autumn,"Essential US Polo Assn Men's puffer winter jacket tailored with a modern Regular Fit. Made of soft, breathable Wool in rich Pink. Ideal choice for Autumn."
PRD2525,Aurelia Men's Navy Oversized Windbreaker Jacket,jackets,Windbreaker Jacket,Men,Navy,M,Oversized,Polyester,Aurelia,4449,4.1,Autumn,Stay fashion-forward with this versatile Navy windbreaker jacket from Aurelia. Includes a refined Oversized profile and high quality Polyester fabric.
PRD2526,W Men's Purple Oversized Puffer Winter Jacket,jackets,Puffer Winter Jacket,Men,Purple,XXL,Oversized,Wool,W,3749,4.0,All-Season,Stay fashion-forward with this versatile Purple puffer winter jacket from W. Includes a refined Oversized profile and high quality Wool fabric.
PRD2527,H&M Women's White Regular Fit Windbreaker Jacket,jackets,Windbreaker Jacket,Women,White,XL,Regular Fit,Polyester,H&M,3899,4.6,All-Season,"Elevate your look with this stylish White windbreaker jacket by H&M. Designed in a comfortable Regular Fit using high-grade Polyester, perfect for casual or semi-formal outings."
PRD2528,Zara Unisex's Purple Oversized Puffer Winter Jacket,jackets,Puffer Winter Jacket,Unisex,Purple,L,Oversized,Leather,Zara,4299,4.4,All-Season,"Elevate your look with this stylish Purple puffer winter jacket by Zara. Designed in a comfortable Oversized using high-grade Leather, perfect for casual or semi-formal outings."
PRD2529,Under Armour Men's Purple Oversized Biker Leather Jacket,jackets,Biker Leather Jacket,Men,Purple,XL,Oversized,Wool,Under Armour,5699,3.7,Winter,"Top-rated Under Armour biker leather jacket featuring premium Purple Wool. Tailored to a comfortable Oversized, ideal for everyday wear during Winter."
PRD2530,Aurelia Unisex's Blue Oversized Classic Denim Jacket,jackets,Classic Denim Jacket,Unisex,Blue,XXL,Oversized,Denim,Aurelia,4799,4.9,Autumn,"Elevate your look with this stylish Blue classic denim jacket by Aurelia. Designed in a comfortable Oversized using high-grade Denim, perfect for casual or semi-formal outings."
PRD2531,Tommy Hilfiger Men's Navy Oversized Tailored Blazer,jackets,Tailored Blazer,Men,Navy,XL,Oversized,Polyester,Tommy Hilfiger,4199,4.5,All-Season,Stay fashion-forward with this versatile Navy tailored blazer from Tommy Hilfiger. Includes a refined Oversized profile and high quality Polyester fabric.
PRD2532,Puma Women's Maroon Regular Fit Windbreaker Jacket,jackets,Windbreaker Jacket,Women,Maroon,XL,Regular Fit,Denim,Puma,2699,4.8,Winter,"Elevate your look with this stylish Maroon windbreaker jacket by Puma. Designed in a comfortable Regular Fit using high-grade Denim, perfect for casual or semi-formal outings."
PRD2533,Levi's Men's Beige Slim Fit Windbreaker Jacket,jackets,Windbreaker Jacket,Men,Beige,L,Slim Fit,Denim,Levi's,3049,4.6,All-Season,"Essential Levi's Men's windbreaker jacket tailored with a modern Slim Fit. Made of soft, breathable Denim in rich Beige. Ideal choice for All-Season."
PRD2534,Allen Solly Unisex's Blue Slim Fit Windbreaker Jacket,jackets,Windbreaker Jacket,Unisex,Blue,S,Slim Fit,Denim,Allen Solly,3299,3.7,Winter,"Elevate your look with this stylish Blue windbreaker jacket by Allen Solly. Designed in a comfortable Slim Fit using high-grade Denim, perfect for casual or semi-formal outings."
PRD2535,H&M Women's Beige Slim Fit Classic Denim Jacket,jackets,Classic Denim Jacket,Women,Beige,XL,Slim Fit,Wool,H&M,2099,4.5,Autumn,"Essential H&M Women's classic denim jacket tailored with a modern Slim Fit. Made of soft, breathable Wool in rich Beige. Ideal choice for Autumn."
PRD2536,Tommy Hilfiger Women's Red Regular Fit Tailored Blazer,jackets,Tailored Blazer,Women,Red,XXL,Regular Fit,Wool,Tommy Hilfiger,5849,4.2,All-Season,"Top-rated Tommy Hilfiger tailored blazer featuring premium Red Wool. Tailored to a comfortable Regular Fit, ideal for everyday wear during All-Season."
PRD2537,Under Armour Unisex's Beige Slim Fit Classic Denim Jacket,jackets,Classic Denim Jacket,Unisex,Beige,L,Slim Fit,Wool,Under Armour,2199,3.9,Autumn,Stay fashion-forward with this versatile Beige classic denim jacket from Under Armour. Includes a refined Slim Fit profile and high quality Wool fabric.
PRD2538,Biba Men's Grey Oversized Windbreaker Jacket,jackets,Windbreaker Jacket,Men,Grey,XL,Oversized,Polyester,Biba,2199,4.1,All-Season,Stay fashion-forward with this versatile Grey windbreaker jacket from Biba. Includes a refined Oversized profile and high quality Polyester fabric.
PRD2539,H&M Women's Yellow Slim Fit Tailored Blazer,jackets,Tailored Blazer,Women,Yellow,S,Slim Fit,Denim,H&M,3949,4.1,Winter,"Essential H&M Women's tailored blazer tailored with a modern Slim Fit. Made of soft, breathable Denim in rich Yellow. Ideal choice for Winter."
PRD2540,Puma Women's Black Regular Fit Windbreaker Jacket,jackets,Windbreaker Jacket,Women,Black,XL,Regular Fit,Polyester,Puma,2949,4.4,All-Season,"Crafted from premium Polyester, this Puma Black windbreaker jacket offers exceptional comfort and durability for All-Season wardrobe styling. Features a sleek Regular Fit design."
PRD2541,Levi's Unisex's Purple Oversized Biker Leather Jacket,jackets,Biker Leather Jacket,Unisex,Purple,XL,Oversized,Denim,Levi's,2349,4.3,All-Season,Stay fashion-forward with this versatile Purple biker leather jacket from Levi's. Includes a refined Oversized profile and high quality Denim fabric.
PRD2542,Adidas Women's Brown Oversized Windbreaker Jacket,jackets,Windbreaker Jacket,Women,Brown,XXL,Oversized,Denim,Adidas,2549,4.5,Autumn,Stay fashion-forward with this versatile Brown windbreaker jacket from Adidas. Includes a refined Oversized profile and high quality Denim fabric.
PRD2543,FabIndia Women's Purple Slim Fit Tailored Blazer,jackets,Tailored Blazer,Women,Purple,XXL,Slim Fit,Denim,FabIndia,3449,4.1,Autumn,"Elevate your look with this stylish Purple tailored blazer by FabIndia. Designed in a comfortable Slim Fit using high-grade Denim, perfect for casual or semi-formal outings."
PRD2544,H&M Women's Beige Slim Fit Biker Leather Jacket,jackets,Biker Leather Jacket,Women,Beige,M,Slim Fit,Denim,H&M,5249,4.1,Autumn,"Essential H&M Women's biker leather jacket tailored with a modern Slim Fit. Made of soft, breathable Denim in rich Beige. Ideal choice for Autumn."
PRD2545,FabIndia Women's Purple Oversized Biker Leather Jacket,jackets,Biker Leather Jacket,Women,Purple,XL,Oversized,Wool,FabIndia,5399,4.6,Winter,"Crafted from premium Wool, this FabIndia Purple biker leather jacket offers exceptional comfort and durability for Winter wardrobe styling. Features a sleek Oversized design."
PRD2546,Nike Men's White Oversized Biker Leather Jacket,jackets,Biker Leather Jacket,Men,White,XL,Oversized,Denim,Nike,3599,4.7,Autumn,Stay fashion-forward with this versatile White biker leather jacket from Nike. Includes a refined Oversized profile and high quality Denim fabric.
PRD2547,Levi's Unisex's Navy Oversized Windbreaker Jacket,jackets,Windbreaker Jacket,Unisex,Navy,XL,Oversized,Denim,Levi's,2199,3.9,Autumn,"Top-rated Levi's windbreaker jacket featuring premium Navy Denim. Tailored to a comfortable Oversized, ideal for everyday wear during Autumn."
PRD2548,HRX Men's Blue Regular Fit Classic Denim Jacket,jackets,Classic Denim Jacket,Men,Blue,XL,Regular Fit,Polyester,HRX,4149,4.9,Autumn,"Elevate your look with this stylish Blue classic denim jacket by HRX. Designed in a comfortable Regular Fit using high-grade Polyester, perfect for casual or semi-formal outings."
PRD2549,Nike Men's Blue Oversized Classic Denim Jacket,jackets,Classic Denim Jacket,Men,Blue,M,Oversized,Leather,Nike,3899,4.5,All-Season,"Top-rated Nike classic denim jacket featuring premium Blue Leather. Tailored to a comfortable Oversized, ideal for everyday wear during All-Season."
PRD2550,W Women's Beige Slim Fit Windbreaker Jacket,jackets,Windbreaker Jacket,Women,Beige,XL,Slim Fit,Leather,W,2549,4.3,All-Season,"Elevate your look with this stylish Beige windbreaker jacket by W. Designed in a comfortable Slim Fit using high-grade Leather, perfect for casual or semi-formal outings."
PRD2551,Allen Solly Women's White Oversized Biker Leather Jacket,jackets,Biker Leather Jacket,Women,White,L,Oversized,Wool,Allen Solly,2299,4.3,Winter,"Crafted from premium Wool, this Allen Solly White biker leather jacket offers exceptional comfort and durability for Winter wardrobe styling. Features a sleek Oversized design."
PRD2552,Nike Unisex's Green Oversized Windbreaker Jacket,jackets,Windbreaker Jacket,Unisex,Green,M,Oversized,Denim,Nike,3399,4.9,Autumn,Stay fashion-forward with this versatile Green windbreaker jacket from Nike. Includes a refined Oversized profile and high quality Denim fabric.
PRD2553,Allen Solly Unisex's Beige Regular Fit Biker Leather Jacket,jackets,Biker Leather Jacket,Unisex,Beige,S,Regular Fit,Wool,Allen Solly,2799,4.1,Winter,"Top-rated Allen Solly biker leather jacket featuring premium Beige Wool. Tailored to a comfortable Regular Fit, ideal for everyday wear during Winter."
PRD2554,H&M Unisex's White Oversized Biker Leather Jacket,jackets,Biker Leather Jacket,Unisex,White,XL,Oversized,Leather,H&M,4199,5.0,Winter,"Crafted from premium Leather, this H&M White biker leather jacket offers exceptional comfort and durability for Winter wardrobe styling. Features a sleek Oversized design."
PRD2555,Under Armour Men's Olive Regular Fit Biker Leather Jacket,jackets,Biker Leather Jacket,Men,Olive,L,Regular Fit,Polyester,Under Armour,3749,3.6,Winter,Stay fashion-forward with this versatile Olive biker leather jacket from Under Armour. Includes a refined Regular Fit profile and high quality Polyester fabric.
PRD2556,Zara Women's Black Slim Fit Puffer Winter Jacket,jackets,Puffer Winter Jacket,Women,Black,XL,Slim Fit,Polyester,Zara,4549,4.8,Autumn,"Elevate your look with this stylish Black puffer winter jacket by Zara. Designed in a comfortable Slim Fit using high-grade Polyester, perfect for casual or semi-formal outings."
PRD2557,Roadster Unisex's Brown Oversized Tailored Blazer,jackets,Tailored Blazer,Unisex,Brown,M,Oversized,Wool,Roadster,3049,4.4,All-Season,"Essential Roadster Unisex's tailored blazer tailored with a modern Oversized. Made of soft, breathable Wool in rich Brown. Ideal choice for All-Season."
PRD2558,Mango Women's Pink Slim Fit Classic Denim Jacket,jackets,Classic Denim Jacket,Women,Pink,XXL,Slim Fit,Wool,Mango,2399,4.6,Winter,"Elevate your look with this stylish Pink classic denim jacket by Mango. Designed in a comfortable Slim Fit using high-grade Wool, perfect for casual or semi-formal outings."
PRD2559,Zara Women's Grey Regular Fit Puffer Winter Jacket,jackets,Puffer Winter Jacket,Women,Grey,L,Regular Fit,Wool,Zara,3299,4.8,All-Season,"Top-rated Zara puffer winter jacket featuring premium Grey Wool. Tailored to a comfortable Regular Fit, ideal for everyday wear during All-Season."
PRD2560,Tommy Hilfiger Women's Yellow Regular Fit Puffer Winter Jacket,jackets,Puffer Winter Jacket,Women,Yellow,XXL,Regular Fit,Wool,Tommy Hilfiger,4899,4.3,All-Season,"Top-rated Tommy Hilfiger puffer winter jacket featuring premium Yellow Wool. Tailored to a comfortable Regular Fit, ideal for everyday wear during All-Season."
PRD2561,Under Armour Women's Navy Slim Fit Biker Leather Jacket,jackets,Biker Leather Jacket,Women,Navy,XXL,Slim Fit,Wool,Under Armour,4199,4.4,Autumn,"Crafted from premium Wool, this Under Armour Navy biker leather jacket offers exceptional comfort and durability for Autumn wardrobe styling. Features a sleek Slim Fit design."
PRD2562,Adidas Women's Purple Regular Fit Puffer Winter Jacket,jackets,Puffer Winter Jacket,Women,Purple,L,Regular Fit,Leather,Adidas,5799,3.9,Autumn,"Elevate your look with this stylish Purple puffer winter jacket by Adidas. Designed in a comfortable Regular Fit using high-grade Leather, perfect for casual or semi-formal outings."
PRD2563,W Men's Purple Regular Fit Puffer Winter Jacket,jackets,Puffer Winter Jacket,Men,Purple,L,Regular Fit,Wool,W,4499,4.1,Autumn,"Elevate your look with this stylish Purple puffer winter jacket by W. Designed in a comfortable Regular Fit using high-grade Wool, perfect for casual or semi-formal outings."
PRD2564,Roadster Men's Olive Oversized Puffer Winter Jacket,jackets,Puffer Winter Jacket,Men,Olive,XXL,Oversized,Polyester,Roadster,4349,4.0,All-Season,Stay fashion-forward with this versatile Olive puffer winter jacket from Roadster. Includes a refined Oversized profile and high quality Polyester fabric.
PRD2565,Under Armour Men's Blue Oversized Windbreaker Jacket,jackets,Windbreaker Jacket,Men,Blue,M,Oversized,Polyester,Under Armour,2899,4.4,All-Season,"Essential Under Armour Men's windbreaker jacket tailored with a modern Oversized. Made of soft, breathable Polyester in rich Blue. Ideal choice for All-Season."
PRD2566,FabIndia Women's Red Regular Fit Tailored Blazer,jackets,Tailored Blazer,Women,Red,L,Regular Fit,Wool,FabIndia,5899,4.4,All-Season,"Top-rated FabIndia tailored blazer featuring premium Red Wool. Tailored to a comfortable Regular Fit, ideal for everyday wear during All-Season."
PRD2567,Tommy Hilfiger Women's Pink Slim Fit Biker Leather Jacket,jackets,Biker Leather Jacket,Women,Pink,XL,Slim Fit,Polyester,Tommy Hilfiger,5399,4.3,Winter,Stay fashion-forward with this versatile Pink biker leather jacket from Tommy Hilfiger. Includes a refined Slim Fit profile and high quality Polyester fabric.
PRD2568,Levi's Men's Brown Regular Fit Classic Denim Jacket,jackets,Classic Denim Jacket,Men,Brown,XXL,Regular Fit,Wool,Levi's,4449,4.7,Autumn,"Top-rated Levi's classic denim jacket featuring premium Brown Wool. Tailored to a comfortable Regular Fit, ideal for everyday wear during Autumn."
PRD2569,Under Armour Men's Green Slim Fit Tailored Blazer,jackets,Tailored Blazer,Men,Green,XL,Slim Fit,Wool,Under Armour,4499,3.7,All-Season,Stay fashion-forward with this versatile Green tailored blazer from Under Armour. Includes a refined Slim Fit profile and high quality Wool fabric.
PRD2570,Biba Men's White Slim Fit Puffer Winter Jacket,jackets,Puffer Winter Jacket,Men,White,S,Slim Fit,Denim,Biba,2249,4.8,Autumn,"Essential Biba Men's puffer winter jacket tailored with a modern Slim Fit. Made of soft, breathable Denim in rich White. Ideal choice for Autumn."
PRD2571,Nike Unisex's Green Slim Fit Windbreaker Jacket,jackets,Windbreaker Jacket,Unisex,Green,XL,Slim Fit,Denim,Nike,2899,3.6,All-Season,"Top-rated Nike windbreaker jacket featuring premium Green Denim. Tailored to a comfortable Slim Fit, ideal for everyday wear during All-Season."
PRD2572,Zara Men's Navy Oversized Classic Denim Jacket,jackets,Classic Denim Jacket,Men,Navy,XL,Oversized,Polyester,Zara,3049,3.8,Autumn,"Top-rated Zara classic denim jacket featuring premium Navy Polyester. Tailored to a comfortable Oversized, ideal for everyday wear during Autumn."
PRD2573,Under Armour Unisex's Navy Slim Fit Puffer Winter Jacket,jackets,Puffer Winter Jacket,Unisex,Navy,XXL,Slim Fit,Leather,Under Armour,4449,4.0,Winter,"Elevate your look with this stylish Navy puffer winter jacket by Under Armour. Designed in a comfortable Slim Fit using high-grade Leather, perfect for casual or semi-formal outings."
PRD2574,FabIndia Men's Yellow Oversized Tailored Blazer,jackets,Tailored Blazer,Men,Yellow,S,Oversized,Denim,FabIndia,4399,4.6,Winter,"Essential FabIndia Men's tailored blazer tailored with a modern Oversized. Made of soft, breathable Denim in rich Yellow. Ideal choice for Winter."
PRD2575,Mango Men's Red Regular Fit Classic Denim Jacket,jackets,Classic Denim Jacket,Men,Red,XL,Regular Fit,Leather,Mango,4549,3.7,Winter,"Elevate your look with this stylish Red classic denim jacket by Mango. Designed in a comfortable Regular Fit using high-grade Leather, perfect for casual or semi-formal outings."
PRD2576,Puma Men's Black Slim Fit Puffer Winter Jacket,jackets,Puffer Winter Jacket,Men,Black,XXL,Slim Fit,Polyester,Puma,5599,4.4,Autumn,Stay fashion-forward with this versatile Black puffer winter jacket from Puma. Includes a refined Slim Fit profile and high quality Polyester fabric.
PRD2577,Jack & Jones Men's Blue Slim Fit Biker Leather Jacket,jackets,Biker Leather Jacket,Men,Blue,XL,Slim Fit,Wool,Jack & Jones,3899,3.7,All-Season,Stay fashion-forward with this versatile Blue biker leather jacket from Jack & Jones. Includes a refined Slim Fit profile and high quality Wool fabric.
PRD2578,Biba Unisex's Brown Regular Fit Classic Denim Jacket,jackets,Classic Denim Jacket,Unisex,Brown,XL,Regular Fit,Leather,Biba,3849,4.7,All-Season,"Top-rated Biba classic denim jacket featuring premium Brown Leather. Tailored to a comfortable Regular Fit, ideal for everyday wear during All-Season."
PRD2579,Tommy Hilfiger Men's Beige Oversized Puffer Winter Jacket,jackets,Puffer Winter Jacket,Men,Beige,XXL,Oversized,Wool,Tommy Hilfiger,2899,4.1,Autumn,"Crafted from premium Wool, this Tommy Hilfiger Beige puffer winter jacket offers exceptional comfort and durability for Autumn wardrobe styling. Features a sleek Oversized design."
PRD2580,Biba Women's Red Slim Fit Biker Leather Jacket,jackets,Biker Leather Jacket,Women,Red,XL,Slim Fit,Polyester,Biba,3199,3.9,Autumn,"Essential Biba Women's biker leather jacket tailored with a modern Slim Fit. Made of soft, breathable Polyester in rich Red. Ideal choice for Autumn."
PRD2581,Puma Unisex's Beige Slim Fit Tailored Blazer,jackets,Tailored Blazer,Unisex,Beige,S,Slim Fit,Leather,Puma,3949,4.6,All-Season,"Crafted from premium Leather, this Puma Beige tailored blazer offers exceptional comfort and durability for All-Season wardrobe styling. Features a sleek Slim Fit design."
PRD2582,Biba Women's Navy Regular Fit Windbreaker Jacket,jackets,Windbreaker Jacket,Women,Navy,XL,Regular Fit,Denim,Biba,5049,4.2,Autumn,Stay fashion-forward with this versatile Navy windbreaker jacket from Biba. Includes a refined Regular Fit profile and high quality Denim fabric.
PRD2583,H&M Women's Navy Slim Fit Tailored Blazer,jackets,Tailored Blazer,Women,Navy,L,Slim Fit,Polyester,H&M,4049,3.7,Autumn,"Elevate your look with this stylish Navy tailored blazer by H&M. Designed in a comfortable Slim Fit using high-grade Polyester, perfect for casual or semi-formal outings."
PRD2584,Under Armour Unisex's Yellow Slim Fit Windbreaker Jacket,jackets,Windbreaker Jacket,Unisex,Yellow,L,Slim Fit,Denim,Under Armour,2249,4.6,Autumn,"Crafted from premium Denim, this Under Armour Yellow windbreaker jacket offers exceptional comfort and durability for Autumn wardrobe styling. Features a sleek Slim Fit design."
PRD2585,FabIndia Unisex's Maroon Oversized Classic Denim Jacket,jackets,Classic Denim Jacket,Unisex,Maroon,S,Oversized,Denim,FabIndia,4249,4.9,Autumn,Stay fashion-forward with this versatile Maroon classic denim jacket from FabIndia. Includes a refined Oversized profile and high quality Denim fabric.
PRD2586,Roadster Men's Purple Regular Fit Puffer Winter Jacket,jackets,Puffer Winter Jacket,Men,Purple,M,Regular Fit,Polyester,Roadster,3749,4.0,Winter,"Top-rated Roadster puffer winter jacket featuring premium Purple Polyester. Tailored to a comfortable Regular Fit, ideal for everyday wear during Winter."
PRD2587,H&M Men's Pink Slim Fit Biker Leather Jacket,jackets,Biker Leather Jacket,Men,Pink,XXL,Slim Fit,Leather,H&M,3999,4.9,Autumn,"Elevate your look with this stylish Pink biker leather jacket by H&M. Designed in a comfortable Slim Fit using high-grade Leather, perfect for casual or semi-formal outings."
PRD2588,Puma Men's Pink Oversized Classic Denim Jacket,jackets,Classic Denim Jacket,Men,Pink,S,Oversized,Denim,Puma,3199,4.7,Winter,"Elevate your look with this stylish Pink classic denim jacket by Puma. Designed in a comfortable Oversized using high-grade Denim, perfect for casual or semi-formal outings."
PRD2589,Aurelia Women's Yellow Regular Fit Classic Denim Jacket,jackets,Classic Denim Jacket,Women,Yellow,XXL,Regular Fit,Leather,Aurelia,5899,3.8,Winter,"Crafted from premium Leather, this Aurelia Yellow classic denim jacket offers exceptional comfort and durability for Winter wardrobe styling. Features a sleek Regular Fit design."
PRD2590,Tommy Hilfiger Women's Yellow Slim Fit Biker Leather Jacket,jackets,Biker Leather Jacket,Women,Yellow,M,Slim Fit,Denim,Tommy Hilfiger,2749,3.6,Autumn,"Elevate your look with this stylish Yellow biker leather jacket by Tommy Hilfiger. Designed in a comfortable Slim Fit using high-grade Denim, perfect for casual or semi-formal outings."
PRD2591,Roadster Unisex's Purple Regular Fit Biker Leather Jacket,jackets,Biker Leather Jacket,Unisex,Purple,M,Regular Fit,Polyester,Roadster,3949,3.8,Autumn,"Crafted from premium Polyester, this Roadster Purple biker leather jacket offers exceptional comfort and durability for Autumn wardrobe styling. Features a sleek Regular Fit design."
PRD2592,Puma Unisex's Pink Slim Fit Biker Leather Jacket,jackets,Biker Leather Jacket,Unisex,Pink,M,Slim Fit,Denim,Puma,2099,3.9,Autumn,"Top-rated Puma biker leather jacket featuring premium Pink Denim. Tailored to a comfortable Slim Fit, ideal for everyday wear during Autumn."
PRD2593,Mango Unisex's Yellow Oversized Tailored Blazer,jackets,Tailored Blazer,Unisex,Yellow,XL,Oversized,Wool,Mango,5999,4.5,All-Season,"Top-rated Mango tailored blazer featuring premium Yellow Wool. Tailored to a comfortable Oversized, ideal for everyday wear during All-Season."
PRD2594,W Unisex's Maroon Oversized Windbreaker Jacket,jackets,Windbreaker Jacket,Unisex,Maroon,XXL,Oversized,Wool,W,5899,4.1,Autumn,"Top-rated W windbreaker jacket featuring premium Maroon Wool. Tailored to a comfortable Oversized, ideal for everyday wear during Autumn."
PRD2595,Mango Men's Red Slim Fit Biker Leather Jacket,jackets,Biker Leather Jacket,Men,Red,S,Slim Fit,Polyester,Mango,4549,4.9,Autumn,Stay fashion-forward with this versatile Red biker leather jacket from Mango. Includes a refined Slim Fit profile and high quality Polyester fabric.
PRD2596,Biba Women's Black Regular Fit Puffer Winter Jacket,jackets,Puffer Winter Jacket,Women,Black,S,Regular Fit,Wool,Biba,2949,4.2,Winter,"Elevate your look with this stylish Black puffer winter jacket by Biba. Designed in a comfortable Regular Fit using high-grade Wool, perfect for casual or semi-formal outings."
PRD2597,Jack & Jones Unisex's White Oversized Windbreaker Jacket,jackets,Windbreaker Jacket,Unisex,White,M,Oversized,Polyester,Jack & Jones,2649,3.5,Autumn,"Elevate your look with this stylish White windbreaker jacket by Jack & Jones. Designed in a comfortable Oversized using high-grade Polyester, perfect for casual or semi-formal outings."
PRD2598,Jack & Jones Women's Grey Regular Fit Puffer Winter Jacket,jackets,Puffer Winter Jacket,Women,Grey,M,Regular Fit,Wool,Jack & Jones,3949,3.7,Autumn,"Crafted from premium Wool, this Jack & Jones Grey puffer winter jacket offers exceptional comfort and durability for Autumn wardrobe styling. Features a sleek Regular Fit design."
PRD2599,Puma Unisex's Blue Regular Fit Biker Leather Jacket,jackets,Biker Leather Jacket,Unisex,Blue,L,Regular Fit,Polyester,Puma,3999,4.9,Winter,Stay fashion-forward with this versatile Blue biker leather jacket from Puma. Includes a refined Regular Fit profile and high quality Polyester fabric.
PRD2600,H&M Women's Navy Oversized Windbreaker Jacket,jackets,Windbreaker Jacket,Women,Navy,XL,Oversized,Wool,H&M,2349,4.0,Winter,"Elevate your look with this stylish Navy windbreaker jacket by H&M. Designed in a comfortable Oversized using high-grade Wool, perfect for casual or semi-formal outings."
PRD2601,US Polo Assn Men's Black Slim Fit Windbreaker Jacket,jackets,Windbreaker Jacket,Men,Black,XXL,Slim Fit,Leather,US Polo Assn,3199,3.6,All-Season,"Top-rated US Polo Assn windbreaker jacket featuring premium Black Leather. Tailored to a comfortable Slim Fit, ideal for everyday wear during All-Season."
PRD2602,Allen Solly Women's Black Regular Fit Windbreaker Jacket,jackets,Windbreaker Jacket,Women,Black,XXL,Regular Fit,Wool,Allen Solly,3949,4.0,Autumn,"Essential Allen Solly Women's windbreaker jacket tailored with a modern Regular Fit. Made of soft, breathable Wool in rich Black. Ideal choice for Autumn."
PRD2603,US Polo Assn Men's Brown Oversized Puffer Winter Jacket,jackets,Puffer Winter Jacket,Men,Brown,XL,Oversized,Denim,US Polo Assn,3849,4.6,Autumn,"Crafted from premium Denim, this US Polo Assn Brown puffer winter jacket offers exceptional comfort and durability for Autumn wardrobe styling. Features a sleek Oversized design."
PRD2604,Aurelia Unisex's Blue Slim Fit Windbreaker Jacket,jackets,Windbreaker Jacket,Unisex,Blue,XL,Slim Fit,Wool,Aurelia,5049,4.6,Autumn,"Essential Aurelia Unisex's windbreaker jacket tailored with a modern Slim Fit. Made of soft, breathable Wool in rich Blue. Ideal choice for Autumn."
PRD2605,Roadster Men's Blue Oversized Biker Leather Jacket,jackets,Biker Leather Jacket,Men,Blue,XL,Oversized,Wool,Roadster,2999,3.6,Autumn,"Essential Roadster Men's biker leather jacket tailored with a modern Oversized. Made of soft, breathable Wool in rich Blue. Ideal choice for Autumn."
PRD2606,Levi's Men's Grey Oversized Biker Leather Jacket,jackets,Biker Leather Jacket,Men,Grey,M,Oversized,Leather,Levi's,3799,4.3,Autumn,"Essential Levi's Men's biker leather jacket tailored with a modern Oversized. Made of soft, breathable Leather in rich Grey. Ideal choice for Autumn."
PRD2607,Allen Solly Men's White Slim Fit Classic Denim Jacket,jackets,Classic Denim Jacket,Men,White,XL,Slim Fit,Polyester,Allen Solly,5299,3.6,All-Season,Stay fashion-forward with this versatile White classic denim jacket from Allen Solly. Includes a refined Slim Fit profile and high quality Polyester fabric.
PRD2608,FabIndia Men's Blue Oversized Tailored Blazer,jackets,Tailored Blazer,Men,Blue,XXL,Oversized,Wool,FabIndia,5049,5.0,Autumn,Stay fashion-forward with this versatile Blue tailored blazer from FabIndia. Includes a refined Oversized profile and high quality Wool fabric.
PRD2609,Adidas Unisex's Yellow Oversized Windbreaker Jacket,jackets,Windbreaker Jacket,Unisex,Yellow,L,Oversized,Polyester,Adidas,4249,3.7,All-Season,"Top-rated Adidas windbreaker jacket featuring premium Yellow Polyester. Tailored to a comfortable Oversized, ideal for everyday wear during All-Season."
PRD2610,Manyavar Unisex's Brown Slim Fit Puffer Winter Jacket,jackets,Puffer Winter Jacket,Unisex,Brown,XL,Slim Fit,Leather,Manyavar,4049,3.9,Winter,"Top-rated Manyavar puffer winter jacket featuring premium Brown Leather. Tailored to a comfortable Slim Fit, ideal for everyday wear during Winter."
PRD2611,US Polo Assn Unisex's Grey Slim Fit Tailored Blazer,jackets,Tailored Blazer,Unisex,Grey,S,Slim Fit,Polyester,US Polo Assn,5449,3.7,Autumn,"Elevate your look with this stylish Grey tailored blazer by US Polo Assn. Designed in a comfortable Slim Fit using high-grade Polyester, perfect for casual or semi-formal outings."
PRD2612,Puma Women's White Slim Fit Biker Leather Jacket,jackets,Biker Leather Jacket,Women,White,XL,Slim Fit,Polyester,Puma,3799,4.3,Autumn,"Essential Puma Women's biker leather jacket tailored with a modern Slim Fit. Made of soft, breathable Polyester in rich White. Ideal choice for Autumn."
PRD2613,H&M Men's Pink Regular Fit Biker Leather Jacket,jackets,Biker Leather Jacket,Men,Pink,S,Regular Fit,Denim,H&M,3849,4.1,Autumn,Stay fashion-forward with this versatile Pink biker leather jacket from H&M. Includes a refined Regular Fit profile and high quality Denim fabric.
PRD2614,Roadster Women's Black Regular Fit Tailored Blazer,jackets,Tailored Blazer,Women,Black,L,Regular Fit,Polyester,Roadster,3049,4.2,Winter,Stay fashion-forward with this versatile Black tailored blazer from Roadster. Includes a refined Regular Fit profile and high quality Polyester fabric.
PRD2615,Biba Men's Grey Regular Fit Windbreaker Jacket,jackets,Windbreaker Jacket,Men,Grey,M,Regular Fit,Leather,Biba,4549,4.7,Autumn,"Essential Biba Men's windbreaker jacket tailored with a modern Regular Fit. Made of soft, breathable Leather in rich Grey. Ideal choice for Autumn."
PRD2616,FabIndia Women's Pink Regular Fit Windbreaker Jacket,jackets,Windbreaker Jacket,Women,Pink,S,Regular Fit,Denim,FabIndia,2399,4.7,Winter,"Crafted from premium Denim, this FabIndia Pink windbreaker jacket offers exceptional comfort and durability for Winter wardrobe styling. Features a sleek Regular Fit design."
PRD2617,Roadster Women's Beige Slim Fit Windbreaker Jacket,jackets,Windbreaker Jacket,Women,Beige,S,Slim Fit,Leather,Roadster,3999,3.8,Winter,"Elevate your look with this stylish Beige windbreaker jacket by Roadster. Designed in a comfortable Slim Fit using high-grade Leather, perfect for casual or semi-formal outings."
PRD2618,US Polo Assn Unisex's Olive Relaxed Fit Oversized Streetwear Hoodie,hoodies,Oversized Streetwear Hoodie,Unisex,Olive,S,Relaxed Fit,Polyester,US Polo Assn,1849,4.8,Winter,"Essential US Polo Assn Unisex's oversized streetwear hoodie tailored with a modern Relaxed Fit. Made of soft, breathable Polyester in rich Olive. Ideal choice for Winter."
PRD2619,Nike Unisex's Blue Regular Fit Fleece Pullover Hoodie,hoodies,Fleece Pullover Hoodie,Unisex,Blue,M,Regular Fit,Wool,Nike,1849,4.8,Winter,Stay fashion-forward with this versatile Blue fleece pullover hoodie from Nike. Includes a refined Regular Fit profile and high quality Wool fabric.
PRD2620,Nike Unisex's Green Relaxed Fit Oversized Streetwear Hoodie,hoodies,Oversized Streetwear Hoodie,Unisex,Green,XXL,Relaxed Fit,Wool,Nike,2349,3.7,Winter,Stay fashion-forward with this versatile Green oversized streetwear hoodie from Nike. Includes a refined Relaxed Fit profile and high quality Wool fabric.
PRD2621,Adidas Unisex's Brown Relaxed Fit Zip-Up Hooded Sweatshirt,hoodies,Zip-Up Hooded Sweatshirt,Unisex,Brown,XL,Relaxed Fit,Wool,Adidas,2099,4.5,Winter,"Crafted from premium Wool, this Adidas Brown zip-up hooded sweatshirt offers exceptional comfort and durability for Winter wardrobe styling. Features a sleek Relaxed Fit design."
PRD2622,Biba Unisex's White Relaxed Fit Oversized Streetwear Hoodie,hoodies,Oversized Streetwear Hoodie,Unisex,White,L,Relaxed Fit,Polyester,Biba,3249,4.0,Autumn,Stay fashion-forward with this versatile White oversized streetwear hoodie from Biba. Includes a refined Relaxed Fit profile and high quality Polyester fabric.
PRD2623,HRX Women's Olive Oversized Zip-Up Hooded Sweatshirt,hoodies,Zip-Up Hooded Sweatshirt,Women,Olive,XL,Oversized,Cotton,HRX,1799,4.6,Winter,"Crafted from premium Cotton, this HRX Olive zip-up hooded sweatshirt offers exceptional comfort and durability for Winter wardrobe styling. Features a sleek Oversized design."
PRD2624,H&M Unisex's Blue Regular Fit Fleece Pullover Hoodie,hoodies,Fleece Pullover Hoodie,Unisex,Blue,M,Regular Fit,Cotton,H&M,1799,4.6,Autumn,"Essential H&M Unisex's fleece pullover hoodie tailored with a modern Regular Fit. Made of soft, breathable Cotton in rich Blue. Ideal choice for Autumn."
PRD2625,Tommy Hilfiger Unisex's Red Relaxed Fit Oversized Streetwear Hoodie,hoodies,Oversized Streetwear Hoodie,Unisex,Red,XL,Relaxed Fit,Polyester,Tommy Hilfiger,1699,4.9,Autumn,"Top-rated Tommy Hilfiger oversized streetwear hoodie featuring premium Red Polyester. Tailored to a comfortable Relaxed Fit, ideal for everyday wear during Autumn."
PRD2626,Under Armour Unisex's Red Oversized Oversized Streetwear Hoodie,hoodies,Oversized Streetwear Hoodie,Unisex,Red,L,Oversized,Wool,Under Armour,1799,4.1,Winter,"Essential Under Armour Unisex's oversized streetwear hoodie tailored with a modern Oversized. Made of soft, breathable Wool in rich Red. Ideal choice for Winter."
PRD2627,H&M Men's Purple Oversized Fleece Pullover Hoodie,hoodies,Fleece Pullover Hoodie,Men,Purple,XL,Oversized,Polyester,H&M,3049,4.5,Winter,Stay fashion-forward with this versatile Purple fleece pullover hoodie from H&M. Includes a refined Oversized profile and high quality Polyester fabric.
PRD2628,Tommy Hilfiger Men's Purple Oversized Graphic Print Hoodie,hoodies,Graphic Print Hoodie,Men,Purple,L,Oversized,Wool,Tommy Hilfiger,3499,4.8,Autumn,"Elevate your look with this stylish Purple graphic print hoodie by Tommy Hilfiger. Designed in a comfortable Oversized using high-grade Wool, perfect for casual or semi-formal outings."
PRD2629,Levi's Women's Grey Regular Fit Zip-Up Hooded Sweatshirt,hoodies,Zip-Up Hooded Sweatshirt,Women,Grey,M,Regular Fit,Polyester,Levi's,1349,4.8,Autumn,"Elevate your look with this stylish Grey zip-up hooded sweatshirt by Levi's. Designed in a comfortable Regular Fit using high-grade Polyester, perfect for casual or semi-formal outings."
PRD2630,Manyavar Women's Green Regular Fit Heavyweight Warm Hoodie,hoodies,Heavyweight Warm Hoodie,Women,Green,XL,Regular Fit,Wool,Manyavar,1349,4.7,Winter,"Essential Manyavar Women's heavyweight warm hoodie tailored with a modern Regular Fit. Made of soft, breathable Wool in rich Green. Ideal choice for Winter."
PRD2631,Tommy Hilfiger Women's Navy Regular Fit Heavyweight Warm Hoodie,hoodies,Heavyweight Warm Hoodie,Women,Navy,XXL,Regular Fit,Cotton,Tommy Hilfiger,1999,3.8,Autumn,"Essential Tommy Hilfiger Women's heavyweight warm hoodie tailored with a modern Regular Fit. Made of soft, breathable Cotton in rich Navy. Ideal choice for Autumn."
PRD2632,Manyavar Unisex's Grey Relaxed Fit Oversized Streetwear Hoodie,hoodies,Oversized Streetwear Hoodie,Unisex,Grey,XL,Relaxed Fit,Wool,Manyavar,1349,4.2,Winter,"Top-rated Manyavar oversized streetwear hoodie featuring premium Grey Wool. Tailored to a comfortable Relaxed Fit, ideal for everyday wear during Winter."
PRD2633,Aurelia Unisex's Brown Oversized Oversized Streetwear Hoodie,hoodies,Oversized Streetwear Hoodie,Unisex,Brown,L,Oversized,Cotton,Aurelia,1249,4.1,Autumn,"Crafted from premium Cotton, this Aurelia Brown oversized streetwear hoodie offers exceptional comfort and durability for Autumn wardrobe styling. Features a sleek Oversized design."
PRD2634,Mango Women's Pink Relaxed Fit Graphic Print Hoodie,hoodies,Graphic Print Hoodie,Women,Pink,XXL,Relaxed Fit,Cotton,Mango,2099,4.2,Autumn,"Essential Mango Women's graphic print hoodie tailored with a modern Relaxed Fit. Made of soft, breathable Cotton in rich Pink. Ideal choice for Autumn."
PRD2635,Zara Unisex's Pink Oversized Zip-Up Hooded Sweatshirt,hoodies,Zip-Up Hooded Sweatshirt,Unisex,Pink,S,Oversized,Polyester,Zara,3349,3.8,Autumn,"Elevate your look with this stylish Pink zip-up hooded sweatshirt by Zara. Designed in a comfortable Oversized using high-grade Polyester, perfect for casual or semi-formal outings."
PRD2636,Jack & Jones Women's Black Oversized Zip-Up Hooded Sweatshirt,hoodies,Zip-Up Hooded Sweatshirt,Women,Black,L,Oversized,Cotton,Jack & Jones,3349,4.7,Winter,"Top-rated Jack & Jones zip-up hooded sweatshirt featuring premium Black Cotton. Tailored to a comfortable Oversized, ideal for everyday wear during Winter."
PRD2637,HRX Unisex's Purple Relaxed Fit Fleece Pullover Hoodie,hoodies,Fleece Pullover Hoodie,Unisex,Purple,XXL,Relaxed Fit,Wool,HRX,1399,4.2,Autumn,"Top-rated HRX fleece pullover hoodie featuring premium Purple Wool. Tailored to a comfortable Relaxed Fit, ideal for everyday wear during Autumn."
PRD2638,Allen Solly Unisex's Yellow Oversized Heavyweight Warm Hoodie,hoodies,Heavyweight Warm Hoodie,Unisex,Yellow,XL,Oversized,Cotton,Allen Solly,3449,4.6,Winter,"Elevate your look with this stylish Yellow heavyweight warm hoodie by Allen Solly. Designed in a comfortable Oversized using high-grade Cotton, perfect for casual or semi-formal outings."
PRD2639,Aurelia Men's Olive Oversized Zip-Up Hooded Sweatshirt,hoodies,Zip-Up Hooded Sweatshirt,Men,Olive,M,Oversized,Cotton,Aurelia,3149,3.5,Autumn,"Elevate your look with this stylish Olive zip-up hooded sweatshirt by Aurelia. Designed in a comfortable Oversized using high-grade Cotton, perfect for casual or semi-formal outings."
PRD2640,Adidas Unisex's Green Relaxed Fit Zip-Up Hooded Sweatshirt,hoodies,Zip-Up Hooded Sweatshirt,Unisex,Green,M,Relaxed Fit,Polyester,Adidas,2899,3.8,Autumn,"Elevate your look with this stylish Green zip-up hooded sweatshirt by Adidas. Designed in a comfortable Relaxed Fit using high-grade Polyester, perfect for casual or semi-formal outings."
PRD2641,W Women's Green Relaxed Fit Fleece Pullover Hoodie,hoodies,Fleece Pullover Hoodie,Women,Green,S,Relaxed Fit,Wool,W,1799,4.8,Winter,"Crafted from premium Wool, this W Green fleece pullover hoodie offers exceptional comfort and durability for Winter wardrobe styling. Features a sleek Relaxed Fit design."
PRD2642,Puma Women's White Regular Fit Fleece Pullover Hoodie,hoodies,Fleece Pullover Hoodie,Women,White,S,Regular Fit,Polyester,Puma,3199,4.6,Autumn,"Top-rated Puma fleece pullover hoodie featuring premium White Polyester. Tailored to a comfortable Regular Fit, ideal for everyday wear during Autumn."
PRD2643,Jack & Jones Men's Beige Relaxed Fit Heavyweight Warm Hoodie,hoodies,Heavyweight Warm Hoodie,Men,Beige,S,Relaxed Fit,Wool,Jack & Jones,2649,4.7,Autumn,"Essential Jack & Jones Men's heavyweight warm hoodie tailored with a modern Relaxed Fit. Made of soft, breathable Wool in rich Beige. Ideal choice for Autumn."
PRD2644,FabIndia Men's Yellow Oversized Graphic Print Hoodie,hoodies,Graphic Print Hoodie,Men,Yellow,XXL,Oversized,Wool,FabIndia,1549,5.0,Winter,"Elevate your look with this stylish Yellow graphic print hoodie by FabIndia. Designed in a comfortable Oversized using high-grade Wool, perfect for casual or semi-formal outings."
PRD2645,Roadster Men's Yellow Relaxed Fit Oversized Streetwear Hoodie,hoodies,Oversized Streetwear Hoodie,Men,Yellow,XL,Relaxed Fit,Wool,Roadster,2599,3.5,Winter,Stay fashion-forward with this versatile Yellow oversized streetwear hoodie from Roadster. Includes a refined Relaxed Fit profile and high quality Wool fabric.
PRD2646,HRX Unisex's Brown Oversized Fleece Pullover Hoodie,hoodies,Fleece Pullover Hoodie,Unisex,Brown,M,Oversized,Cotton,HRX,3149,4.7,Winter,"Crafted from premium Cotton, this HRX Brown fleece pullover hoodie offers exceptional comfort and durability for Winter wardrobe styling. Features a sleek Oversized design."
PRD2647,Puma Unisex's Brown Oversized Graphic Print Hoodie,hoodies,Graphic Print Hoodie,Unisex,Brown,L,Oversized,Polyester,Puma,1999,4.8,Autumn,"Crafted from premium Polyester, this Puma Brown graphic print hoodie offers exceptional comfort and durability for Autumn wardrobe styling. Features a sleek Oversized design."
PRD2648,Jack & Jones Men's Pink Oversized Zip-Up Hooded Sweatshirt,hoodies,Zip-Up Hooded Sweatshirt,Men,Pink,L,Oversized,Cotton,Jack & Jones,2899,4.6,Autumn,"Crafted from premium Cotton, this Jack & Jones Pink zip-up hooded sweatshirt offers exceptional comfort and durability for Autumn wardrobe styling. Features a sleek Oversized design."
PRD2649,Tommy Hilfiger Men's White Regular Fit Graphic Print Hoodie,hoodies,Graphic Print Hoodie,Men,White,XXL,Regular Fit,Wool,Tommy Hilfiger,1749,4.2,Winter,"Top-rated Tommy Hilfiger graphic print hoodie featuring premium White Wool. Tailored to a comfortable Regular Fit, ideal for everyday wear during Winter."
PRD2650,Aurelia Men's Pink Regular Fit Oversized Streetwear Hoodie,hoodies,Oversized Streetwear Hoodie,Men,Pink,M,Regular Fit,Wool,Aurelia,2449,4.3,Autumn,Stay fashion-forward with this versatile Pink oversized streetwear hoodie from Aurelia. Includes a refined Regular Fit profile and high quality Wool fabric.
PRD2651,US Polo Assn Men's Black Oversized Fleece Pullover Hoodie,hoodies,Fleece Pullover Hoodie,Men,Black,L,Oversized,Wool,US Polo Assn,2749,5.0,Winter,"Essential US Polo Assn Men's fleece pullover hoodie tailored with a modern Oversized. Made of soft, breathable Wool in rich Black. Ideal choice for Winter."
PRD2652,Tommy Hilfiger Men's Yellow Oversized Graphic Print Hoodie,hoodies,Graphic Print Hoodie,Men,Yellow,L,Oversized,Cotton,Tommy Hilfiger,2399,4.1,Autumn,"Crafted from premium Cotton, this Tommy Hilfiger Yellow graphic print hoodie offers exceptional comfort and durability for Autumn wardrobe styling. Features a sleek Oversized design."
PRD2653,US Polo Assn Men's Maroon Regular Fit Oversized Streetwear Hoodie,hoodies,Oversized Streetwear Hoodie,Men,Maroon,L,Regular Fit,Cotton,US Polo Assn,1649,3.6,Winter,"Essential US Polo Assn Men's oversized streetwear hoodie tailored with a modern Regular Fit. Made of soft, breathable Cotton in rich Maroon. Ideal choice for Winter."
PRD2654,Tommy Hilfiger Men's White Relaxed Fit Oversized Streetwear Hoodie,hoodies,Oversized Streetwear Hoodie,Men,White,M,Relaxed Fit,Cotton,Tommy Hilfiger,1399,3.9,Winter,"Top-rated Tommy Hilfiger oversized streetwear hoodie featuring premium White Cotton. Tailored to a comfortable Relaxed Fit, ideal for everyday wear during Winter."
PRD2655,Aurelia Unisex's Yellow Relaxed Fit Fleece Pullover Hoodie,hoodies,Fleece Pullover Hoodie,Unisex,Yellow,XXL,Relaxed Fit,Wool,Aurelia,2399,3.7,Autumn,Stay fashion-forward with this versatile Yellow fleece pullover hoodie from Aurelia. Includes a refined Relaxed Fit profile and high quality Wool fabric.
PRD2656,Zara Women's Blue Relaxed Fit Oversized Streetwear Hoodie,hoodies,Oversized Streetwear Hoodie,Women,Blue,S,Relaxed Fit,Polyester,Zara,1749,3.6,Autumn,"Top-rated Zara oversized streetwear hoodie featuring premium Blue Polyester. Tailored to a comfortable Relaxed Fit, ideal for everyday wear during Autumn."
PRD2657,Levi's Women's Black Oversized Fleece Pullover Hoodie,hoodies,Fleece Pullover Hoodie,Women,Black,XXL,Oversized,Polyester,Levi's,1599,3.9,Autumn,"Top-rated Levi's fleece pullover hoodie featuring premium Black Polyester. Tailored to a comfortable Oversized, ideal for everyday wear during Autumn."
PRD2658,Aurelia Men's Navy Regular Fit Zip-Up Hooded Sweatshirt,hoodies,Zip-Up Hooded Sweatshirt,Men,Navy,S,Regular Fit,Cotton,Aurelia,3099,3.8,Winter,"Elevate your look with this stylish Navy zip-up hooded sweatshirt by Aurelia. Designed in a comfortable Regular Fit using high-grade Cotton, perfect for casual or semi-formal outings."
PRD2659,FabIndia Men's Grey Regular Fit Heavyweight Warm Hoodie,hoodies,Heavyweight Warm Hoodie,Men,Grey,XXL,Regular Fit,Wool,FabIndia,1949,4.2,Autumn,"Elevate your look with this stylish Grey heavyweight warm hoodie by FabIndia. Designed in a comfortable Regular Fit using high-grade Wool, perfect for casual or semi-formal outings."
PRD2660,Zara Men's Pink Relaxed Fit Graphic Print Hoodie,hoodies,Graphic Print Hoodie,Men,Pink,XXL,Relaxed Fit,Polyester,Zara,2349,4.0,Winter,Stay fashion-forward with this versatile Pink graphic print hoodie from Zara. Includes a refined Relaxed Fit profile and high quality Polyester fabric.
PRD2661,Under Armour Unisex's Green Oversized Graphic Print Hoodie,hoodies,Graphic Print Hoodie,Unisex,Green,XL,Oversized,Cotton,Under Armour,2199,4.5,Winter,Stay fashion-forward with this versatile Green graphic print hoodie from Under Armour. Includes a refined Oversized profile and high quality Cotton fabric.
PRD2662,Levi's Women's Pink Regular Fit Fleece Pullover Hoodie,hoodies,Fleece Pullover Hoodie,Women,Pink,M,Regular Fit,Wool,Levi's,3549,3.8,Autumn,"Top-rated Levi's fleece pullover hoodie featuring premium Pink Wool. Tailored to a comfortable Regular Fit, ideal for everyday wear during Autumn."
PRD2663,Nike Men's Maroon Regular Fit Zip-Up Hooded Sweatshirt,hoodies,Zip-Up Hooded Sweatshirt,Men,Maroon,S,Regular Fit,Cotton,Nike,1449,4.5,Winter,"Elevate your look with this stylish Maroon zip-up hooded sweatshirt by Nike. Designed in a comfortable Regular Fit using high-grade Cotton, perfect for casual or semi-formal outings."
PRD2664,Allen Solly Men's Pink Regular Fit Oversized Streetwear Hoodie,hoodies,Oversized Streetwear Hoodie,Men,Pink,S,Regular Fit,Wool,Allen Solly,1249,4.1,Winter,"Essential Allen Solly Men's oversized streetwear hoodie tailored with a modern Regular Fit. Made of soft, breathable Wool in rich Pink. Ideal choice for Winter."
PRD2665,Allen Solly Men's White Relaxed Fit Graphic Print Hoodie,hoodies,Graphic Print Hoodie,Men,White,L,Relaxed Fit,Wool,Allen Solly,2499,5.0,Winter,Stay fashion-forward with this versatile White graphic print hoodie from Allen Solly. Includes a refined Relaxed Fit profile and high quality Wool fabric.
PRD2666,Manyavar Women's Olive Regular Fit Oversized Streetwear Hoodie,hoodies,Oversized Streetwear Hoodie,Women,Olive,M,Regular Fit,Wool,Manyavar,2749,4.0,Winter,"Elevate your look with this stylish Olive oversized streetwear hoodie by Manyavar. Designed in a comfortable Regular Fit using high-grade Wool, perfect for casual or semi-formal outings."
PRD2667,Mango Women's Grey Regular Fit Graphic Print Hoodie,hoodies,Graphic Print Hoodie,Women,Grey,XL,Regular Fit,Polyester,Mango,3049,3.7,Winter,"Crafted from premium Polyester, this Mango Grey graphic print hoodie offers exceptional comfort and durability for Winter wardrobe styling. Features a sleek Regular Fit design."
PRD2668,Jack & Jones Women's Red Oversized Heavyweight Warm Hoodie,hoodies,Heavyweight Warm Hoodie,Women,Red,M,Oversized,Cotton,Jack & Jones,2349,3.9,Autumn,Stay fashion-forward with this versatile Red heavyweight warm hoodie from Jack & Jones. Includes a refined Oversized profile and high quality Cotton fabric.
PRD2669,Levi's Unisex's Blue Relaxed Fit Graphic Print Hoodie,hoodies,Graphic Print Hoodie,Unisex,Blue,L,Relaxed Fit,Polyester,Levi's,2099,4.2,Autumn,"Essential Levi's Unisex's graphic print hoodie tailored with a modern Relaxed Fit. Made of soft, breathable Polyester in rich Blue. Ideal choice for Autumn."
PRD2670,Mango Women's White Oversized Graphic Print Hoodie,hoodies,Graphic Print Hoodie,Women,White,M,Oversized,Cotton,Mango,1249,4.7,Autumn,Stay fashion-forward with this versatile White graphic print hoodie from Mango. Includes a refined Oversized profile and high quality Cotton fabric.
PRD2671,Biba Unisex's Yellow Relaxed Fit Zip-Up Hooded Sweatshirt,hoodies,Zip-Up Hooded Sweatshirt,Unisex,Yellow,L,Relaxed Fit,Cotton,Biba,2699,4.3,Winter,"Crafted from premium Cotton, this Biba Yellow zip-up hooded sweatshirt offers exceptional comfort and durability for Winter wardrobe styling. Features a sleek Relaxed Fit design."
PRD2672,Adidas Women's Maroon Oversized Heavyweight Warm Hoodie,hoodies,Heavyweight Warm Hoodie,Women,Maroon,XXL,Oversized,Cotton,Adidas,1599,3.9,Winter,"Essential Adidas Women's heavyweight warm hoodie tailored with a modern Oversized. Made of soft, breathable Cotton in rich Maroon. Ideal choice for Winter."
PRD2673,Adidas Unisex's Yellow Relaxed Fit Zip-Up Hooded Sweatshirt,hoodies,Zip-Up Hooded Sweatshirt,Unisex,Yellow,XL,Relaxed Fit,Wool,Adidas,3349,3.5,Winter,"Crafted from premium Wool, this Adidas Yellow zip-up hooded sweatshirt offers exceptional comfort and durability for Winter wardrobe styling. Features a sleek Relaxed Fit design."
PRD2674,Tommy Hilfiger Women's Pink Oversized Heavyweight Warm Hoodie,hoodies,Heavyweight Warm Hoodie,Women,Pink,M,Oversized,Cotton,Tommy Hilfiger,1949,3.7,Autumn,"Essential Tommy Hilfiger Women's heavyweight warm hoodie tailored with a modern Oversized. Made of soft, breathable Cotton in rich Pink. Ideal choice for Autumn."
PRD2675,HRX Unisex's Brown Oversized Oversized Streetwear Hoodie,hoodies,Oversized Streetwear Hoodie,Unisex,Brown,XL,Oversized,Wool,HRX,3499,4.3,Winter,"Crafted from premium Wool, this HRX Brown oversized streetwear hoodie offers exceptional comfort and durability for Winter wardrobe styling. Features a sleek Oversized design."
PRD2676,Biba Unisex's Red Regular Fit Graphic Print Hoodie,hoodies,Graphic Print Hoodie,Unisex,Red,L,Regular Fit,Polyester,Biba,2649,4.2,Winter,"Elevate your look with this stylish Red graphic print hoodie by Biba. Designed in a comfortable Regular Fit using high-grade Polyester, perfect for casual or semi-formal outings."
PRD2677,Aurelia Women's Red Oversized Oversized Streetwear Hoodie,hoodies,Oversized Streetwear Hoodie,Women,Red,S,Oversized,Wool,Aurelia,1599,4.3,Winter,"Elevate your look with this stylish Red oversized streetwear hoodie by Aurelia. Designed in a comfortable Oversized using high-grade Wool, perfect for casual or semi-formal outings."
PRD2678,Puma Men's Red Oversized Graphic Print Hoodie,hoodies,Graphic Print Hoodie,Men,Red,S,Oversized,Polyester,Puma,3399,4.2,Winter,"Elevate your look with this stylish Red graphic print hoodie by Puma. Designed in a comfortable Oversized using high-grade Polyester, perfect for casual or semi-formal outings."
PRD2679,Puma Men's Navy Regular Fit Zip-Up Hooded Sweatshirt,hoodies,Zip-Up Hooded Sweatshirt,Men,Navy,S,Regular Fit,Cotton,Puma,2849,3.7,Autumn,"Essential Puma Men's zip-up hooded sweatshirt tailored with a modern Regular Fit. Made of soft, breathable Cotton in rich Navy. Ideal choice for Autumn."
PRD2680,Under Armour Men's Blue Oversized Graphic Print Hoodie,hoodies,Graphic Print Hoodie,Men,Blue,S,Oversized,Cotton,Under Armour,2199,4.7,Winter,"Top-rated Under Armour graphic print hoodie featuring premium Blue Cotton. Tailored to a comfortable Oversized, ideal for everyday wear during Winter."
PRD2681,Puma Women's Maroon Oversized Fleece Pullover Hoodie,hoodies,Fleece Pullover Hoodie,Women,Maroon,S,Oversized,Wool,Puma,3199,4.7,Winter,"Elevate your look with this stylish Maroon fleece pullover hoodie by Puma. Designed in a comfortable Oversized using high-grade Wool, perfect for casual or semi-formal outings."
PRD2682,HRX Men's Blue Relaxed Fit Oversized Streetwear Hoodie,hoodies,Oversized Streetwear Hoodie,Men,Blue,XXL,Relaxed Fit,Wool,HRX,2299,3.5,Winter,"Essential HRX Men's oversized streetwear hoodie tailored with a modern Relaxed Fit. Made of soft, breathable Wool in rich Blue. Ideal choice for Winter."
PRD2683,W Unisex's Maroon Regular Fit Graphic Print Hoodie,hoodies,Graphic Print Hoodie,Unisex,Maroon,XXL,Regular Fit,Cotton,W,1249,4.5,Winter,"Elevate your look with this stylish Maroon graphic print hoodie by W. Designed in a comfortable Regular Fit using high-grade Cotton, perfect for casual or semi-formal outings."
PRD2684,FabIndia Men's Maroon Regular Fit Zip-Up Hooded Sweatshirt,hoodies,Zip-Up Hooded Sweatshirt,Men,Maroon,M,Regular Fit,Wool,FabIndia,2049,3.8,Winter,"Essential FabIndia Men's zip-up hooded sweatshirt tailored with a modern Regular Fit. Made of soft, breathable Wool in rich Maroon. Ideal choice for Winter."
PRD2685,Jack & Jones Unisex's Beige Regular Fit Fleece Pullover Hoodie,hoodies,Fleece Pullover Hoodie,Unisex,Beige,S,Regular Fit,Wool,Jack & Jones,1649,4.6,Winter,"Elevate your look with this stylish Beige fleece pullover hoodie by Jack & Jones. Designed in a comfortable Regular Fit using high-grade Wool, perfect for casual or semi-formal outings."
PRD2686,W Unisex's Grey Regular Fit Oversized Streetwear Hoodie,hoodies,Oversized Streetwear Hoodie,Unisex,Grey,M,Regular Fit,Wool,W,3099,4.1,Winter,"Elevate your look with this stylish Grey oversized streetwear hoodie by W. Designed in a comfortable Regular Fit using high-grade Wool, perfect for casual or semi-formal outings."
PRD2687,W Unisex's White Relaxed Fit Fleece Pullover Hoodie,hoodies,Fleece Pullover Hoodie,Unisex,White,S,Relaxed Fit,Polyester,W,1799,3.8,Winter,"Elevate your look with this stylish White fleece pullover hoodie by W. Designed in a comfortable Relaxed Fit using high-grade Polyester, perfect for casual or semi-formal outings."
PRD2688,HRX Women's Red Relaxed Fit Fleece Pullover Hoodie,hoodies,Fleece Pullover Hoodie,Women,Red,XXL,Relaxed Fit,Cotton,HRX,3449,4.8,Autumn,"Top-rated HRX fleece pullover hoodie featuring premium Red Cotton. Tailored to a comfortable Relaxed Fit, ideal for everyday wear during Autumn."
PRD2689,Under Armour Women's Beige Regular Fit Heavyweight Warm Hoodie,hoodies,Heavyweight Warm Hoodie,Women,Beige,XL,Regular Fit,Wool,Under Armour,2899,3.8,Winter,Stay fashion-forward with this versatile Beige heavyweight warm hoodie from Under Armour. Includes a refined Regular Fit profile and high quality Wool fabric.
PRD2690,Adidas Women's Pink Regular Fit Oversized Streetwear Hoodie,hoodies,Oversized Streetwear Hoodie,Women,Pink,M,Regular Fit,Wool,Adidas,2849,3.9,Winter,"Top-rated Adidas oversized streetwear hoodie featuring premium Pink Wool. Tailored to a comfortable Regular Fit, ideal for everyday wear during Winter."
PRD2691,Jack & Jones Unisex's Blue Relaxed Fit Fleece Pullover Hoodie,hoodies,Fleece Pullover Hoodie,Unisex,Blue,M,Relaxed Fit,Cotton,Jack & Jones,3349,4.9,Winter,"Crafted from premium Cotton, this Jack & Jones Blue fleece pullover hoodie offers exceptional comfort and durability for Winter wardrobe styling. Features a sleek Relaxed Fit design."
PRD2692,Aurelia Women's Olive Relaxed Fit Graphic Print Hoodie,hoodies,Graphic Print Hoodie,Women,Olive,S,Relaxed Fit,Wool,Aurelia,3299,3.8,Winter,"Elevate your look with this stylish Olive graphic print hoodie by Aurelia. Designed in a comfortable Relaxed Fit using high-grade Wool, perfect for casual or semi-formal outings."
PRD2693,Roadster Men's Yellow Relaxed Fit Zip-Up Hooded Sweatshirt,hoodies,Zip-Up Hooded Sweatshirt,Men,Yellow,M,Relaxed Fit,Wool,Roadster,3399,4.3,Winter,"Essential Roadster Men's zip-up hooded sweatshirt tailored with a modern Relaxed Fit. Made of soft, breathable Wool in rich Yellow. Ideal choice for Winter."
PRD2694,Manyavar Men's Green Oversized Heavyweight Warm Hoodie,hoodies,Heavyweight Warm Hoodie,Men,Green,M,Oversized,Polyester,Manyavar,1349,4.1,Winter,"Elevate your look with this stylish Green heavyweight warm hoodie by Manyavar. Designed in a comfortable Oversized using high-grade Polyester, perfect for casual or semi-formal outings."
PRD2695,Roadster Unisex's Olive Regular Fit Zip-Up Hooded Sweatshirt,hoodies,Zip-Up Hooded Sweatshirt,Unisex,Olive,XXL,Regular Fit,Wool,Roadster,2999,3.6,Winter,"Top-rated Roadster zip-up hooded sweatshirt featuring premium Olive Wool. Tailored to a comfortable Regular Fit, ideal for everyday wear during Winter."
PRD2696,H&M Women's White Relaxed Fit Oversized Streetwear Hoodie,hoodies,Oversized Streetwear Hoodie,Women,White,S,Relaxed Fit,Polyester,H&M,1299,4.6,Autumn,"Crafted from premium Polyester, this H&M White oversized streetwear hoodie offers exceptional comfort and durability for Autumn wardrobe styling. Features a sleek Relaxed Fit design."
PRD2697,Levi's Men's Navy Regular Fit Fleece Pullover Hoodie,hoodies,Fleece Pullover Hoodie,Men,Navy,S,Regular Fit,Wool,Levi's,1949,4.2,Winter,"Crafted from premium Wool, this Levi's Navy fleece pullover hoodie offers exceptional comfort and durability for Winter wardrobe styling. Features a sleek Regular Fit design."
PRD2698,Jack & Jones Unisex's Navy Regular Fit Heavyweight Warm Hoodie,hoodies,Heavyweight Warm Hoodie,Unisex,Navy,M,Regular Fit,Wool,Jack & Jones,2599,4.0,Winter,"Crafted from premium Wool, this Jack & Jones Navy heavyweight warm hoodie offers exceptional comfort and durability for Winter wardrobe styling. Features a sleek Regular Fit design."
PRD2699,Manyavar Women's Green Regular Fit Oversized Streetwear Hoodie,hoodies,Oversized Streetwear Hoodie,Women,Green,XXL,Regular Fit,Cotton,Manyavar,3549,4.3,Winter,"Essential Manyavar Women's oversized streetwear hoodie tailored with a modern Regular Fit. Made of soft, breathable Cotton in rich Green. Ideal choice for Winter."
PRD2700,Mango Men's White Regular Fit Heavyweight Warm Hoodie,hoodies,Heavyweight Warm Hoodie,Men,White,L,Regular Fit,Polyester,Mango,2749,4.2,Winter,"Top-rated Mango heavyweight warm hoodie featuring premium White Polyester. Tailored to a comfortable Regular Fit, ideal for everyday wear during Winter."
PRD2701,HRX Men's Black Relaxed Fit Graphic Print Hoodie,hoodies,Graphic Print Hoodie,Men,Black,L,Relaxed Fit,Cotton,HRX,2199,4.1,Winter,"Essential HRX Men's graphic print hoodie tailored with a modern Relaxed Fit. Made of soft, breathable Cotton in rich Black. Ideal choice for Winter."
PRD2702,H&M Unisex's Yellow Oversized Oversized Streetwear Hoodie,hoodies,Oversized Streetwear Hoodie,Unisex,Yellow,XL,Oversized,Wool,H&M,2699,4.3,Winter,"Elevate your look with this stylish Yellow oversized streetwear hoodie by H&M. Designed in a comfortable Oversized using high-grade Wool, perfect for casual or semi-formal outings."
PRD2703,HRX Women's Yellow Regular Fit Zip-Up Hooded Sweatshirt,hoodies,Zip-Up Hooded Sweatshirt,Women,Yellow,S,Regular Fit,Polyester,HRX,2649,4.0,Autumn,"Elevate your look with this stylish Yellow zip-up hooded sweatshirt by HRX. Designed in a comfortable Regular Fit using high-grade Polyester, perfect for casual or semi-formal outings."
PRD2704,Under Armour Unisex's Black Relaxed Fit Graphic Print Hoodie,hoodies,Graphic Print Hoodie,Unisex,Black,XL,Relaxed Fit,Wool,Under Armour,1399,4.1,Winter,"Elevate your look with this stylish Black graphic print hoodie by Under Armour. Designed in a comfortable Relaxed Fit using high-grade Wool, perfect for casual or semi-formal outings."
PRD2705,HRX Unisex's Yellow Oversized Heavyweight Warm Hoodie,hoodies,Heavyweight Warm Hoodie,Unisex,Yellow,S,Oversized,Wool,HRX,3349,3.8,Autumn,"Crafted from premium Wool, this HRX Yellow heavyweight warm hoodie offers exceptional comfort and durability for Autumn wardrobe styling. Features a sleek Oversized design."
PRD2706,Zara Men's Blue Oversized Oversized Streetwear Hoodie,hoodies,Oversized Streetwear Hoodie,Men,Blue,XXL,Oversized,Polyester,Zara,3349,4.6,Winter,"Essential Zara Men's oversized streetwear hoodie tailored with a modern Oversized. Made of soft, breathable Polyester in rich Blue. Ideal choice for Winter."
PRD2707,Adidas Unisex's Beige Oversized Zip-Up Hooded Sweatshirt,hoodies,Zip-Up Hooded Sweatshirt,Unisex,Beige,XL,Oversized,Cotton,Adidas,1949,4.3,Winter,"Crafted from premium Cotton, this Adidas Beige zip-up hooded sweatshirt offers exceptional comfort and durability for Winter wardrobe styling. Features a sleek Oversized design."
PRD2708,Biba Men's White Relaxed Fit Oversized Streetwear Hoodie,hoodies,Oversized Streetwear Hoodie,Men,White,XL,Relaxed Fit,Cotton,Biba,2399,4.6,Winter,"Top-rated Biba oversized streetwear hoodie featuring premium White Cotton. Tailored to a comfortable Relaxed Fit, ideal for everyday wear during Winter."
PRD2709,Under Armour Women's Green Regular Fit Oversized Streetwear Hoodie,hoodies,Oversized Streetwear Hoodie,Women,Green,XL,Regular Fit,Cotton,Under Armour,1699,4.1,Winter,"Top-rated Under Armour oversized streetwear hoodie featuring premium Green Cotton. Tailored to a comfortable Regular Fit, ideal for everyday wear during Winter."
PRD2710,HRX Men's Green Oversized Zip-Up Hooded Sweatshirt,hoodies,Zip-Up Hooded Sweatshirt,Men,Green,S,Oversized,Cotton,HRX,2749,3.9,Autumn,Stay fashion-forward with this versatile Green zip-up hooded sweatshirt from HRX. Includes a refined Oversized profile and high quality Cotton fabric.
PRD2711,FabIndia Women's Brown Oversized Oversized Streetwear Hoodie,hoodies,Oversized Streetwear Hoodie,Women,Brown,XL,Oversized,Cotton,FabIndia,2099,4.6,Winter,"Essential FabIndia Women's oversized streetwear hoodie tailored with a modern Oversized. Made of soft, breathable Cotton in rich Brown. Ideal choice for Winter."
PRD2712,Tommy Hilfiger Unisex's White Oversized Heavyweight Warm Hoodie,hoodies,Heavyweight Warm Hoodie,Unisex,White,S,Oversized,Cotton,Tommy Hilfiger,3099,4.1,Winter,Stay fashion-forward with this versatile White heavyweight warm hoodie from Tommy Hilfiger. Includes a refined Oversized profile and high quality Cotton fabric.
PRD2713,Adidas Unisex's Pink Relaxed Fit Oversized Streetwear Hoodie,hoodies,Oversized Streetwear Hoodie,Unisex,Pink,M,Relaxed Fit,Wool,Adidas,1599,4.1,Winter,"Top-rated Adidas oversized streetwear hoodie featuring premium Pink Wool. Tailored to a comfortable Relaxed Fit, ideal for everyday wear during Winter."
PRD2714,Manyavar Men's Purple Oversized Heavyweight Warm Hoodie,hoodies,Heavyweight Warm Hoodie,Men,Purple,XL,Oversized,Polyester,Manyavar,1449,4.5,Winter,"Essential Manyavar Men's heavyweight warm hoodie tailored with a modern Oversized. Made of soft, breathable Polyester in rich Purple. Ideal choice for Winter."
PRD2715,Zara Unisex's Olive Regular Fit Oversized Streetwear Hoodie,hoodies,Oversized Streetwear Hoodie,Unisex,Olive,M,Regular Fit,Polyester,Zara,2049,3.8,Winter,"Essential Zara Unisex's oversized streetwear hoodie tailored with a modern Regular Fit. Made of soft, breathable Polyester in rich Olive. Ideal choice for Winter."
PRD2716,Allen Solly Women's Pink Oversized Heavyweight Warm Hoodie,hoodies,Heavyweight Warm Hoodie,Women,Pink,XL,Oversized,Wool,Allen Solly,2099,4.7,Winter,"Crafted from premium Wool, this Allen Solly Pink heavyweight warm hoodie offers exceptional comfort and durability for Winter wardrobe styling. Features a sleek Oversized design."
PRD2717,H&M Unisex's Pink Oversized Fleece Pullover Hoodie,hoodies,Fleece Pullover Hoodie,Unisex,Pink,S,Oversized,Wool,H&M,3399,3.6,Autumn,"Elevate your look with this stylish Pink fleece pullover hoodie by H&M. Designed in a comfortable Oversized using high-grade Wool, perfect for casual or semi-formal outings."
PRD2718,Puma Men's Olive Relaxed Fit Heavyweight Warm Hoodie,hoodies,Heavyweight Warm Hoodie,Men,Olive,M,Relaxed Fit,Cotton,Puma,1749,4.1,Autumn,"Essential Puma Men's heavyweight warm hoodie tailored with a modern Relaxed Fit. Made of soft, breathable Cotton in rich Olive. Ideal choice for Autumn."
PRD2719,Puma Women's Purple Regular Fit Fleece Pullover Hoodie,hoodies,Fleece Pullover Hoodie,Women,Purple,S,Regular Fit,Wool,Puma,3249,4.2,Winter,"Essential Puma Women's fleece pullover hoodie tailored with a modern Regular Fit. Made of soft, breathable Wool in rich Purple. Ideal choice for Winter."
PRD2720,Biba Women's Yellow Oversized Fleece Pullover Hoodie,hoodies,Fleece Pullover Hoodie,Women,Yellow,S,Oversized,Wool,Biba,1949,3.8,Winter,"Crafted from premium Wool, this Biba Yellow fleece pullover hoodie offers exceptional comfort and durability for Winter wardrobe styling. Features a sleek Oversized design."
PRD2721,Levi's Men's Navy Oversized Heavyweight Warm Hoodie,hoodies,Heavyweight Warm Hoodie,Men,Navy,XXL,Oversized,Cotton,Levi's,3299,4.9,Winter,"Elevate your look with this stylish Navy heavyweight warm hoodie by Levi's. Designed in a comfortable Oversized using high-grade Cotton, perfect for casual or semi-formal outings."
PRD2722,Biba Women's Olive Relaxed Fit Oversized Streetwear Hoodie,hoodies,Oversized Streetwear Hoodie,Women,Olive,L,Relaxed Fit,Polyester,Biba,1649,4.9,Autumn,Stay fashion-forward with this versatile Olive oversized streetwear hoodie from Biba. Includes a refined Relaxed Fit profile and high quality Polyester fabric.
PRD2723,Levi's Unisex's Red Oversized Heavyweight Warm Hoodie,hoodies,Heavyweight Warm Hoodie,Unisex,Red,M,Oversized,Polyester,Levi's,1399,3.6,Autumn,"Top-rated Levi's heavyweight warm hoodie featuring premium Red Polyester. Tailored to a comfortable Oversized, ideal for everyday wear during Autumn."
PRD2724,H&M Unisex's Olive Relaxed Fit Fleece Pullover Hoodie,hoodies,Fleece Pullover Hoodie,Unisex,Olive,XXL,Relaxed Fit,Polyester,H&M,2349,3.8,Winter,Stay fashion-forward with this versatile Olive fleece pullover hoodie from H&M. Includes a refined Relaxed Fit profile and high quality Polyester fabric.
PRD2725,Manyavar Women's Purple Regular Fit Graphic Print Hoodie,hoodies,Graphic Print Hoodie,Women,Purple,XL,Regular Fit,Wool,Manyavar,1949,3.8,Winter,"Elevate your look with this stylish Purple graphic print hoodie by Manyavar. Designed in a comfortable Regular Fit using high-grade Wool, perfect for casual or semi-formal outings."
PRD2726,Allen Solly Unisex's Yellow Regular Fit Heavyweight Warm Hoodie,hoodies,Heavyweight Warm Hoodie,Unisex,Yellow,XL,Regular Fit,Cotton,Allen Solly,2299,4.0,Winter,Stay fashion-forward with this versatile Yellow heavyweight warm hoodie from Allen Solly. Includes a refined Regular Fit profile and high quality Cotton fabric.
PRD2727,H&M Women's Black Relaxed Fit Fleece Pullover Hoodie,hoodies,Fleece Pullover Hoodie,Women,Black,M,Relaxed Fit,Wool,H&M,3299,4.3,Autumn,"Crafted from premium Wool, this H&M Black fleece pullover hoodie offers exceptional comfort and durability for Autumn wardrobe styling. Features a sleek Relaxed Fit design."
PRD2728,W Women's Red Oversized Fleece Pullover Hoodie,hoodies,Fleece Pullover Hoodie,Women,Red,XL,Oversized,Polyester,W,1349,4.3,Autumn,"Crafted from premium Polyester, this W Red fleece pullover hoodie offers exceptional comfort and durability for Autumn wardrobe styling. Features a sleek Oversized design."
PRD2729,Nike Women's Brown Regular Fit Zip-Up Hooded Sweatshirt,hoodies,Zip-Up Hooded Sweatshirt,Women,Brown,S,Regular Fit,Cotton,Nike,3299,4.8,Winter,"Essential Nike Women's zip-up hooded sweatshirt tailored with a modern Regular Fit. Made of soft, breathable Cotton in rich Brown. Ideal choice for Winter."
PRD2730,Biba Unisex's Blue Regular Fit Graphic Print Hoodie,hoodies,Graphic Print Hoodie,Unisex,Blue,XL,Regular Fit,Polyester,Biba,1449,4.0,Winter,"Elevate your look with this stylish Blue graphic print hoodie by Biba. Designed in a comfortable Regular Fit using high-grade Polyester, perfect for casual or semi-formal outings."
PRD2731,Nike Men's Green Oversized Zip-Up Hooded Sweatshirt,hoodies,Zip-Up Hooded Sweatshirt,Men,Green,XL,Oversized,Polyester,Nike,3249,4.3,Winter,Stay fashion-forward with this versatile Green zip-up hooded sweatshirt from Nike. Includes a refined Oversized profile and high quality Polyester fabric.
PRD2732,Under Armour Women's Olive Oversized Fleece Pullover Hoodie,hoodies,Fleece Pullover Hoodie,Women,Olive,XXL,Oversized,Polyester,Under Armour,2049,5.0,Winter,"Essential Under Armour Women's fleece pullover hoodie tailored with a modern Oversized. Made of soft, breathable Polyester in rich Olive. Ideal choice for Winter."
PRD2733,US Polo Assn Men's Red Oversized Fleece Pullover Hoodie,hoodies,Fleece Pullover Hoodie,Men,Red,XXL,Oversized,Wool,US Polo Assn,2999,4.7,Winter,"Essential US Polo Assn Men's fleece pullover hoodie tailored with a modern Oversized. Made of soft, breathable Wool in rich Red. Ideal choice for Winter."
PRD2734,US Polo Assn Women's Purple Relaxed Fit Zip-Up Hooded Sweatshirt,hoodies,Zip-Up Hooded Sweatshirt,Women,Purple,XL,Relaxed Fit,Wool,US Polo Assn,1349,3.8,Winter,"Essential US Polo Assn Women's zip-up hooded sweatshirt tailored with a modern Relaxed Fit. Made of soft, breathable Wool in rich Purple. Ideal choice for Winter."
PRD2735,Nike Men's Olive Oversized Fleece Pullover Hoodie,hoodies,Fleece Pullover Hoodie,Men,Olive,XXL,Oversized,Polyester,Nike,1349,4.3,Winter,"Top-rated Nike fleece pullover hoodie featuring premium Olive Polyester. Tailored to a comfortable Oversized, ideal for everyday wear during Winter."
PRD2736,Under Armour Women's Green Relaxed Fit Fleece Pullover Hoodie,hoodies,Fleece Pullover Hoodie,Women,Green,XL,Relaxed Fit,Cotton,Under Armour,2199,4.4,Winter,"Elevate your look with this stylish Green fleece pullover hoodie by Under Armour. Designed in a comfortable Relaxed Fit using high-grade Cotton, perfect for casual or semi-formal outings."
PRD2737,Biba Unisex's Pink Relaxed Fit Heavyweight Warm Hoodie,hoodies,Heavyweight Warm Hoodie,Unisex,Pink,XXL,Relaxed Fit,Wool,Biba,3499,4.7,Autumn,"Essential Biba Unisex's heavyweight warm hoodie tailored with a modern Relaxed Fit. Made of soft, breathable Wool in rich Pink. Ideal choice for Autumn."
PRD2738,Aurelia Unisex's Maroon Relaxed Fit Heavyweight Warm Hoodie,hoodies,Heavyweight Warm Hoodie,Unisex,Maroon,S,Relaxed Fit,Wool,Aurelia,3299,3.9,Autumn,"Top-rated Aurelia heavyweight warm hoodie featuring premium Maroon Wool. Tailored to a comfortable Relaxed Fit, ideal for everyday wear during Autumn."
PRD2739,W Women's Olive Relaxed Fit Heavyweight Warm Hoodie,hoodies,Heavyweight Warm Hoodie,Women,Olive,L,Relaxed Fit,Cotton,W,3499,3.7,Winter,"Crafted from premium Cotton, this W Olive heavyweight warm hoodie offers exceptional comfort and durability for Winter wardrobe styling. Features a sleek Relaxed Fit design."
PRD2740,Manyavar Unisex's Pink Regular Fit Oversized Streetwear Hoodie,hoodies,Oversized Streetwear Hoodie,Unisex,Pink,S,Regular Fit,Cotton,Manyavar,1949,4.8,Winter,"Elevate your look with this stylish Pink oversized streetwear hoodie by Manyavar. Designed in a comfortable Regular Fit using high-grade Cotton, perfect for casual or semi-formal outings."
PRD2741,US Polo Assn Women's Grey Relaxed Fit Zip-Up Hooded Sweatshirt,hoodies,Zip-Up Hooded Sweatshirt,Women,Grey,XL,Relaxed Fit,Wool,US Polo Assn,1249,5.0,Winter,Stay fashion-forward with this versatile Grey zip-up hooded sweatshirt from US Polo Assn. Includes a refined Relaxed Fit profile and high quality Wool fabric.
PRD2742,Roadster Unisex's Blue Oversized Graphic Print Hoodie,hoodies,Graphic Print Hoodie,Unisex,Blue,XL,Oversized,Polyester,Roadster,1899,4.6,Winter,"Essential Roadster Unisex's graphic print hoodie tailored with a modern Oversized. Made of soft, breathable Polyester in rich Blue. Ideal choice for Winter."
PRD2743,Aurelia Unisex's Pink Regular Fit Zip-Up Hooded Sweatshirt,hoodies,Zip-Up Hooded Sweatshirt,Unisex,Pink,M,Regular Fit,Polyester,Aurelia,3299,3.7,Autumn,"Top-rated Aurelia zip-up hooded sweatshirt featuring premium Pink Polyester. Tailored to a comfortable Regular Fit, ideal for everyday wear during Autumn."
PRD2744,Levi's Men's Navy Oversized Oversized Streetwear Hoodie,hoodies,Oversized Streetwear Hoodie,Men,Navy,M,Oversized,Wool,Levi's,3499,4.4,Winter,"Essential Levi's Men's oversized streetwear hoodie tailored with a modern Oversized. Made of soft, breathable Wool in rich Navy. Ideal choice for Winter."
PRD2745,Levi's Men's Grey Relaxed Fit Heavyweight Warm Hoodie,hoodies,Heavyweight Warm Hoodie,Men,Grey,XL,Relaxed Fit,Polyester,Levi's,2249,3.6,Winter,"Top-rated Levi's heavyweight warm hoodie featuring premium Grey Polyester. Tailored to a comfortable Relaxed Fit, ideal for everyday wear during Winter."
PRD2746,Biba Women's Navy Oversized Heavyweight Warm Hoodie,hoodies,Heavyweight Warm Hoodie,Women,Navy,M,Oversized,Wool,Biba,1249,4.3,Winter,Stay fashion-forward with this versatile Navy heavyweight warm hoodie from Biba. Includes a refined Oversized profile and high quality Wool fabric.
PRD2747,Nike Men's Brown Relaxed Fit Zip-Up Hooded Sweatshirt,hoodies,Zip-Up Hooded Sweatshirt,Men,Brown,S,Relaxed Fit,Polyester,Nike,2199,4.8,Autumn,"Essential Nike Men's zip-up hooded sweatshirt tailored with a modern Relaxed Fit. Made of soft, breathable Polyester in rich Brown. Ideal choice for Autumn."
PRD2748,Biba Men's Red Relaxed Fit Heavyweight Warm Hoodie,hoodies,Heavyweight Warm Hoodie,Men,Red,S,Relaxed Fit,Polyester,Biba,1299,4.7,Autumn,"Elevate your look with this stylish Red heavyweight warm hoodie by Biba. Designed in a comfortable Relaxed Fit using high-grade Polyester, perfect for casual or semi-formal outings."
PRD2749,Mango Men's Black Relaxed Fit Zip-Up Hooded Sweatshirt,hoodies,Zip-Up Hooded Sweatshirt,Men,Black,XXL,Relaxed Fit,Wool,Mango,2749,4.9,Autumn,Stay fashion-forward with this versatile Black zip-up hooded sweatshirt from Mango. Includes a refined Relaxed Fit profile and high quality Wool fabric.
PRD2750,H&M Men's Purple Oversized Fleece Pullover Hoodie,hoodies,Fleece Pullover Hoodie,Men,Purple,S,Oversized,Wool,H&M,1499,4.5,Winter,"Top-rated H&M fleece pullover hoodie featuring premium Purple Wool. Tailored to a comfortable Oversized, ideal for everyday wear during Winter."
PRD2751,Tommy Hilfiger Men's Blue Oversized Fleece Pullover Hoodie,hoodies,Fleece Pullover Hoodie,Men,Blue,XXL,Oversized,Wool,Tommy Hilfiger,2299,3.6,Winter,"Top-rated Tommy Hilfiger fleece pullover hoodie featuring premium Blue Wool. Tailored to a comfortable Oversized, ideal for everyday wear during Winter."
PRD2752,H&M Men's Beige Oversized Oversized Streetwear Hoodie,hoodies,Oversized Streetwear Hoodie,Men,Beige,XXL,Oversized,Cotton,H&M,2999,4.5,Winter,"Elevate your look with this stylish Beige oversized streetwear hoodie by H&M. Designed in a comfortable Oversized using high-grade Cotton, perfect for casual or semi-formal outings."
PRD2753,Zara Men's Olive Oversized Oversized Streetwear Hoodie,hoodies,Oversized Streetwear Hoodie,Men,Olive,XL,Oversized,Polyester,Zara,2999,4.2,Winter,"Essential Zara Men's oversized streetwear hoodie tailored with a modern Oversized. Made of soft, breathable Polyester in rich Olive. Ideal choice for Winter."
PRD2754,Biba Men's Maroon Oversized Zip-Up Hooded Sweatshirt,hoodies,Zip-Up Hooded Sweatshirt,Men,Maroon,XL,Oversized,Cotton,Biba,1699,4.4,Autumn,"Essential Biba Men's zip-up hooded sweatshirt tailored with a modern Oversized. Made of soft, breathable Cotton in rich Maroon. Ideal choice for Autumn."
PRD2755,Levi's Men's Maroon Oversized Heavyweight Warm Hoodie,hoodies,Heavyweight Warm Hoodie,Men,Maroon,XL,Oversized,Wool,Levi's,1349,5.0,Autumn,"Top-rated Levi's heavyweight warm hoodie featuring premium Maroon Wool. Tailored to a comfortable Oversized, ideal for everyday wear during Autumn."
PRD2756,H&M Men's Grey Relaxed Fit Oversized Streetwear Hoodie,hoodies,Oversized Streetwear Hoodie,Men,Grey,S,Relaxed Fit,Wool,H&M,1949,3.8,Autumn,Stay fashion-forward with this versatile Grey oversized streetwear hoodie from H&M. Includes a refined Relaxed Fit profile and high quality Wool fabric.
PRD2757,Puma Men's Navy Oversized Fleece Pullover Hoodie,hoodies,Fleece Pullover Hoodie,Men,Navy,M,Oversized,Wool,Puma,2599,4.9,Winter,Stay fashion-forward with this versatile Navy fleece pullover hoodie from Puma. Includes a refined Oversized profile and high quality Wool fabric.
PRD2758,Nike Unisex's Blue Oversized Graphic Print Hoodie,hoodies,Graphic Print Hoodie,Unisex,Blue,M,Oversized,Cotton,Nike,1599,3.6,Winter,"Elevate your look with this stylish Blue graphic print hoodie by Nike. Designed in a comfortable Oversized using high-grade Cotton, perfect for casual or semi-formal outings."
PRD2759,Levi's Men's Red Oversized Graphic Print Hoodie,hoodies,Graphic Print Hoodie,Men,Red,M,Oversized,Cotton,Levi's,3099,4.2,Autumn,"Top-rated Levi's graphic print hoodie featuring premium Red Cotton. Tailored to a comfortable Oversized, ideal for everyday wear during Autumn."
PRD2760,W Men's Red Regular Fit Graphic Print Hoodie,hoodies,Graphic Print Hoodie,Men,Red,XXL,Regular Fit,Polyester,W,2399,4.0,Winter,"Top-rated W graphic print hoodie featuring premium Red Polyester. Tailored to a comfortable Regular Fit, ideal for everyday wear during Winter."
PRD2761,Zara Unisex's Navy Regular Fit Zip-Up Hooded Sweatshirt,hoodies,Zip-Up Hooded Sweatshirt,Unisex,Navy,L,Regular Fit,Cotton,Zara,3249,3.6,Autumn,"Crafted from premium Cotton, this Zara Navy zip-up hooded sweatshirt offers exceptional comfort and durability for Autumn wardrobe styling. Features a sleek Regular Fit design."
PRD2762,HRX Women's Black Regular Fit Oversized Streetwear Hoodie,hoodies,Oversized Streetwear Hoodie,Women,Black,L,Regular Fit,Polyester,HRX,1599,4.1,Winter,"Top-rated HRX oversized streetwear hoodie featuring premium Black Polyester. Tailored to a comfortable Regular Fit, ideal for everyday wear during Winter."
PRD2763,Nike Women's Maroon Oversized Zip-Up Hooded Sweatshirt,hoodies,Zip-Up Hooded Sweatshirt,Women,Maroon,M,Oversized,Wool,Nike,1499,3.5,Winter,"Elevate your look with this stylish Maroon zip-up hooded sweatshirt by Nike. Designed in a comfortable Oversized using high-grade Wool, perfect for casual or semi-formal outings."
PRD2764,H&M Unisex's Yellow Regular Fit Graphic Print Hoodie,hoodies,Graphic Print Hoodie,Unisex,Yellow,L,Regular Fit,Cotton,H&M,3299,4.9,Winter,Stay fashion-forward with this versatile Yellow graphic print hoodie from H&M. Includes a refined Regular Fit profile and high quality Cotton fabric.
PRD2765,FabIndia Unisex's Navy Relaxed Fit Heavyweight Warm Hoodie,hoodies,Heavyweight Warm Hoodie,Unisex,Navy,M,Relaxed Fit,Polyester,FabIndia,2899,4.8,Autumn,"Elevate your look with this stylish Navy heavyweight warm hoodie by FabIndia. Designed in a comfortable Relaxed Fit using high-grade Polyester, perfect for casual or semi-formal outings."
PRD2766,Aurelia Men's Purple Relaxed Fit Zip-Up Hooded Sweatshirt,hoodies,Zip-Up Hooded Sweatshirt,Men,Purple,XL,Relaxed Fit,Cotton,Aurelia,1299,4.0,Autumn,"Top-rated Aurelia zip-up hooded sweatshirt featuring premium Purple Cotton. Tailored to a comfortable Relaxed Fit, ideal for everyday wear during Autumn."
PRD2767,Jack & Jones Women's Brown Relaxed Fit Fleece Pullover Hoodie,hoodies,Fleece Pullover Hoodie,Women,Brown,XL,Relaxed Fit,Wool,Jack & Jones,1649,4.2,Autumn,"Crafted from premium Wool, this Jack & Jones Brown fleece pullover hoodie offers exceptional comfort and durability for Autumn wardrobe styling. Features a sleek Relaxed Fit design."
PRD2768,Biba Men's Grey Relaxed Fit Graphic Print Hoodie,hoodies,Graphic Print Hoodie,Men,Grey,L,Relaxed Fit,Cotton,Biba,1199,4.1,Winter,"Elevate your look with this stylish Grey graphic print hoodie by Biba. Designed in a comfortable Relaxed Fit using high-grade Cotton, perfect for casual or semi-formal outings."
PRD2769,H&M Men's Red Relaxed Fit Zip-Up Hooded Sweatshirt,hoodies,Zip-Up Hooded Sweatshirt,Men,Red,M,Relaxed Fit,Polyester,H&M,1549,5.0,Autumn,"Essential H&M Men's zip-up hooded sweatshirt tailored with a modern Relaxed Fit. Made of soft, breathable Polyester in rich Red. Ideal choice for Autumn."
PRD2770,Levi's Unisex's Beige Regular Fit Oversized Streetwear Hoodie,hoodies,Oversized Streetwear Hoodie,Unisex,Beige,XL,Regular Fit,Wool,Levi's,3499,3.7,Autumn,"Crafted from premium Wool, this Levi's Beige oversized streetwear hoodie offers exceptional comfort and durability for Autumn wardrobe styling. Features a sleek Regular Fit design."
PRD2771,Manyavar Men's Pink Regular Fit Zip-Up Hooded Sweatshirt,hoodies,Zip-Up Hooded Sweatshirt,Men,Pink,XL,Regular Fit,Polyester,Manyavar,1349,4.3,Autumn,"Top-rated Manyavar zip-up hooded sweatshirt featuring premium Pink Polyester. Tailored to a comfortable Regular Fit, ideal for everyday wear during Autumn."
PRD2772,Adidas Women's Pink Relaxed Fit Zip-Up Hooded Sweatshirt,hoodies,Zip-Up Hooded Sweatshirt,Women,Pink,XXL,Relaxed Fit,Wool,Adidas,1249,4.9,Autumn,"Elevate your look with this stylish Pink zip-up hooded sweatshirt by Adidas. Designed in a comfortable Relaxed Fit using high-grade Wool, perfect for casual or semi-formal outings."
PRD2773,Zara Men's Pink Relaxed Fit Oversized Streetwear Hoodie,hoodies,Oversized Streetwear Hoodie,Men,Pink,XXL,Relaxed Fit,Wool,Zara,2949,5.0,Winter,"Top-rated Zara oversized streetwear hoodie featuring premium Pink Wool. Tailored to a comfortable Relaxed Fit, ideal for everyday wear during Winter."
PRD2774,Adidas Women's Olive Regular Fit Heavyweight Warm Hoodie,hoodies,Heavyweight Warm Hoodie,Women,Olive,XXL,Regular Fit,Polyester,Adidas,3249,4.3,Autumn,"Crafted from premium Polyester, this Adidas Olive heavyweight warm hoodie offers exceptional comfort and durability for Autumn wardrobe styling. Features a sleek Regular Fit design."
PRD2775,H&M Women's Beige Relaxed Fit Oversized Streetwear Hoodie,hoodies,Oversized Streetwear Hoodie,Women,Beige,S,Relaxed Fit,Wool,H&M,2999,3.6,Autumn,"Elevate your look with this stylish Beige oversized streetwear hoodie by H&M. Designed in a comfortable Relaxed Fit using high-grade Wool, perfect for casual or semi-formal outings."
PRD2776,Puma Women's Beige Oversized Heavyweight Warm Hoodie,hoodies,Heavyweight Warm Hoodie,Women,Beige,XXL,Oversized,Polyester,Puma,1949,3.5,Winter,"Top-rated Puma heavyweight warm hoodie featuring premium Beige Polyester. Tailored to a comfortable Oversized, ideal for everyday wear during Winter."
PRD2777,Jack & Jones Women's Brown Regular Fit Oversized Streetwear Hoodie,hoodies,Oversized Streetwear Hoodie,Women,Brown,XL,Regular Fit,Wool,Jack & Jones,3199,4.4,Winter,Stay fashion-forward with this versatile Brown oversized streetwear hoodie from Jack & Jones. Includes a refined Regular Fit profile and high quality Wool fabric.
PRD2778,Biba Men's Purple Relaxed Fit Heavyweight Warm Hoodie,hoodies,Heavyweight Warm Hoodie,Men,Purple,XXL,Relaxed Fit,Wool,Biba,3199,4.6,Autumn,"Elevate your look with this stylish Purple heavyweight warm hoodie by Biba. Designed in a comfortable Relaxed Fit using high-grade Wool, perfect for casual or semi-formal outings."
PRD2779,Roadster Unisex's Pink Regular Fit Oversized Streetwear Hoodie,hoodies,Oversized Streetwear Hoodie,Unisex,Pink,XXL,Regular Fit,Polyester,Roadster,2499,4.5,Winter,"Crafted from premium Polyester, this Roadster Pink oversized streetwear hoodie offers exceptional comfort and durability for Winter wardrobe styling. Features a sleek Regular Fit design."
PRD2780,Biba Unisex's Olive Regular Fit Zip-Up Hooded Sweatshirt,hoodies,Zip-Up Hooded Sweatshirt,Unisex,Olive,L,Regular Fit,Polyester,Biba,1299,4.5,Winter,"Essential Biba Unisex's zip-up hooded sweatshirt tailored with a modern Regular Fit. Made of soft, breathable Polyester in rich Olive. Ideal choice for Winter."
PRD2781,Biba Unisex's Pink Oversized Graphic Print Hoodie,hoodies,Graphic Print Hoodie,Unisex,Pink,XXL,Oversized,Wool,Biba,1349,3.5,Autumn,"Crafted from premium Wool, this Biba Pink graphic print hoodie offers exceptional comfort and durability for Autumn wardrobe styling. Features a sleek Oversized design."
PRD2782,FabIndia Unisex's White Relaxed Fit Oversized Streetwear Hoodie,hoodies,Oversized Streetwear Hoodie,Unisex,White,L,Relaxed Fit,Polyester,FabIndia,2199,3.8,Autumn,"Top-rated FabIndia oversized streetwear hoodie featuring premium White Polyester. Tailored to a comfortable Relaxed Fit, ideal for everyday wear during Autumn."
PRD2783,Biba Unisex's Grey Regular Fit Graphic Print Hoodie,hoodies,Graphic Print Hoodie,Unisex,Grey,XXL,Regular Fit,Cotton,Biba,2399,3.8,Autumn,"Elevate your look with this stylish Grey graphic print hoodie by Biba. Designed in a comfortable Regular Fit using high-grade Cotton, perfect for casual or semi-formal outings."
PRD2784,Roadster Unisex's Pink Oversized Heavyweight Warm Hoodie,hoodies,Heavyweight Warm Hoodie,Unisex,Pink,M,Oversized,Polyester,Roadster,3399,4.9,Winter,"Top-rated Roadster heavyweight warm hoodie featuring premium Pink Polyester. Tailored to a comfortable Oversized, ideal for everyday wear during Winter."
PRD2785,Nike Women's White Oversized Oversized Streetwear Hoodie,hoodies,Oversized Streetwear Hoodie,Women,White,M,Oversized,Cotton,Nike,3349,4.6,Autumn,Stay fashion-forward with this versatile White oversized streetwear hoodie from Nike. Includes a refined Oversized profile and high quality Cotton fabric.
PRD2786,FabIndia Women's White Relaxed Fit Oversized Streetwear Hoodie,hoodies,Oversized Streetwear Hoodie,Women,White,XXL,Relaxed Fit,Cotton,FabIndia,2099,4.8,Autumn,"Elevate your look with this stylish White oversized streetwear hoodie by FabIndia. Designed in a comfortable Relaxed Fit using high-grade Cotton, perfect for casual or semi-formal outings."
PRD2787,Tommy Hilfiger Unisex's Brown Relaxed Fit Heavyweight Warm Hoodie,hoodies,Heavyweight Warm Hoodie,Unisex,Brown,M,Relaxed Fit,Polyester,Tommy Hilfiger,3249,3.7,Winter,Stay fashion-forward with this versatile Brown heavyweight warm hoodie from Tommy Hilfiger. Includes a refined Relaxed Fit profile and high quality Polyester fabric.
PRD2788,W Men's Olive Oversized Oversized Streetwear Hoodie,hoodies,Oversized Streetwear Hoodie,Men,Olive,XL,Oversized,Wool,W,3449,4.0,Autumn,"Top-rated W oversized streetwear hoodie featuring premium Olive Wool. Tailored to a comfortable Oversized, ideal for everyday wear during Autumn."
PRD2789,Tommy Hilfiger Unisex's Green Oversized Graphic Print Hoodie,hoodies,Graphic Print Hoodie,Unisex,Green,M,Oversized,Cotton,Tommy Hilfiger,2449,4.4,Winter,"Crafted from premium Cotton, this Tommy Hilfiger Green graphic print hoodie offers exceptional comfort and durability for Winter wardrobe styling. Features a sleek Oversized design."
PRD2790,Manyavar Men's Purple Regular Fit Heavyweight Warm Hoodie,hoodies,Heavyweight Warm Hoodie,Men,Purple,M,Regular Fit,Polyester,Manyavar,1349,3.8,Autumn,"Essential Manyavar Men's heavyweight warm hoodie tailored with a modern Regular Fit. Made of soft, breathable Polyester in rich Purple. Ideal choice for Autumn."
PRD2791,Under Armour Women's Brown Regular Fit Zip-Up Hooded Sweatshirt,hoodies,Zip-Up Hooded Sweatshirt,Women,Brown,M,Regular Fit,Cotton,Under Armour,2799,4.0,Autumn,"Essential Under Armour Women's zip-up hooded sweatshirt tailored with a modern Regular Fit. Made of soft, breathable Cotton in rich Brown. Ideal choice for Autumn."
PRD2792,US Polo Assn Men's Navy Oversized Graphic Print Hoodie,hoodies,Graphic Print Hoodie,Men,Navy,M,Oversized,Cotton,US Polo Assn,1899,4.0,Winter,"Elevate your look with this stylish Navy graphic print hoodie by US Polo Assn. Designed in a comfortable Oversized using high-grade Cotton, perfect for casual or semi-formal outings."
PRD2793,HRX Unisex's Purple Relaxed Fit Graphic Print Hoodie,hoodies,Graphic Print Hoodie,Unisex,Purple,XL,Relaxed Fit,Cotton,HRX,2999,4.8,Winter,"Crafted from premium Cotton, this HRX Purple graphic print hoodie offers exceptional comfort and durability for Winter wardrobe styling. Features a sleek Relaxed Fit design."
PRD2794,Levi's Women's Purple Regular Fit Heavyweight Warm Hoodie,hoodies,Heavyweight Warm Hoodie,Women,Purple,L,Regular Fit,Wool,Levi's,1549,3.6,Winter,"Essential Levi's Women's heavyweight warm hoodie tailored with a modern Regular Fit. Made of soft, breathable Wool in rich Purple. Ideal choice for Winter."
PRD2795,FabIndia Women's Pink Relaxed Fit Graphic Print Hoodie,hoodies,Graphic Print Hoodie,Women,Pink,XXL,Relaxed Fit,Cotton,FabIndia,1399,4.4,Autumn,"Elevate your look with this stylish Pink graphic print hoodie by FabIndia. Designed in a comfortable Relaxed Fit using high-grade Cotton, perfect for casual or semi-formal outings."
PRD2796,Mango Women's Navy Regular Fit Fleece Pullover Hoodie,hoodies,Fleece Pullover Hoodie,Women,Navy,XL,Regular Fit,Cotton,Mango,1849,4.8,Autumn,"Essential Mango Women's fleece pullover hoodie tailored with a modern Regular Fit. Made of soft, breathable Cotton in rich Navy. Ideal choice for Autumn."
PRD2797,Aurelia Women's Black Oversized Graphic Print Hoodie,hoodies,Graphic Print Hoodie,Women,Black,XL,Oversized,Wool,Aurelia,3399,4.2,Autumn,"Essential Aurelia Women's graphic print hoodie tailored with a modern Oversized. Made of soft, breathable Wool in rich Black. Ideal choice for Autumn."
PRD2798,FabIndia Women's Maroon Oversized Zip-Up Hooded Sweatshirt,hoodies,Zip-Up Hooded Sweatshirt,Women,Maroon,L,Oversized,Wool,FabIndia,3399,4.4,Autumn,"Top-rated FabIndia zip-up hooded sweatshirt featuring premium Maroon Wool. Tailored to a comfortable Oversized, ideal for everyday wear during Autumn."
PRD2799,HRX Women's Brown Relaxed Fit Oversized Streetwear Hoodie,hoodies,Oversized Streetwear Hoodie,Women,Brown,M,Relaxed Fit,Wool,HRX,3249,3.7,Autumn,"Top-rated HRX oversized streetwear hoodie featuring premium Brown Wool. Tailored to a comfortable Relaxed Fit, ideal for everyday wear during Autumn."
PRD2800,Nike Unisex's Grey Oversized Fleece Pullover Hoodie,hoodies,Fleece Pullover Hoodie,Unisex,Grey,S,Oversized,Cotton,Nike,1349,3.6,Winter,"Essential Nike Unisex's fleece pullover hoodie tailored with a modern Oversized. Made of soft, breathable Cotton in rich Grey. Ideal choice for Winter."
PRD2801,W Unisex's Olive Regular Fit Zip-Up Hooded Sweatshirt,hoodies,Zip-Up Hooded Sweatshirt,Unisex,Olive,M,Regular Fit,Cotton,W,1649,4.7,Winter,"Essential W Unisex's zip-up hooded sweatshirt tailored with a modern Regular Fit. Made of soft, breathable Cotton in rich Olive. Ideal choice for Winter."
PRD2802,H&M Men's Navy Oversized Zip-Up Hooded Sweatshirt,hoodies,Zip-Up Hooded Sweatshirt,Men,Navy,XXL,Oversized,Polyester,H&M,1999,4.5,Winter,Stay fashion-forward with this versatile Navy zip-up hooded sweatshirt from H&M. Includes a refined Oversized profile and high quality Polyester fabric.
PRD2803,Aurelia Unisex's Blue Oversized Zip-Up Hooded Sweatshirt,hoodies,Zip-Up Hooded Sweatshirt,Unisex,Blue,XXL,Oversized,Polyester,Aurelia,3299,4.4,Autumn,Stay fashion-forward with this versatile Blue zip-up hooded sweatshirt from Aurelia. Includes a refined Oversized profile and high quality Polyester fabric.
PRD2804,Under Armour Unisex's Beige Regular Fit Heavyweight Warm Hoodie,hoodies,Heavyweight Warm Hoodie,Unisex,Beige,XL,Regular Fit,Polyester,Under Armour,2999,4.8,Winter,Stay fashion-forward with this versatile Beige heavyweight warm hoodie from Under Armour. Includes a refined Regular Fit profile and high quality Polyester fabric.
PRD2805,US Polo Assn Men's Maroon Regular Fit Graphic Print Hoodie,hoodies,Graphic Print Hoodie,Men,Maroon,XXL,Regular Fit,Cotton,US Polo Assn,1849,4.9,Autumn,"Essential US Polo Assn Men's graphic print hoodie tailored with a modern Regular Fit. Made of soft, breathable Cotton in rich Maroon. Ideal choice for Autumn."
PRD2806,Allen Solly Unisex's Red Regular Fit Fleece Pullover Hoodie,hoodies,Fleece Pullover Hoodie,Unisex,Red,M,Regular Fit,Wool,Allen Solly,1949,4.8,Winter,"Elevate your look with this stylish Red fleece pullover hoodie by Allen Solly. Designed in a comfortable Regular Fit using high-grade Wool, perfect for casual or semi-formal outings."
PRD2807,Allen Solly Men's Purple Relaxed Fit Heavyweight Warm Hoodie,hoodies,Heavyweight Warm Hoodie,Men,Purple,XXL,Relaxed Fit,Cotton,Allen Solly,1549,3.6,Autumn,"Crafted from premium Cotton, this Allen Solly Purple heavyweight warm hoodie offers exceptional comfort and durability for Autumn wardrobe styling. Features a sleek Relaxed Fit design."
PRD2808,H&M Men's Grey Oversized Heavyweight Warm Hoodie,hoodies,Heavyweight Warm Hoodie,Men,Grey,M,Oversized,Polyester,H&M,3449,4.2,Winter,"Crafted from premium Polyester, this H&M Grey heavyweight warm hoodie offers exceptional comfort and durability for Winter wardrobe styling. Features a sleek Oversized design."
PRD2809,Aurelia Women's Grey Relaxed Fit Zip-Up Hooded Sweatshirt,hoodies,Zip-Up Hooded Sweatshirt,Women,Grey,XL,Relaxed Fit,Wool,Aurelia,1899,4.7,Winter,"Essential Aurelia Women's zip-up hooded sweatshirt tailored with a modern Relaxed Fit. Made of soft, breathable Wool in rich Grey. Ideal choice for Winter."
PRD2810,Mango Women's Green Relaxed Fit Graphic Print Hoodie,hoodies,Graphic Print Hoodie,Women,Green,XL,Relaxed Fit,Polyester,Mango,1749,4.1,Autumn,"Top-rated Mango graphic print hoodie featuring premium Green Polyester. Tailored to a comfortable Relaxed Fit, ideal for everyday wear during Autumn."
PRD2811,Zara Men's Pink Regular Fit Oversized Streetwear Hoodie,hoodies,Oversized Streetwear Hoodie,Men,Pink,XL,Regular Fit,Wool,Zara,3449,3.9,Autumn,"Crafted from premium Wool, this Zara Pink oversized streetwear hoodie offers exceptional comfort and durability for Autumn wardrobe styling. Features a sleek Regular Fit design."
PRD2812,Biba Unisex's Purple Regular Fit Fleece Pullover Hoodie,hoodies,Fleece Pullover Hoodie,Unisex,Purple,S,Regular Fit,Wool,Biba,3099,3.8,Autumn,Stay fashion-forward with this versatile Purple fleece pullover hoodie from Biba. Includes a refined Regular Fit profile and high quality Wool fabric.
PRD2813,Allen Solly Women's Brown Relaxed Fit Zip-Up Hooded Sweatshirt,hoodies,Zip-Up Hooded Sweatshirt,Women,Brown,XXL,Relaxed Fit,Wool,Allen Solly,3549,4.9,Winter,"Crafted from premium Wool, this Allen Solly Brown zip-up hooded sweatshirt offers exceptional comfort and durability for Winter wardrobe styling. Features a sleek Relaxed Fit design."
PRD2814,Tommy Hilfiger Men's White Relaxed Fit Zip-Up Hooded Sweatshirt,hoodies,Zip-Up Hooded Sweatshirt,Men,White,XL,Relaxed Fit,Wool,Tommy Hilfiger,1899,4.9,Winter,Stay fashion-forward with this versatile White zip-up hooded sweatshirt from Tommy Hilfiger. Includes a refined Relaxed Fit profile and high quality Wool fabric.
PRD2815,Tommy Hilfiger Men's Olive Oversized Heavyweight Warm Hoodie,hoodies,Heavyweight Warm Hoodie,Men,Olive,M,Oversized,Cotton,Tommy Hilfiger,1849,4.0,Winter,"Essential Tommy Hilfiger Men's heavyweight warm hoodie tailored with a modern Oversized. Made of soft, breathable Cotton in rich Olive. Ideal choice for Winter."
PRD2816,Puma Unisex's Red Oversized Heavyweight Warm Hoodie,hoodies,Heavyweight Warm Hoodie,Unisex,Red,L,Oversized,Wool,Puma,2899,3.7,Autumn,Stay fashion-forward with this versatile Red heavyweight warm hoodie from Puma. Includes a refined Oversized profile and high quality Wool fabric.
PRD2817,Mango Men's Brown Oversized Zip-Up Hooded Sweatshirt,hoodies,Zip-Up Hooded Sweatshirt,Men,Brown,S,Oversized,Polyester,Mango,3499,4.0,Winter,"Essential Mango Men's zip-up hooded sweatshirt tailored with a modern Oversized. Made of soft, breathable Polyester in rich Brown. Ideal choice for Winter."
PRD2818,Under Armour Unisex's Maroon Relaxed Fit Graphic Print Hoodie,hoodies,Graphic Print Hoodie,Unisex,Maroon,XL,Relaxed Fit,Cotton,Under Armour,3549,4.2,Winter,"Elevate your look with this stylish Maroon graphic print hoodie by Under Armour. Designed in a comfortable Relaxed Fit using high-grade Cotton, perfect for casual or semi-formal outings."
PRD2819,Under Armour Women's Blue Regular Fit Zip-Up Hooded Sweatshirt,hoodies,Zip-Up Hooded Sweatshirt,Women,Blue,M,Regular Fit,Cotton,Under Armour,3099,4.6,Autumn,Stay fashion-forward with this versatile Blue zip-up hooded sweatshirt from Under Armour. Includes a refined Regular Fit profile and high quality Cotton fabric.
PRD2820,Nike Women's Maroon Oversized Zip-Up Hooded Sweatshirt,hoodies,Zip-Up Hooded Sweatshirt,Women,Maroon,M,Oversized,Cotton,Nike,1799,3.5,Winter,"Crafted from premium Cotton, this Nike Maroon zip-up hooded sweatshirt offers exceptional comfort and durability for Winter wardrobe styling. Features a sleek Oversized design."
PRD2821,Roadster Women's Maroon Relaxed Fit Oversized Streetwear Hoodie,hoodies,Oversized Streetwear Hoodie,Women,Maroon,M,Relaxed Fit,Cotton,Roadster,1349,4.8,Winter,"Essential Roadster Women's oversized streetwear hoodie tailored with a modern Relaxed Fit. Made of soft, breathable Cotton in rich Maroon. Ideal choice for Winter."
PRD2822,Aurelia Unisex's Brown Relaxed Fit Graphic Print Hoodie,hoodies,Graphic Print Hoodie,Unisex,Brown,L,Relaxed Fit,Polyester,Aurelia,2049,4.5,Autumn,"Essential Aurelia Unisex's graphic print hoodie tailored with a modern Relaxed Fit. Made of soft, breathable Polyester in rich Brown. Ideal choice for Autumn."
PRD2823,Manyavar Men's Red Relaxed Fit Oversized Streetwear Hoodie,hoodies,Oversized Streetwear Hoodie,Men,Red,S,Relaxed Fit,Wool,Manyavar,1349,3.8,Autumn,"Essential Manyavar Men's oversized streetwear hoodie tailored with a modern Relaxed Fit. Made of soft, breathable Wool in rich Red. Ideal choice for Autumn."
PRD2824,US Polo Assn Women's Olive Regular Fit Zip-Up Hooded Sweatshirt,hoodies,Zip-Up Hooded Sweatshirt,Women,Olive,S,Regular Fit,Wool,US Polo Assn,3049,3.6,Autumn,"Elevate your look with this stylish Olive zip-up hooded sweatshirt by US Polo Assn. Designed in a comfortable Regular Fit using high-grade Wool, perfect for casual or semi-formal outings."
PRD2825,Allen Solly Men's Black Regular Fit Heavyweight Warm Hoodie,hoodies,Heavyweight Warm Hoodie,Men,Black,XXL,Regular Fit,Wool,Allen Solly,2599,4.5,Winter,"Crafted from premium Wool, this Allen Solly Black heavyweight warm hoodie offers exceptional comfort and durability for Winter wardrobe styling. Features a sleek Regular Fit design."
PRD2826,US Polo Assn Women's Green Relaxed Fit Zip-Up Hooded Sweatshirt,hoodies,Zip-Up Hooded Sweatshirt,Women,Green,S,Relaxed Fit,Wool,US Polo Assn,1999,4.9,Winter,"Top-rated US Polo Assn zip-up hooded sweatshirt featuring premium Green Wool. Tailored to a comfortable Relaxed Fit, ideal for everyday wear during Winter."
PRD2827,HRX Men's Red Relaxed Fit Graphic Print Hoodie,hoodies,Graphic Print Hoodie,Men,Red,S,Relaxed Fit,Wool,HRX,1649,3.7,Autumn,"Crafted from premium Wool, this HRX Red graphic print hoodie offers exceptional comfort and durability for Autumn wardrobe styling. Features a sleek Relaxed Fit design."
PRD2828,Roadster Men's Red Regular Fit Zip-Up Hooded Sweatshirt,hoodies,Zip-Up Hooded Sweatshirt,Men,Red,XL,Regular Fit,Cotton,Roadster,3099,4.6,Autumn,"Elevate your look with this stylish Red zip-up hooded sweatshirt by Roadster. Designed in a comfortable Regular Fit using high-grade Cotton, perfect for casual or semi-formal outings."
PRD2829,Zara Unisex's Brown Relaxed Fit Fleece Pullover Hoodie,hoodies,Fleece Pullover Hoodie,Unisex,Brown,S,Relaxed Fit,Wool,Zara,1649,4.1,Winter,"Crafted from premium Wool, this Zara Brown fleece pullover hoodie offers exceptional comfort and durability for Winter wardrobe styling. Features a sleek Relaxed Fit design."
PRD2830,Roadster Men's Blue Relaxed Fit Zip-Up Hooded Sweatshirt,hoodies,Zip-Up Hooded Sweatshirt,Men,Blue,XL,Relaxed Fit,Wool,Roadster,1749,4.6,Winter,"Top-rated Roadster zip-up hooded sweatshirt featuring premium Blue Wool. Tailored to a comfortable Relaxed Fit, ideal for everyday wear during Winter."
PRD2831,Jack & Jones Men's Pink Relaxed Fit Zip-Up Hooded Sweatshirt,hoodies,Zip-Up Hooded Sweatshirt,Men,Pink,S,Relaxed Fit,Wool,Jack & Jones,2399,4.4,Winter,Stay fashion-forward with this versatile Pink zip-up hooded sweatshirt from Jack & Jones. Includes a refined Relaxed Fit profile and high quality Wool fabric.
PRD2832,Biba Men's Yellow Regular Fit Oversized Streetwear Hoodie,hoodies,Oversized Streetwear Hoodie,Men,Yellow,XL,Regular Fit,Wool,Biba,2399,4.7,Winter,"Crafted from premium Wool, this Biba Yellow oversized streetwear hoodie offers exceptional comfort and durability for Winter wardrobe styling. Features a sleek Regular Fit design."
PRD2833,Roadster Men's Blue Regular Fit Oversized Streetwear Hoodie,hoodies,Oversized Streetwear Hoodie,Men,Blue,XXL,Regular Fit,Polyester,Roadster,2799,4.4,Winter,"Elevate your look with this stylish Blue oversized streetwear hoodie by Roadster. Designed in a comfortable Regular Fit using high-grade Polyester, perfect for casual or semi-formal outings."
PRD2834,Tommy Hilfiger Unisex's Olive Oversized Fleece Pullover Hoodie,hoodies,Fleece Pullover Hoodie,Unisex,Olive,XXL,Oversized,Cotton,Tommy Hilfiger,2349,4.1,Winter,"Crafted from premium Cotton, this Tommy Hilfiger Olive fleece pullover hoodie offers exceptional comfort and durability for Winter wardrobe styling. Features a sleek Oversized design."
PRD2835,Under Armour Unisex's Purple Oversized Zip-Up Hooded Sweatshirt,hoodies,Zip-Up Hooded Sweatshirt,Unisex,Purple,S,Oversized,Polyester,Under Armour,1199,4.7,Autumn,"Elevate your look with this stylish Purple zip-up hooded sweatshirt by Under Armour. Designed in a comfortable Oversized using high-grade Polyester, perfect for casual or semi-formal outings."
PRD2836,Under Armour Women's White Relaxed Fit Heavyweight Warm Hoodie,hoodies,Heavyweight Warm Hoodie,Women,White,S,Relaxed Fit,Wool,Under Armour,1549,3.8,Autumn,Stay fashion-forward with this versatile White heavyweight warm hoodie from Under Armour. Includes a refined Relaxed Fit profile and high quality Wool fabric.
PRD2837,Nike Women's Red Oversized Zip-Up Hooded Sweatshirt,hoodies,Zip-Up Hooded Sweatshirt,Women,Red,XXL,Oversized,Polyester,Nike,2699,4.1,Autumn,"Elevate your look with this stylish Red zip-up hooded sweatshirt by Nike. Designed in a comfortable Oversized using high-grade Polyester, perfect for casual or semi-formal outings."
PRD2838,Allen Solly Women's Blue Relaxed Fit Fleece Pullover Hoodie,hoodies,Fleece Pullover Hoodie,Women,Blue,M,Relaxed Fit,Cotton,Allen Solly,3149,4.9,Winter,Stay fashion-forward with this versatile Blue fleece pullover hoodie from Allen Solly. Includes a refined Relaxed Fit profile and high quality Cotton fabric.
PRD2839,Nike Unisex's White Oversized Oversized Streetwear Hoodie,hoodies,Oversized Streetwear Hoodie,Unisex,White,L,Oversized,Cotton,Nike,1399,3.7,Autumn,"Top-rated Nike oversized streetwear hoodie featuring premium White Cotton. Tailored to a comfortable Oversized, ideal for everyday wear during Autumn."
PRD2840,Zara Unisex's Maroon Regular Fit Graphic Print Hoodie,hoodies,Graphic Print Hoodie,Unisex,Maroon,XXL,Regular Fit,Polyester,Zara,1249,4.1,Autumn,"Elevate your look with this stylish Maroon graphic print hoodie by Zara. Designed in a comfortable Regular Fit using high-grade Polyester, perfect for casual or semi-formal outings."
PRD2841,Roadster Unisex's Olive Regular Fit Oversized Streetwear Hoodie,hoodies,Oversized Streetwear Hoodie,Unisex,Olive,L,Regular Fit,Polyester,Roadster,1799,4.7,Autumn,"Crafted from premium Polyester, this Roadster Olive oversized streetwear hoodie offers exceptional comfort and durability for Autumn wardrobe styling. Features a sleek Regular Fit design."
PRD2842,Puma Men's Red Regular Fit Oversized Streetwear Hoodie,hoodies,Oversized Streetwear Hoodie,Men,Red,XXL,Regular Fit,Cotton,Puma,2649,4.9,Winter,Stay fashion-forward with this versatile Red oversized streetwear hoodie from Puma. Includes a refined Regular Fit profile and high quality Cotton fabric.
PRD2843,Mango Unisex's Beige Oversized Heavyweight Warm Hoodie,hoodies,Heavyweight Warm Hoodie,Unisex,Beige,XXL,Oversized,Polyester,Mango,1449,4.1,Autumn,"Top-rated Mango heavyweight warm hoodie featuring premium Beige Polyester. Tailored to a comfortable Oversized, ideal for everyday wear during Autumn."
PRD2844,W Women's Grey Regular Fit Oversized Streetwear Hoodie,hoodies,Oversized Streetwear Hoodie,Women,Grey,XL,Regular Fit,Cotton,W,1599,3.7,Autumn,"Essential W Women's oversized streetwear hoodie tailored with a modern Regular Fit. Made of soft, breathable Cotton in rich Grey. Ideal choice for Autumn."
PRD2845,Jack & Jones Men's Blue Regular Fit Graphic Print Hoodie,hoodies,Graphic Print Hoodie,Men,Blue,S,Regular Fit,Wool,Jack & Jones,3299,3.7,Winter,"Elevate your look with this stylish Blue graphic print hoodie by Jack & Jones. Designed in a comfortable Regular Fit using high-grade Wool, perfect for casual or semi-formal outings."
PRD2846,Levi's Unisex's Red Regular Fit Graphic Print Hoodie,hoodies,Graphic Print Hoodie,Unisex,Red,L,Regular Fit,Polyester,Levi's,1549,4.2,Autumn,Stay fashion-forward with this versatile Red graphic print hoodie from Levi's. Includes a refined Regular Fit profile and high quality Polyester fabric.
PRD2847,Manyavar Unisex's Black Relaxed Fit Fleece Pullover Hoodie,hoodies,Fleece Pullover Hoodie,Unisex,Black,XL,Relaxed Fit,Cotton,Manyavar,1599,3.7,Autumn,"Crafted from premium Cotton, this Manyavar Black fleece pullover hoodie offers exceptional comfort and durability for Autumn wardrobe styling. Features a sleek Relaxed Fit design."
PRD2848,Nike Unisex's Black Oversized Oversized Streetwear Hoodie,hoodies,Oversized Streetwear Hoodie,Unisex,Black,XXL,Oversized,Cotton,Nike,1349,4.1,Winter,"Crafted from premium Cotton, this Nike Black oversized streetwear hoodie offers exceptional comfort and durability for Winter wardrobe styling. Features a sleek Oversized design."
PRD2849,Puma Women's Maroon Slim Fit Cable Knit Pullover,sweaters,Cable Knit Pullover,Women,Maroon,S,Slim Fit,Cotton,Puma,2549,4.0,Winter,"Top-rated Puma cable knit pullover featuring premium Maroon Cotton. Tailored to a comfortable Slim Fit, ideal for everyday wear during Winter."
PRD2850,Adidas Women's Red Regular Fit Turtleneck Fine Sweater,sweaters,Turtleneck Fine Sweater,Women,Red,M,Regular Fit,Wool,Adidas,1499,3.5,Winter,Stay fashion-forward with this versatile Red turtleneck fine sweater from Adidas. Includes a refined Regular Fit profile and high quality Wool fabric.
PRD2851,FabIndia Unisex's Purple Relaxed Fit Cardigan Button Sweater,sweaters,Cardigan Button Sweater,Unisex,Purple,XL,Relaxed Fit,Cotton,FabIndia,3149,4.4,Autumn,Stay fashion-forward with this versatile Purple cardigan button sweater from FabIndia. Includes a refined Relaxed Fit profile and high quality Cotton fabric.
PRD2852,Levi's Men's Yellow Slim Fit V-Neck Wool Sweater,sweaters,V-Neck Wool Sweater,Men,Yellow,M,Slim Fit,Cotton,Levi's,3849,4.1,Winter,Stay fashion-forward with this versatile Yellow v-neck wool sweater from Levi's. Includes a refined Slim Fit profile and high quality Cotton fabric.
PRD2853,Adidas Women's Grey Slim Fit Turtleneck Fine Sweater,sweaters,Turtleneck Fine Sweater,Women,Grey,XXL,Slim Fit,Wool,Adidas,1649,4.3,Autumn,"Elevate your look with this stylish Grey turtleneck fine sweater by Adidas. Designed in a comfortable Slim Fit using high-grade Wool, perfect for casual or semi-formal outings."
PRD2854,Mango Men's Black Regular Fit Cable Knit Pullover,sweaters,Cable Knit Pullover,Men,Black,XL,Regular Fit,Cotton,Mango,1799,4.0,Autumn,"Essential Mango Men's cable knit pullover tailored with a modern Regular Fit. Made of soft, breathable Cotton in rich Black. Ideal choice for Autumn."
PRD2855,Under Armour Men's Brown Slim Fit Cable Knit Pullover,sweaters,Cable Knit Pullover,Men,Brown,XXL,Slim Fit,Wool,Under Armour,3349,4.5,Autumn,"Crafted from premium Wool, this Under Armour Brown cable knit pullover offers exceptional comfort and durability for Autumn wardrobe styling. Features a sleek Slim Fit design."
PRD2856,Adidas Men's Maroon Relaxed Fit Cable Knit Pullover,sweaters,Cable Knit Pullover,Men,Maroon,XXL,Relaxed Fit,Cotton,Adidas,3649,3.6,Winter,"Top-rated Adidas cable knit pullover featuring premium Maroon Cotton. Tailored to a comfortable Relaxed Fit, ideal for everyday wear during Winter."
PRD2857,Adidas Men's Navy Slim Fit Ribbed Knit Top,sweaters,Ribbed Knit Top,Men,Navy,M,Slim Fit,Wool,Adidas,1549,3.9,Autumn,"Top-rated Adidas ribbed knit top featuring premium Navy Wool. Tailored to a comfortable Slim Fit, ideal for everyday wear during Autumn."
PRD2858,Manyavar Unisex's Green Relaxed Fit Cable Knit Pullover,sweaters,Cable Knit Pullover,Unisex,Green,XXL,Relaxed Fit,Cotton,Manyavar,3549,5.0,Autumn,"Elevate your look with this stylish Green cable knit pullover by Manyavar. Designed in a comfortable Relaxed Fit using high-grade Cotton, perfect for casual or semi-formal outings."
PRD2859,H&M Women's Pink Regular Fit V-Neck Wool Sweater,sweaters,V-Neck Wool Sweater,Women,Pink,XL,Regular Fit,Wool,H&M,3849,4.3,Autumn,"Essential H&M Women's v-neck wool sweater tailored with a modern Regular Fit. Made of soft, breathable Wool in rich Pink. Ideal choice for Autumn."
PRD2860,Nike Women's Blue Slim Fit Turtleneck Fine Sweater,sweaters,Turtleneck Fine Sweater,Women,Blue,L,Slim Fit,Wool,Nike,1599,4.2,Autumn,"Top-rated Nike turtleneck fine sweater featuring premium Blue Wool. Tailored to a comfortable Slim Fit, ideal for everyday wear during Autumn."
PRD2861,Adidas Men's Purple Slim Fit V-Neck Wool Sweater,sweaters,V-Neck Wool Sweater,Men,Purple,M,Slim Fit,Cotton,Adidas,2249,4.6,Autumn,"Top-rated Adidas v-neck wool sweater featuring premium Purple Cotton. Tailored to a comfortable Slim Fit, ideal for everyday wear during Autumn."
PRD2862,Under Armour Women's Pink Relaxed Fit Ribbed Knit Top,sweaters,Ribbed Knit Top,Women,Pink,S,Relaxed Fit,Wool,Under Armour,1649,4.6,Autumn,"Essential Under Armour Women's ribbed knit top tailored with a modern Relaxed Fit. Made of soft, breathable Wool in rich Pink. Ideal choice for Autumn."
PRD2863,FabIndia Unisex's White Slim Fit Turtleneck Fine Sweater,sweaters,Turtleneck Fine Sweater,Unisex,White,S,Slim Fit,Wool,FabIndia,3499,4.2,Autumn,"Top-rated FabIndia turtleneck fine sweater featuring premium White Wool. Tailored to a comfortable Slim Fit, ideal for everyday wear during Autumn."
PRD2864,FabIndia Men's Grey Slim Fit Cable Knit Pullover,sweaters,Cable Knit Pullover,Men,Grey,L,Slim Fit,Wool,FabIndia,1749,4.8,Winter,"Top-rated FabIndia cable knit pullover featuring premium Grey Wool. Tailored to a comfortable Slim Fit, ideal for everyday wear during Winter."
PRD2865,H&M Women's Olive Relaxed Fit V-Neck Wool Sweater,sweaters,V-Neck Wool Sweater,Women,Olive,S,Relaxed Fit,Cotton,H&M,1699,5.0,Winter,"Crafted from premium Cotton, this H&M Olive v-neck wool sweater offers exceptional comfort and durability for Winter wardrobe styling. Features a sleek Relaxed Fit design."
PRD2866,Aurelia Unisex's Pink Regular Fit Ribbed Knit Top,sweaters,Ribbed Knit Top,Unisex,Pink,XXL,Regular Fit,Wool,Aurelia,2999,4.8,Winter,"Essential Aurelia Unisex's ribbed knit top tailored with a modern Regular Fit. Made of soft, breathable Wool in rich Pink. Ideal choice for Winter."
PRD2867,Aurelia Men's Brown Slim Fit V-Neck Wool Sweater,sweaters,V-Neck Wool Sweater,Men,Brown,XXL,Slim Fit,Cotton,Aurelia,3499,4.6,Autumn,"Elevate your look with this stylish Brown v-neck wool sweater by Aurelia. Designed in a comfortable Slim Fit using high-grade Cotton, perfect for casual or semi-formal outings."
PRD2868,Under Armour Unisex's Navy Regular Fit Turtleneck Fine Sweater,sweaters,Turtleneck Fine Sweater,Unisex,Navy,S,Regular Fit,Wool,Under Armour,1499,3.9,Winter,"Crafted from premium Wool, this Under Armour Navy turtleneck fine sweater offers exceptional comfort and durability for Winter wardrobe styling. Features a sleek Regular Fit design."
PRD2869,HRX Women's Beige Relaxed Fit Turtleneck Fine Sweater,sweaters,Turtleneck Fine Sweater,Women,Beige,M,Relaxed Fit,Wool,HRX,2949,4.3,Winter,"Essential HRX Women's turtleneck fine sweater tailored with a modern Relaxed Fit. Made of soft, breathable Wool in rich Beige. Ideal choice for Winter."
PRD2870,Biba Unisex's Olive Slim Fit Cable Knit Pullover,sweaters,Cable Knit Pullover,Unisex,Olive,XXL,Slim Fit,Wool,Biba,2499,4.7,Autumn,"Top-rated Biba cable knit pullover featuring premium Olive Wool. Tailored to a comfortable Slim Fit, ideal for everyday wear during Autumn."
PRD2871,HRX Unisex's White Regular Fit Ribbed Knit Top,sweaters,Ribbed Knit Top,Unisex,White,S,Regular Fit,Cotton,HRX,2449,3.6,Autumn,"Essential HRX Unisex's ribbed knit top tailored with a modern Regular Fit. Made of soft, breathable Cotton in rich White. Ideal choice for Autumn."
PRD2872,Puma Women's Brown Slim Fit Cable Knit Pullover,sweaters,Cable Knit Pullover,Women,Brown,L,Slim Fit,Cotton,Puma,3099,3.6,Winter,"Top-rated Puma cable knit pullover featuring premium Brown Cotton. Tailored to a comfortable Slim Fit, ideal for everyday wear during Winter."
PRD2873,Puma Women's Green Relaxed Fit V-Neck Wool Sweater,sweaters,V-Neck Wool Sweater,Women,Green,XL,Relaxed Fit,Wool,Puma,2799,3.7,Autumn,Stay fashion-forward with this versatile Green v-neck wool sweater from Puma. Includes a refined Relaxed Fit profile and high quality Wool fabric.
PRD2874,Under Armour Men's Green Relaxed Fit Turtleneck Fine Sweater,sweaters,Turtleneck Fine Sweater,Men,Green,L,Relaxed Fit,Wool,Under Armour,3849,4.1,Autumn,"Top-rated Under Armour turtleneck fine sweater featuring premium Green Wool. Tailored to a comfortable Relaxed Fit, ideal for everyday wear during Autumn."
PRD2875,Puma Unisex's Grey Slim Fit Cardigan Button Sweater,sweaters,Cardigan Button Sweater,Unisex,Grey,XXL,Slim Fit,Cotton,Puma,2649,3.7,Autumn,Stay fashion-forward with this versatile Grey cardigan button sweater from Puma. Includes a refined Slim Fit profile and high quality Cotton fabric.
PRD2876,Levi's Unisex's Navy Slim Fit V-Neck Wool Sweater,sweaters,V-Neck Wool Sweater,Unisex,Navy,M,Slim Fit,Cotton,Levi's,2849,4.4,Winter,"Elevate your look with this stylish Navy v-neck wool sweater by Levi's. Designed in a comfortable Slim Fit using high-grade Cotton, perfect for casual or semi-formal outings."
PRD2877,HRX Unisex's Yellow Slim Fit Cardigan Button Sweater,sweaters,Cardigan Button Sweater,Unisex,Yellow,L,Slim Fit,Wool,HRX,3549,4.1,Winter,"Top-rated HRX cardigan button sweater featuring premium Yellow Wool. Tailored to a comfortable Slim Fit, ideal for everyday wear during Winter."
PRD2878,Puma Men's Grey Slim Fit Ribbed Knit Top,sweaters,Ribbed Knit Top,Men,Grey,XL,Slim Fit,Cotton,Puma,1999,5.0,Autumn,"Top-rated Puma ribbed knit top featuring premium Grey Cotton. Tailored to a comfortable Slim Fit, ideal for everyday wear during Autumn."
PRD2879,Jack & Jones Unisex's Blue Regular Fit Ribbed Knit Top,sweaters,Ribbed Knit Top,Unisex,Blue,S,Regular Fit,Wool,Jack & Jones,2599,3.6,Winter,"Crafted from premium Wool, this Jack & Jones Blue ribbed knit top offers exceptional comfort and durability for Winter wardrobe styling. Features a sleek Regular Fit design."
PRD2880,Under Armour Women's Olive Relaxed Fit V-Neck Wool Sweater,sweaters,V-Neck Wool Sweater,Women,Olive,XL,Relaxed Fit,Wool,Under Armour,1799,3.8,Winter,Stay fashion-forward with this versatile Olive v-neck wool sweater from Under Armour. Includes a refined Relaxed Fit profile and high quality Wool fabric.
PRD2881,HRX Women's White Slim Fit Cable Knit Pullover,sweaters,Cable Knit Pullover,Women,White,L,Slim Fit,Wool,HRX,3649,4.3,Autumn,Stay fashion-forward with this versatile White cable knit pullover from HRX. Includes a refined Slim Fit profile and high quality Wool fabric.
PRD2882,Tommy Hilfiger Men's Navy Regular Fit Cable Knit Pullover,sweaters,Cable Knit Pullover,Men,Navy,M,Regular Fit,Cotton,Tommy Hilfiger,2449,3.7,Autumn,"Crafted from premium Cotton, this Tommy Hilfiger Navy cable knit pullover offers exceptional comfort and durability for Autumn wardrobe styling. Features a sleek Regular Fit design."
PRD2883,HRX Unisex's Black Slim Fit Cardigan Button Sweater,sweaters,Cardigan Button Sweater,Unisex,Black,S,Slim Fit,Cotton,HRX,3699,4.1,Autumn,"Crafted from premium Cotton, this HRX Black cardigan button sweater offers exceptional comfort and durability for Autumn wardrobe styling. Features a sleek Slim Fit design."
PRD2884,Mango Unisex's Blue Relaxed Fit Turtleneck Fine Sweater,sweaters,Turtleneck Fine Sweater,Unisex,Blue,XXL,Relaxed Fit,Wool,Mango,3599,4.4,Autumn,"Top-rated Mango turtleneck fine sweater featuring premium Blue Wool. Tailored to a comfortable Relaxed Fit, ideal for everyday wear during Autumn."
PRD2885,Zara Unisex's Maroon Slim Fit Ribbed Knit Top,sweaters,Ribbed Knit Top,Unisex,Maroon,XXL,Slim Fit,Cotton,Zara,1949,3.6,Autumn,"Crafted from premium Cotton, this Zara Maroon ribbed knit top offers exceptional comfort and durability for Autumn wardrobe styling. Features a sleek Slim Fit design."
PRD2886,Jack & Jones Women's Yellow Slim Fit Cardigan Button Sweater,sweaters,Cardigan Button Sweater,Women,Yellow,XXL,Slim Fit,Wool,Jack & Jones,2149,4.9,Autumn,Stay fashion-forward with this versatile Yellow cardigan button sweater from Jack & Jones. Includes a refined Slim Fit profile and high quality Wool fabric.
PRD2887,Adidas Women's Pink Relaxed Fit Ribbed Knit Top,sweaters,Ribbed Knit Top,Women,Pink,XXL,Relaxed Fit,Wool,Adidas,3599,4.2,Autumn,"Top-rated Adidas ribbed knit top featuring premium Pink Wool. Tailored to a comfortable Relaxed Fit, ideal for everyday wear during Autumn."
PRD2888,Biba Women's Maroon Slim Fit Ribbed Knit Top,sweaters,Ribbed Knit Top,Women,Maroon,XXL,Slim Fit,Cotton,Biba,2449,5.0,Autumn,"Crafted from premium Cotton, this Biba Maroon ribbed knit top offers exceptional comfort and durability for Autumn wardrobe styling. Features a sleek Slim Fit design."
PRD2889,Nike Unisex's White Relaxed Fit Cable Knit Pullover,sweaters,Cable Knit Pullover,Unisex,White,XL,Relaxed Fit,Wool,Nike,2849,3.9,Winter,Stay fashion-forward with this versatile White cable knit pullover from Nike. Includes a refined Relaxed Fit profile and high quality Wool fabric.
PRD2890,Zara Men's Blue Regular Fit Cardigan Button Sweater,sweaters,Cardigan Button Sweater,Men,Blue,S,Regular Fit,Wool,Zara,2299,4.7,Autumn,"Top-rated Zara cardigan button sweater featuring premium Blue Wool. Tailored to a comfortable Regular Fit, ideal for everyday wear during Autumn."
PRD2891,Aurelia Men's Grey Regular Fit Turtleneck Fine Sweater,sweaters,Turtleneck Fine Sweater,Men,Grey,M,Regular Fit,Wool,Aurelia,1799,4.3,Autumn,"Essential Aurelia Men's turtleneck fine sweater tailored with a modern Regular Fit. Made of soft, breathable Wool in rich Grey. Ideal choice for Autumn."
PRD2892,Tommy Hilfiger Unisex's Black Regular Fit Cardigan Button Sweater,sweaters,Cardigan Button Sweater,Unisex,Black,S,Regular Fit,Cotton,Tommy Hilfiger,1499,4.4,Winter,"Top-rated Tommy Hilfiger cardigan button sweater featuring premium Black Cotton. Tailored to a comfortable Regular Fit, ideal for everyday wear during Winter."
PRD2893,US Polo Assn Women's Yellow Relaxed Fit V-Neck Wool Sweater,sweaters,V-Neck Wool Sweater,Women,Yellow,S,Relaxed Fit,Cotton,US Polo Assn,2599,4.9,Winter,Stay fashion-forward with this versatile Yellow v-neck wool sweater from US Polo Assn. Includes a refined Relaxed Fit profile and high quality Cotton fabric.
PRD2894,Adidas Unisex's Grey Regular Fit Ribbed Knit Top,sweaters,Ribbed Knit Top,Unisex,Grey,S,Regular Fit,Cotton,Adidas,2699,4.7,Autumn,"Essential Adidas Unisex's ribbed knit top tailored with a modern Regular Fit. Made of soft, breathable Cotton in rich Grey. Ideal choice for Autumn."
PRD2895,FabIndia Women's Navy Regular Fit Cable Knit Pullover,sweaters,Cable Knit Pullover,Women,Navy,XL,Regular Fit,Cotton,FabIndia,2749,4.3,Autumn,"Crafted from premium Cotton, this FabIndia Navy cable knit pullover offers exceptional comfort and durability for Autumn wardrobe styling. Features a sleek Regular Fit design."
PRD2896,Under Armour Women's Brown Regular Fit Turtleneck Fine Sweater,sweaters,Turtleneck Fine Sweater,Women,Brown,XXL,Regular Fit,Wool,Under Armour,3849,3.5,Winter,"Elevate your look with this stylish Brown turtleneck fine sweater by Under Armour. Designed in a comfortable Regular Fit using high-grade Wool, perfect for casual or semi-formal outings."
PRD2897,Puma Women's Brown Regular Fit Cardigan Button Sweater,sweaters,Cardigan Button Sweater,Women,Brown,M,Regular Fit,Cotton,Puma,3099,4.0,Winter,"Essential Puma Women's cardigan button sweater tailored with a modern Regular Fit. Made of soft, breathable Cotton in rich Brown. Ideal choice for Winter."
PRD2898,Zara Women's Olive Regular Fit Cable Knit Pullover,sweaters,Cable Knit Pullover,Women,Olive,S,Regular Fit,Cotton,Zara,1399,4.5,Winter,Stay fashion-forward with this versatile Olive cable knit pullover from Zara. Includes a refined Regular Fit profile and high quality Cotton fabric.
PRD2899,FabIndia Men's White Slim Fit V-Neck Wool Sweater,sweaters,V-Neck Wool Sweater,Men,White,XL,Slim Fit,Cotton,FabIndia,3149,4.9,Winter,Stay fashion-forward with this versatile White v-neck wool sweater from FabIndia. Includes a refined Slim Fit profile and high quality Cotton fabric.
PRD2900,Mango Women's White Regular Fit Cardigan Button Sweater,sweaters,Cardigan Button Sweater,Women,White,S,Regular Fit,Wool,Mango,1799,3.6,Autumn,"Essential Mango Women's cardigan button sweater tailored with a modern Regular Fit. Made of soft, breathable Wool in rich White. Ideal choice for Autumn."
PRD2901,Nike Women's Purple Relaxed Fit Cable Knit Pullover,sweaters,Cable Knit Pullover,Women,Purple,S,Relaxed Fit,Cotton,Nike,1399,4.6,Autumn,"Top-rated Nike cable knit pullover featuring premium Purple Cotton. Tailored to a comfortable Relaxed Fit, ideal for everyday wear during Autumn."
PRD2902,Levi's Women's Pink Relaxed Fit Cable Knit Pullover,sweaters,Cable Knit Pullover,Women,Pink,XL,Relaxed Fit,Cotton,Levi's,3649,3.7,Autumn,"Crafted from premium Cotton, this Levi's Pink cable knit pullover offers exceptional comfort and durability for Autumn wardrobe styling. Features a sleek Relaxed Fit design."
PRD2903,FabIndia Unisex's Navy Regular Fit Ribbed Knit Top,sweaters,Ribbed Knit Top,Unisex,Navy,XL,Regular Fit,Wool,FabIndia,1949,5.0,Autumn,Stay fashion-forward with this versatile Navy ribbed knit top from FabIndia. Includes a refined Regular Fit profile and high quality Wool fabric.
PRD2904,Adidas Unisex's Brown Regular Fit V-Neck Wool Sweater,sweaters,V-Neck Wool Sweater,Unisex,Brown,S,Regular Fit,Wool,Adidas,2049,3.6,Winter,"Top-rated Adidas v-neck wool sweater featuring premium Brown Wool. Tailored to a comfortable Regular Fit, ideal for everyday wear during Winter."
PRD2905,Adidas Unisex's Brown Regular Fit V-Neck Wool Sweater,sweaters,V-Neck Wool Sweater,Unisex,Brown,XL,Regular Fit,Cotton,Adidas,2799,4.5,Winter,Stay fashion-forward with this versatile Brown v-neck wool sweater from Adidas. Includes a refined Regular Fit profile and high quality Cotton fabric.
PRD2906,Aurelia Women's Yellow Regular Fit Cable Knit Pullover,sweaters,Cable Knit Pullover,Women,Yellow,L,Regular Fit,Wool,Aurelia,3499,3.8,Autumn,"Elevate your look with this stylish Yellow cable knit pullover by Aurelia. Designed in a comfortable Regular Fit using high-grade Wool, perfect for casual or semi-formal outings."
PRD2907,Nike Unisex's Brown Slim Fit Ribbed Knit Top,sweaters,Ribbed Knit Top,Unisex,Brown,L,Slim Fit,Cotton,Nike,2449,3.6,Autumn,Stay fashion-forward with this versatile Brown ribbed knit top from Nike. Includes a refined Slim Fit profile and high quality Cotton fabric.
PRD2908,Adidas Unisex's Navy Regular Fit Cardigan Button Sweater,sweaters,Cardigan Button Sweater,Unisex,Navy,M,Regular Fit,Cotton,Adidas,2199,4.8,Autumn,"Crafted from premium Cotton, this Adidas Navy cardigan button sweater offers exceptional comfort and durability for Autumn wardrobe styling. Features a sleek Regular Fit design."
PRD2909,Nike Men's White Relaxed Fit V-Neck Wool Sweater,sweaters,V-Neck Wool Sweater,Men,White,XXL,Relaxed Fit,Cotton,Nike,3899,4.6,Autumn,Stay fashion-forward with this versatile White v-neck wool sweater from Nike. Includes a refined Relaxed Fit profile and high quality Cotton fabric.
PRD2910,H&M Women's Brown Regular Fit Turtleneck Fine Sweater,sweaters,Turtleneck Fine Sweater,Women,Brown,L,Regular Fit,Wool,H&M,3999,4.5,Winter,"Elevate your look with this stylish Brown turtleneck fine sweater by H&M. Designed in a comfortable Regular Fit using high-grade Wool, perfect for casual or semi-formal outings."
PRD2911,Mango Men's Red Relaxed Fit V-Neck Wool Sweater,sweaters,V-Neck Wool Sweater,Men,Red,S,Relaxed Fit,Cotton,Mango,3299,4.0,Winter,"Crafted from premium Cotton, this Mango Red v-neck wool sweater offers exceptional comfort and durability for Winter wardrobe styling. Features a sleek Relaxed Fit design."
PRD2912,Aurelia Men's Pink Regular Fit Cable Knit Pullover,sweaters,Cable Knit Pullover,Men,Pink,L,Regular Fit,Wool,Aurelia,2699,4.6,Winter,"Elevate your look with this stylish Pink cable knit pullover by Aurelia. Designed in a comfortable Regular Fit using high-grade Wool, perfect for casual or semi-formal outings."
PRD2913,Zara Unisex's Brown Slim Fit Turtleneck Fine Sweater,sweaters,Turtleneck Fine Sweater,Unisex,Brown,L,Slim Fit,Cotton,Zara,3949,4.8,Winter,"Essential Zara Unisex's turtleneck fine sweater tailored with a modern Slim Fit. Made of soft, breathable Cotton in rich Brown. Ideal choice for Winter."
PRD2914,Puma Men's Black Relaxed Fit Cardigan Button Sweater,sweaters,Cardigan Button Sweater,Men,Black,XL,Relaxed Fit,Wool,Puma,3199,4.2,Winter,"Essential Puma Men's cardigan button sweater tailored with a modern Relaxed Fit. Made of soft, breathable Wool in rich Black. Ideal choice for Winter."
PRD2915,Manyavar Women's Navy Slim Fit Cable Knit Pullover,sweaters,Cable Knit Pullover,Women,Navy,L,Slim Fit,Cotton,Manyavar,2849,3.9,Autumn,Stay fashion-forward with this versatile Navy cable knit pullover from Manyavar. Includes a refined Slim Fit profile and high quality Cotton fabric.
PRD2916,Zara Men's Purple Relaxed Fit Ribbed Knit Top,sweaters,Ribbed Knit Top,Men,Purple,XL,Relaxed Fit,Cotton,Zara,3849,4.4,Winter,Stay fashion-forward with this versatile Purple ribbed knit top from Zara. Includes a refined Relaxed Fit profile and high quality Cotton fabric.
PRD2917,Aurelia Men's Olive Relaxed Fit Cable Knit Pullover,sweaters,Cable Knit Pullover,Men,Olive,XXL,Relaxed Fit,Cotton,Aurelia,1899,3.7,Winter,Stay fashion-forward with this versatile Olive cable knit pullover from Aurelia. Includes a refined Relaxed Fit profile and high quality Cotton fabric.
PRD2918,Manyavar Unisex's Green Relaxed Fit Ribbed Knit Top,sweaters,Ribbed Knit Top,Unisex,Green,XXL,Relaxed Fit,Cotton,Manyavar,3549,4.3,Autumn,"Elevate your look with this stylish Green ribbed knit top by Manyavar. Designed in a comfortable Relaxed Fit using high-grade Cotton, perfect for casual or semi-formal outings."
PRD2919,Zara Women's Beige Relaxed Fit Cardigan Button Sweater,sweaters,Cardigan Button Sweater,Women,Beige,S,Relaxed Fit,Wool,Zara,2499,4.8,Autumn,"Elevate your look with this stylish Beige cardigan button sweater by Zara. Designed in a comfortable Relaxed Fit using high-grade Wool, perfect for casual or semi-formal outings."
PRD2920,Adidas Men's Black Slim Fit Turtleneck Fine Sweater,sweaters,Turtleneck Fine Sweater,Men,Black,M,Slim Fit,Cotton,Adidas,2449,3.7,Autumn,"Elevate your look with this stylish Black turtleneck fine sweater by Adidas. Designed in a comfortable Slim Fit using high-grade Cotton, perfect for casual or semi-formal outings."
PRD2921,Aurelia Unisex's Beige Slim Fit V-Neck Wool Sweater,sweaters,V-Neck Wool Sweater,Unisex,Beige,XXL,Slim Fit,Wool,Aurelia,1799,3.7,Winter,"Crafted from premium Wool, this Aurelia Beige v-neck wool sweater offers exceptional comfort and durability for Winter wardrobe styling. Features a sleek Slim Fit design."
PRD2922,Aurelia Men's Grey Slim Fit Turtleneck Fine Sweater,sweaters,Turtleneck Fine Sweater,Men,Grey,XXL,Slim Fit,Wool,Aurelia,3499,4.9,Winter,"Top-rated Aurelia turtleneck fine sweater featuring premium Grey Wool. Tailored to a comfortable Slim Fit, ideal for everyday wear during Winter."
PRD2923,Aurelia Men's White Slim Fit V-Neck Wool Sweater,sweaters,V-Neck Wool Sweater,Men,White,S,Slim Fit,Wool,Aurelia,2149,3.8,Winter,"Crafted from premium Wool, this Aurelia White v-neck wool sweater offers exceptional comfort and durability for Winter wardrobe styling. Features a sleek Slim Fit design."
PRD2924,Levi's Unisex's Yellow Regular Fit Cable Knit Pullover,sweaters,Cable Knit Pullover,Unisex,Yellow,XL,Regular Fit,Cotton,Levi's,1849,3.6,Autumn,"Crafted from premium Cotton, this Levi's Yellow cable knit pullover offers exceptional comfort and durability for Autumn wardrobe styling. Features a sleek Regular Fit design."
PRD2925,Manyavar Unisex's Purple Relaxed Fit Ribbed Knit Top,sweaters,Ribbed Knit Top,Unisex,Purple,S,Relaxed Fit,Cotton,Manyavar,1399,4.3,Autumn,"Essential Manyavar Unisex's ribbed knit top tailored with a modern Relaxed Fit. Made of soft, breathable Cotton in rich Purple. Ideal choice for Autumn."
PRD2926,Allen Solly Women's Brown Slim Fit Cardigan Button Sweater,sweaters,Cardigan Button Sweater,Women,Brown,M,Slim Fit,Cotton,Allen Solly,3649,3.9,Winter,"Essential Allen Solly Women's cardigan button sweater tailored with a modern Slim Fit. Made of soft, breathable Cotton in rich Brown. Ideal choice for Winter."
PRD2927,Puma Unisex's Yellow Slim Fit Cable Knit Pullover,sweaters,Cable Knit Pullover,Unisex,Yellow,XL,Slim Fit,Cotton,Puma,3649,4.5,Autumn,"Elevate your look with this stylish Yellow cable knit pullover by Puma. Designed in a comfortable Slim Fit using high-grade Cotton, perfect for casual or semi-formal outings."
PRD2928,Tommy Hilfiger Women's Purple Relaxed Fit Cardigan Button Sweater,sweaters,Cardigan Button Sweater,Women,Purple,S,Relaxed Fit,Cotton,Tommy Hilfiger,1399,3.8,Winter,"Crafted from premium Cotton, this Tommy Hilfiger Purple cardigan button sweater offers exceptional comfort and durability for Winter wardrobe styling. Features a sleek Relaxed Fit design."
PRD2929,Jack & Jones Men's Black Regular Fit Turtleneck Fine Sweater,sweaters,Turtleneck Fine Sweater,Men,Black,XXL,Regular Fit,Cotton,Jack & Jones,2949,4.2,Autumn,"Crafted from premium Cotton, this Jack & Jones Black turtleneck fine sweater offers exceptional comfort and durability for Autumn wardrobe styling. Features a sleek Regular Fit design."
PRD2930,Tommy Hilfiger Unisex's Black Regular Fit Cable Knit Pullover,sweaters,Cable Knit Pullover,Unisex,Black,XL,Regular Fit,Cotton,Tommy Hilfiger,2449,3.6,Autumn,"Crafted from premium Cotton, this Tommy Hilfiger Black cable knit pullover offers exceptional comfort and durability for Autumn wardrobe styling. Features a sleek Regular Fit design."
PRD2931,Biba Women's Purple Slim Fit Cardigan Button Sweater,sweaters,Cardigan Button Sweater,Women,Purple,L,Slim Fit,Wool,Biba,1399,4.7,Winter,"Top-rated Biba cardigan button sweater featuring premium Purple Wool. Tailored to a comfortable Slim Fit, ideal for everyday wear during Winter."
PRD2932,Tommy Hilfiger Women's Pink Relaxed Fit Cable Knit Pullover,sweaters,Cable Knit Pullover,Women,Pink,S,Relaxed Fit,Cotton,Tommy Hilfiger,3499,4.4,Autumn,"Essential Tommy Hilfiger Women's cable knit pullover tailored with a modern Relaxed Fit. Made of soft, breathable Cotton in rich Pink. Ideal choice for Autumn."
PRD2933,Aurelia Women's Grey Relaxed Fit V-Neck Wool Sweater,sweaters,V-Neck Wool Sweater,Women,Grey,XXL,Relaxed Fit,Wool,Aurelia,1949,4.1,Autumn,"Top-rated Aurelia v-neck wool sweater featuring premium Grey Wool. Tailored to a comfortable Relaxed Fit, ideal for everyday wear during Autumn."
PRD2934,Under Armour Women's White Regular Fit Ribbed Knit Top,sweaters,Ribbed Knit Top,Women,White,XXL,Regular Fit,Cotton,Under Armour,2349,4.3,Winter,"Top-rated Under Armour ribbed knit top featuring premium White Cotton. Tailored to a comfortable Regular Fit, ideal for everyday wear during Winter."
PRD2935,Aurelia Unisex's Pink Slim Fit Ribbed Knit Top,sweaters,Ribbed Knit Top,Unisex,Pink,XXL,Slim Fit,Cotton,Aurelia,1649,4.0,Autumn,"Essential Aurelia Unisex's ribbed knit top tailored with a modern Slim Fit. Made of soft, breathable Cotton in rich Pink. Ideal choice for Autumn."
PRD2936,Under Armour Men's Navy Regular Fit Turtleneck Fine Sweater,sweaters,Turtleneck Fine Sweater,Men,Navy,XL,Regular Fit,Wool,Under Armour,1449,4.5,Autumn,"Elevate your look with this stylish Navy turtleneck fine sweater by Under Armour. Designed in a comfortable Regular Fit using high-grade Wool, perfect for casual or semi-formal outings."
PRD2937,Roadster Men's White Regular Fit Cable Knit Pullover,sweaters,Cable Knit Pullover,Men,White,XXL,Regular Fit,Cotton,Roadster,3749,4.3,Autumn,"Elevate your look with this stylish White cable knit pullover by Roadster. Designed in a comfortable Regular Fit using high-grade Cotton, perfect for casual or semi-formal outings."
PRD2938,Biba Women's Blue Relaxed Fit Cable Knit Pullover,sweaters,Cable Knit Pullover,Women,Blue,M,Relaxed Fit,Wool,Biba,1649,4.7,Autumn,"Essential Biba Women's cable knit pullover tailored with a modern Relaxed Fit. Made of soft, breathable Wool in rich Blue. Ideal choice for Autumn."
PRD2939,Tommy Hilfiger Women's Blue Regular Fit Ribbed Knit Top,sweaters,Ribbed Knit Top,Women,Blue,L,Regular Fit,Cotton,Tommy Hilfiger,1749,4.5,Autumn,"Elevate your look with this stylish Blue ribbed knit top by Tommy Hilfiger. Designed in a comfortable Regular Fit using high-grade Cotton, perfect for casual or semi-formal outings."
PRD2940,Mango Women's Pink Slim Fit Cardigan Button Sweater,sweaters,Cardigan Button Sweater,Women,Pink,XXL,Slim Fit,Wool,Mango,3999,4.3,Winter,"Essential Mango Women's cardigan button sweater tailored with a modern Slim Fit. Made of soft, breathable Wool in rich Pink. Ideal choice for Winter."
PRD2941,H&M Unisex's Pink Regular Fit Ribbed Knit Top,sweaters,Ribbed Knit Top,Unisex,Pink,L,Regular Fit,Wool,H&M,2099,3.7,Autumn,"Top-rated H&M ribbed knit top featuring premium Pink Wool. Tailored to a comfortable Regular Fit, ideal for everyday wear during Autumn."
PRD2942,Mango Unisex's Pink Slim Fit Cardigan Button Sweater,sweaters,Cardigan Button Sweater,Unisex,Pink,L,Slim Fit,Cotton,Mango,2849,3.9,Winter,"Elevate your look with this stylish Pink cardigan button sweater by Mango. Designed in a comfortable Slim Fit using high-grade Cotton, perfect for casual or semi-formal outings."
PRD2943,Nike Women's Olive Regular Fit Ribbed Knit Top,sweaters,Ribbed Knit Top,Women,Olive,S,Regular Fit,Cotton,Nike,2699,4.2,Autumn,"Top-rated Nike ribbed knit top featuring premium Olive Cotton. Tailored to a comfortable Regular Fit, ideal for everyday wear during Autumn."
PRD2944,Roadster Unisex's White Slim Fit Cable Knit Pullover,sweaters,Cable Knit Pullover,Unisex,White,S,Slim Fit,Cotton,Roadster,3749,3.5,Autumn,"Crafted from premium Cotton, this Roadster White cable knit pullover offers exceptional comfort and durability for Autumn wardrobe styling. Features a sleek Slim Fit design."
PRD2945,H&M Men's Maroon Regular Fit Turtleneck Fine Sweater,sweaters,Turtleneck Fine Sweater,Men,Maroon,S,Regular Fit,Cotton,H&M,3249,3.8,Autumn,"Elevate your look with this stylish Maroon turtleneck fine sweater by H&M. Designed in a comfortable Regular Fit using high-grade Cotton, perfect for casual or semi-formal outings."
PRD2946,Adidas Men's Yellow Slim Fit Turtleneck Fine Sweater,sweaters,Turtleneck Fine Sweater,Men,Yellow,S,Slim Fit,Cotton,Adidas,1599,3.6,Autumn,"Top-rated Adidas turtleneck fine sweater featuring premium Yellow Cotton. Tailored to a comfortable Slim Fit, ideal for everyday wear during Autumn."
PRD2947,Manyavar Men's Maroon Regular Fit V-Neck Wool Sweater,sweaters,V-Neck Wool Sweater,Men,Maroon,S,Regular Fit,Cotton,Manyavar,1949,5.0,Winter,"Crafted from premium Cotton, this Manyavar Maroon v-neck wool sweater offers exceptional comfort and durability for Winter wardrobe styling. Features a sleek Regular Fit design."
PRD2948,Biba Women's Black Regular Fit Ribbed Knit Top,sweaters,Ribbed Knit Top,Women,Black,L,Regular Fit,Wool,Biba,3699,4.5,Winter,"Crafted from premium Wool, this Biba Black ribbed knit top offers exceptional comfort and durability for Winter wardrobe styling. Features a sleek Regular Fit design."
PRD2949,H&M Unisex's Navy Slim Fit Cable Knit Pullover,sweaters,Cable Knit Pullover,Unisex,Navy,S,Slim Fit,Wool,H&M,4049,3.6,Autumn,"Elevate your look with this stylish Navy cable knit pullover by H&M. Designed in a comfortable Slim Fit using high-grade Wool, perfect for casual or semi-formal outings."
PRD2950,HRX Unisex's Black Relaxed Fit Cable Knit Pullover,sweaters,Cable Knit Pullover,Unisex,Black,XL,Relaxed Fit,Cotton,HRX,1599,4.7,Winter,"Elevate your look with this stylish Black cable knit pullover by HRX. Designed in a comfortable Relaxed Fit using high-grade Cotton, perfect for casual or semi-formal outings."
PRD2951,Allen Solly Men's Beige Slim Fit Cable Knit Pullover,sweaters,Cable Knit Pullover,Men,Beige,S,Slim Fit,Cotton,Allen Solly,1399,4.9,Autumn,"Essential Allen Solly Men's cable knit pullover tailored with a modern Slim Fit. Made of soft, breathable Cotton in rich Beige. Ideal choice for Autumn."
PRD2952,H&M Unisex's Brown Regular Fit Ribbed Knit Top,sweaters,Ribbed Knit Top,Unisex,Brown,M,Regular Fit,Cotton,H&M,3999,3.7,Autumn,"Top-rated H&M ribbed knit top featuring premium Brown Cotton. Tailored to a comfortable Regular Fit, ideal for everyday wear during Autumn."
PRD2953,Manyavar Women's Pink Relaxed Fit Turtleneck Fine Sweater,sweaters,Turtleneck Fine Sweater,Women,Pink,L,Relaxed Fit,Wool,Manyavar,1899,4.4,Autumn,"Essential Manyavar Women's turtleneck fine sweater tailored with a modern Relaxed Fit. Made of soft, breathable Wool in rich Pink. Ideal choice for Autumn."
PRD2954,Mango Women's Purple Relaxed Fit Cable Knit Pullover,sweaters,Cable Knit Pullover,Women,Purple,XL,Relaxed Fit,Wool,Mango,2199,4.7,Winter,"Top-rated Mango cable knit pullover featuring premium Purple Wool. Tailored to a comfortable Relaxed Fit, ideal for everyday wear during Winter."
PRD2955,H&M Unisex's Brown Slim Fit V-Neck Wool Sweater,sweaters,V-Neck Wool Sweater,Unisex,Brown,L,Slim Fit,Wool,H&M,1549,3.7,Autumn,"Top-rated H&M v-neck wool sweater featuring premium Brown Wool. Tailored to a comfortable Slim Fit, ideal for everyday wear during Autumn."
PRD2956,Biba Unisex's White Slim Fit V-Neck Wool Sweater,sweaters,V-Neck Wool Sweater,Unisex,White,M,Slim Fit,Cotton,Biba,2849,4.2,Autumn,"Top-rated Biba v-neck wool sweater featuring premium White Cotton. Tailored to a comfortable Slim Fit, ideal for everyday wear during Autumn."
PRD2957,Puma Men's Grey Relaxed Fit Cardigan Button Sweater,sweaters,Cardigan Button Sweater,Men,Grey,L,Relaxed Fit,Wool,Puma,3599,4.2,Autumn,Stay fashion-forward with this versatile Grey cardigan button sweater from Puma. Includes a refined Relaxed Fit profile and high quality Wool fabric.
PRD2958,Jack & Jones Unisex's Yellow Slim Fit V-Neck Wool Sweater,sweaters,V-Neck Wool Sweater,Unisex,Yellow,XXL,Slim Fit,Cotton,Jack & Jones,3449,3.8,Autumn,"Essential Jack & Jones Unisex's v-neck wool sweater tailored with a modern Slim Fit. Made of soft, breathable Cotton in rich Yellow. Ideal choice for Autumn."
PRD2959,FabIndia Men's Grey Relaxed Fit Cardigan Button Sweater,sweaters,Cardigan Button Sweater,Men,Grey,M,Relaxed Fit,Cotton,FabIndia,3599,3.6,Autumn,"Essential FabIndia Men's cardigan button sweater tailored with a modern Relaxed Fit. Made of soft, breathable Cotton in rich Grey. Ideal choice for Autumn."
PRD2960,Zara Women's Green Relaxed Fit Turtleneck Fine Sweater,sweaters,Turtleneck Fine Sweater,Women,Green,L,Relaxed Fit,Wool,Zara,3199,4.4,Autumn,"Essential Zara Women's turtleneck fine sweater tailored with a modern Relaxed Fit. Made of soft, breathable Wool in rich Green. Ideal choice for Autumn."
PRD2961,H&M Women's White Slim Fit Cardigan Button Sweater,sweaters,Cardigan Button Sweater,Women,White,XXL,Slim Fit,Wool,H&M,1499,4.3,Winter,"Essential H&M Women's cardigan button sweater tailored with a modern Slim Fit. Made of soft, breathable Wool in rich White. Ideal choice for Winter."
PRD2962,Tommy Hilfiger Men's Beige Relaxed Fit Cable Knit Pullover,sweaters,Cable Knit Pullover,Men,Beige,XXL,Relaxed Fit,Cotton,Tommy Hilfiger,1799,4.8,Winter,"Crafted from premium Cotton, this Tommy Hilfiger Beige cable knit pullover offers exceptional comfort and durability for Winter wardrobe styling. Features a sleek Relaxed Fit design."
PRD2963,H&M Women's Brown Relaxed Fit Cable Knit Pullover,sweaters,Cable Knit Pullover,Women,Brown,XXL,Relaxed Fit,Cotton,H&M,1449,3.7,Winter,"Essential H&M Women's cable knit pullover tailored with a modern Relaxed Fit. Made of soft, breathable Cotton in rich Brown. Ideal choice for Winter."
PRD2964,Jack & Jones Men's Olive Relaxed Fit Turtleneck Fine Sweater,sweaters,Turtleneck Fine Sweater,Men,Olive,S,Relaxed Fit,Wool,Jack & Jones,3049,4.6,Winter,"Essential Jack & Jones Men's turtleneck fine sweater tailored with a modern Relaxed Fit. Made of soft, breathable Wool in rich Olive. Ideal choice for Winter."
PRD2965,Puma Women's Maroon Slim Fit Cardigan Button Sweater,sweaters,Cardigan Button Sweater,Women,Maroon,S,Slim Fit,Wool,Puma,1949,3.8,Winter,"Essential Puma Women's cardigan button sweater tailored with a modern Slim Fit. Made of soft, breathable Wool in rich Maroon. Ideal choice for Winter."
PRD2966,Under Armour Men's Black Slim Fit Cardigan Button Sweater,sweaters,Cardigan Button Sweater,Men,Black,S,Slim Fit,Cotton,Under Armour,2699,3.7,Winter,"Elevate your look with this stylish Black cardigan button sweater by Under Armour. Designed in a comfortable Slim Fit using high-grade Cotton, perfect for casual or semi-formal outings."
PRD2967,FabIndia Unisex's Olive Relaxed Fit Cardigan Button Sweater,sweaters,Cardigan Button Sweater,Unisex,Olive,XXL,Relaxed Fit,Cotton,FabIndia,2749,3.5,Autumn,"Essential FabIndia Unisex's cardigan button sweater tailored with a modern Relaxed Fit. Made of soft, breathable Cotton in rich Olive. Ideal choice for Autumn."
PRD2968,Zara Men's Brown Regular Fit Turtleneck Fine Sweater,sweaters,Turtleneck Fine Sweater,Men,Brown,XL,Regular Fit,Wool,Zara,3799,4.3,Winter,"Essential Zara Men's turtleneck fine sweater tailored with a modern Regular Fit. Made of soft, breathable Wool in rich Brown. Ideal choice for Winter."
PRD2969,Under Armour Unisex's Black Slim Fit Cardigan Button Sweater,sweaters,Cardigan Button Sweater,Unisex,Black,S,Slim Fit,Wool,Under Armour,2999,3.9,Winter,"Top-rated Under Armour cardigan button sweater featuring premium Black Wool. Tailored to a comfortable Slim Fit, ideal for everyday wear during Winter."
PRD2970,Allen Solly Unisex's Black Slim Fit Cardigan Button Sweater,sweaters,Cardigan Button Sweater,Unisex,Black,L,Slim Fit,Wool,Allen Solly,2799,3.7,Winter,"Crafted from premium Wool, this Allen Solly Black cardigan button sweater offers exceptional comfort and durability for Winter wardrobe styling. Features a sleek Slim Fit design."
PRD2971,Allen Solly Men's Yellow Relaxed Fit Turtleneck Fine Sweater,sweaters,Turtleneck Fine Sweater,Men,Yellow,S,Relaxed Fit,Cotton,Allen Solly,3599,3.9,Winter,"Top-rated Allen Solly turtleneck fine sweater featuring premium Yellow Cotton. Tailored to a comfortable Relaxed Fit, ideal for everyday wear during Winter."
PRD2972,Nike Unisex's Navy Relaxed Fit V-Neck Wool Sweater,sweaters,V-Neck Wool Sweater,Unisex,Navy,L,Relaxed Fit,Wool,Nike,2349,4.9,Autumn,"Top-rated Nike v-neck wool sweater featuring premium Navy Wool. Tailored to a comfortable Relaxed Fit, ideal for everyday wear during Autumn."
PRD2973,Tommy Hilfiger Men's Navy Regular Fit V-Neck Wool Sweater,sweaters,V-Neck Wool Sweater,Men,Navy,S,Regular Fit,Wool,Tommy Hilfiger,3049,4.9,Winter,"Top-rated Tommy Hilfiger v-neck wool sweater featuring premium Navy Wool. Tailored to a comfortable Regular Fit, ideal for everyday wear during Winter."
PRD2974,Under Armour Unisex's Black Regular Fit Cable Knit Pullover,sweaters,Cable Knit Pullover,Unisex,Black,S,Regular Fit,Cotton,Under Armour,3599,4.1,Winter,Stay fashion-forward with this versatile Black cable knit pullover from Under Armour. Includes a refined Regular Fit profile and high quality Cotton fabric.
PRD2975,Mango Men's Brown Relaxed Fit Cardigan Button Sweater,sweaters,Cardigan Button Sweater,Men,Brown,XXL,Relaxed Fit,Wool,Mango,2449,4.5,Autumn,"Elevate your look with this stylish Brown cardigan button sweater by Mango. Designed in a comfortable Relaxed Fit using high-grade Wool, perfect for casual or semi-formal outings."
PRD2976,Allen Solly Unisex's Purple Regular Fit V-Neck Wool Sweater,sweaters,V-Neck Wool Sweater,Unisex,Purple,M,Regular Fit,Cotton,Allen Solly,1449,3.5,Autumn,Stay fashion-forward with this versatile Purple v-neck wool sweater from Allen Solly. Includes a refined Regular Fit profile and high quality Cotton fabric.
PRD2977,Jack & Jones Men's Navy Regular Fit Turtleneck Fine Sweater,sweaters,Turtleneck Fine Sweater,Men,Navy,M,Regular Fit,Wool,Jack & Jones,3949,4.0,Winter,"Crafted from premium Wool, this Jack & Jones Navy turtleneck fine sweater offers exceptional comfort and durability for Winter wardrobe styling. Features a sleek Regular Fit design."
PRD2978,H&M Men's Grey Regular Fit Turtleneck Fine Sweater,sweaters,Turtleneck Fine Sweater,Men,Grey,XL,Regular Fit,Cotton,H&M,2149,3.9,Winter,Stay fashion-forward with this versatile Grey turtleneck fine sweater from H&M. Includes a refined Regular Fit profile and high quality Cotton fabric.
PRD2979,Aurelia Men's Pink Slim Fit Cardigan Button Sweater,sweaters,Cardigan Button Sweater,Men,Pink,M,Slim Fit,Wool,Aurelia,2299,4.0,Winter,"Crafted from premium Wool, this Aurelia Pink cardigan button sweater offers exceptional comfort and durability for Winter wardrobe styling. Features a sleek Slim Fit design."
PRD2980,H&M Unisex's Brown Slim Fit Cable Knit Pullover,sweaters,Cable Knit Pullover,Unisex,Brown,S,Slim Fit,Wool,H&M,2849,3.9,Autumn,"Top-rated H&M cable knit pullover featuring premium Brown Wool. Tailored to a comfortable Slim Fit, ideal for everyday wear during Autumn."
PRD2981,Aurelia Unisex's Green Slim Fit Turtleneck Fine Sweater,sweaters,Turtleneck Fine Sweater,Unisex,Green,S,Slim Fit,Wool,Aurelia,1749,4.1,Winter,Stay fashion-forward with this versatile Green turtleneck fine sweater from Aurelia. Includes a refined Slim Fit profile and high quality Wool fabric.
PRD2982,Puma Unisex's Black Regular Fit V-Neck Wool Sweater,sweaters,V-Neck Wool Sweater,Unisex,Black,L,Regular Fit,Cotton,Puma,3699,4.3,Autumn,"Top-rated Puma v-neck wool sweater featuring premium Black Cotton. Tailored to a comfortable Regular Fit, ideal for everyday wear during Autumn."
PRD2983,Jack & Jones Unisex's Purple Slim Fit Cardigan Button Sweater,sweaters,Cardigan Button Sweater,Unisex,Purple,XXL,Slim Fit,Wool,Jack & Jones,3799,4.7,Winter,"Essential Jack & Jones Unisex's cardigan button sweater tailored with a modern Slim Fit. Made of soft, breathable Wool in rich Purple. Ideal choice for Winter."
PRD2984,FabIndia Men's Red Slim Fit Turtleneck Fine Sweater,sweaters,Turtleneck Fine Sweater,Men,Red,S,Slim Fit,Cotton,FabIndia,1949,4.2,Winter,"Essential FabIndia Men's turtleneck fine sweater tailored with a modern Slim Fit. Made of soft, breathable Cotton in rich Red. Ideal choice for Winter."
PRD2985,Manyavar Men's Green Regular Fit V-Neck Wool Sweater,sweaters,V-Neck Wool Sweater,Men,Green,XXL,Regular Fit,Cotton,Manyavar,1899,3.5,Winter,Stay fashion-forward with this versatile Green v-neck wool sweater from Manyavar. Includes a refined Regular Fit profile and high quality Cotton fabric.
PRD2986,Nike Women's Purple Slim Fit Cable Knit Pullover,sweaters,Cable Knit Pullover,Women,Purple,M,Slim Fit,Wool,Nike,2149,4.1,Winter,"Elevate your look with this stylish Purple cable knit pullover by Nike. Designed in a comfortable Slim Fit using high-grade Wool, perfect for casual or semi-formal outings."
PRD2987,Nike Unisex's Olive Slim Fit Ribbed Knit Top,sweaters,Ribbed Knit Top,Unisex,Olive,XXL,Slim Fit,Wool,Nike,1899,4.3,Autumn,Stay fashion-forward with this versatile Olive ribbed knit top from Nike. Includes a refined Slim Fit profile and high quality Wool fabric.
PRD2988,Levi's Unisex's Blue Regular Fit Cardigan Button Sweater,sweaters,Cardigan Button Sweater,Unisex,Blue,XXL,Regular Fit,Wool,Levi's,3149,3.8,Winter,"Essential Levi's Unisex's cardigan button sweater tailored with a modern Regular Fit. Made of soft, breathable Wool in rich Blue. Ideal choice for Winter."
PRD2989,Tommy Hilfiger Unisex's Blue Relaxed Fit Ribbed Knit Top,sweaters,Ribbed Knit Top,Unisex,Blue,XL,Relaxed Fit,Cotton,Tommy Hilfiger,2049,4.6,Autumn,"Crafted from premium Cotton, this Tommy Hilfiger Blue ribbed knit top offers exceptional comfort and durability for Autumn wardrobe styling. Features a sleek Relaxed Fit design."
PRD2990,Biba Unisex's Black Relaxed Fit Ribbed Knit Top,sweaters,Ribbed Knit Top,Unisex,Black,M,Relaxed Fit,Wool,Biba,3349,4.3,Autumn,"Top-rated Biba ribbed knit top featuring premium Black Wool. Tailored to a comfortable Relaxed Fit, ideal for everyday wear during Autumn."
PRD2991,Allen Solly Unisex's Grey Relaxed Fit Cable Knit Pullover,sweaters,Cable Knit Pullover,Unisex,Grey,M,Relaxed Fit,Wool,Allen Solly,3449,3.9,Autumn,"Essential Allen Solly Unisex's cable knit pullover tailored with a modern Relaxed Fit. Made of soft, breathable Wool in rich Grey. Ideal choice for Autumn."
PRD2992,Zara Unisex's White Slim Fit Cable Knit Pullover,sweaters,Cable Knit Pullover,Unisex,White,S,Slim Fit,Cotton,Zara,1599,3.8,Winter,"Elevate your look with this stylish White cable knit pullover by Zara. Designed in a comfortable Slim Fit using high-grade Cotton, perfect for casual or semi-formal outings."
PRD2993,US Polo Assn Men's Olive Slim Fit Ribbed Knit Top,sweaters,Ribbed Knit Top,Men,Olive,S,Slim Fit,Wool,US Polo Assn,2399,3.6,Winter,"Essential US Polo Assn Men's ribbed knit top tailored with a modern Slim Fit. Made of soft, breathable Wool in rich Olive. Ideal choice for Winter."
PRD2994,Mango Unisex's Red Relaxed Fit Cardigan Button Sweater,sweaters,Cardigan Button Sweater,Unisex,Red,S,Relaxed Fit,Wool,Mango,3099,5.0,Winter,"Essential Mango Unisex's cardigan button sweater tailored with a modern Relaxed Fit. Made of soft, breathable Wool in rich Red. Ideal choice for Winter."
PRD2995,Under Armour Unisex's Red Relaxed Fit Ribbed Knit Top,sweaters,Ribbed Knit Top,Unisex,Red,S,Relaxed Fit,Wool,Under Armour,1899,3.6,Winter,"Elevate your look with this stylish Red ribbed knit top by Under Armour. Designed in a comfortable Relaxed Fit using high-grade Wool, perfect for casual or semi-formal outings."
PRD2996,Zara Unisex's Maroon Slim Fit Cardigan Button Sweater,sweaters,Cardigan Button Sweater,Unisex,Maroon,M,Slim Fit,Wool,Zara,3149,4.2,Winter,"Elevate your look with this stylish Maroon cardigan button sweater by Zara. Designed in a comfortable Slim Fit using high-grade Wool, perfect for casual or semi-formal outings."
PRD2997,Nike Women's Maroon Slim Fit V-Neck Wool Sweater,sweaters,V-Neck Wool Sweater,Women,Maroon,XXL,Slim Fit,Wool,Nike,1749,4.1,Winter,"Crafted from premium Wool, this Nike Maroon v-neck wool sweater offers exceptional comfort and durability for Winter wardrobe styling. Features a sleek Slim Fit design."
PRD2998,HRX Women's Red Slim Fit Cardigan Button Sweater,sweaters,Cardigan Button Sweater,Women,Red,XXL,Slim Fit,Wool,HRX,2299,4.9,Autumn,Stay fashion-forward with this versatile Red cardigan button sweater from HRX. Includes a refined Slim Fit profile and high quality Wool fabric.
PRD2999,Jack & Jones Women's Grey Relaxed Fit Turtleneck Fine Sweater,sweaters,Turtleneck Fine Sweater,Women,Grey,M,Relaxed Fit,Wool,Jack & Jones,1649,4.5,Winter,"Elevate your look with this stylish Grey turtleneck fine sweater by Jack & Jones. Designed in a comfortable Relaxed Fit using high-grade Wool, perfect for casual or semi-formal outings."
PRD3000,H&M Unisex's Purple Relaxed Fit Turtleneck Fine Sweater,sweaters,Turtleneck Fine Sweater,Unisex,Purple,L,Relaxed Fit,Wool,H&M,2899,4.8,Autumn,"Crafted from premium Wool, this H&M Purple turtleneck fine sweater offers exceptional comfort and durability for Autumn wardrobe styling. Features a sleek Relaxed Fit design."
PRD3001,FabIndia Unisex's Yellow Slim Fit Ribbed Knit Top,sweaters,Ribbed Knit Top,Unisex,Yellow,L,Slim Fit,Wool,FabIndia,2399,4.8,Winter,"Top-rated FabIndia ribbed knit top featuring premium Yellow Wool. Tailored to a comfortable Slim Fit, ideal for everyday wear during Winter."
PRD3002,Adidas Unisex's Grey Regular Fit Cable Knit Pullover,sweaters,Cable Knit Pullover,Unisex,Grey,XXL,Regular Fit,Wool,Adidas,1699,4.7,Winter,"Elevate your look with this stylish Grey cable knit pullover by Adidas. Designed in a comfortable Regular Fit using high-grade Wool, perfect for casual or semi-formal outings."
PRD3003,Nike Women's Black Relaxed Fit Turtleneck Fine Sweater,sweaters,Turtleneck Fine Sweater,Women,Black,XL,Relaxed Fit,Wool,Nike,3649,4.8,Autumn,Stay fashion-forward with this versatile Black turtleneck fine sweater from Nike. Includes a refined Relaxed Fit profile and high quality Wool fabric.
PRD3004,Biba Men's Grey Slim Fit Turtleneck Fine Sweater,sweaters,Turtleneck Fine Sweater,Men,Grey,S,Slim Fit,Cotton,Biba,3699,4.3,Winter,Stay fashion-forward with this versatile Grey turtleneck fine sweater from Biba. Includes a refined Slim Fit profile and high quality Cotton fabric.
PRD3005,W Men's Green Relaxed Fit Cardigan Button Sweater,sweaters,Cardigan Button Sweater,Men,Green,L,Relaxed Fit,Cotton,W,4049,3.6,Autumn,Stay fashion-forward with this versatile Green cardigan button sweater from W. Includes a refined Relaxed Fit profile and high quality Cotton fabric.
PRD3006,Biba Unisex's Green Relaxed Fit V-Neck Wool Sweater,sweaters,V-Neck Wool Sweater,Unisex,Green,XXL,Relaxed Fit,Wool,Biba,3099,4.0,Winter,"Essential Biba Unisex's v-neck wool sweater tailored with a modern Relaxed Fit. Made of soft, breathable Wool in rich Green. Ideal choice for Winter."
PRD3007,Biba Women's Red Slim Fit V-Neck Wool Sweater,sweaters,V-Neck Wool Sweater,Women,Red,M,Slim Fit,Wool,Biba,3149,4.8,Autumn,"Crafted from premium Wool, this Biba Red v-neck wool sweater offers exceptional comfort and durability for Autumn wardrobe styling. Features a sleek Slim Fit design."
PRD3008,H&M Men's Green Slim Fit Cardigan Button Sweater,sweaters,Cardigan Button Sweater,Men,Green,L,Slim Fit,Cotton,H&M,4049,4.3,Winter,"Essential H&M Men's cardigan button sweater tailored with a modern Slim Fit. Made of soft, breathable Cotton in rich Green. Ideal choice for Winter."
PRD3009,Adidas Men's Olive Relaxed Fit V-Neck Wool Sweater,sweaters,V-Neck Wool Sweater,Men,Olive,XXL,Relaxed Fit,Wool,Adidas,3899,3.6,Autumn,"Top-rated Adidas v-neck wool sweater featuring premium Olive Wool. Tailored to a comfortable Relaxed Fit, ideal for everyday wear during Autumn."
PRD3010,HRX Unisex's Red Relaxed Fit V-Neck Wool Sweater,sweaters,V-Neck Wool Sweater,Unisex,Red,XXL,Relaxed Fit,Cotton,HRX,3699,4.5,Winter,"Essential HRX Unisex's v-neck wool sweater tailored with a modern Relaxed Fit. Made of soft, breathable Cotton in rich Red. Ideal choice for Winter."
PRD3011,Puma Unisex's Navy Slim Fit V-Neck Wool Sweater,sweaters,V-Neck Wool Sweater,Unisex,Navy,XL,Slim Fit,Wool,Puma,2149,4.8,Autumn,"Crafted from premium Wool, this Puma Navy v-neck wool sweater offers exceptional comfort and durability for Autumn wardrobe styling. Features a sleek Slim Fit design."
PRD3012,W Men's Red Slim Fit Ribbed Knit Top,sweaters,Ribbed Knit Top,Men,Red,S,Slim Fit,Cotton,W,2349,3.6,Winter,"Essential W Men's ribbed knit top tailored with a modern Slim Fit. Made of soft, breathable Cotton in rich Red. Ideal choice for Winter."
PRD3013,Manyavar Women's Black Regular Fit Turtleneck Fine Sweater,sweaters,Turtleneck Fine Sweater,Women,Black,XL,Regular Fit,Cotton,Manyavar,2949,4.9,Autumn,"Top-rated Manyavar turtleneck fine sweater featuring premium Black Cotton. Tailored to a comfortable Regular Fit, ideal for everyday wear during Autumn."
PRD3014,Adidas Women's Brown Regular Fit Turtleneck Fine Sweater,sweaters,Turtleneck Fine Sweater,Women,Brown,L,Regular Fit,Cotton,Adidas,2199,4.0,Autumn,"Elevate your look with this stylish Brown turtleneck fine sweater by Adidas. Designed in a comfortable Regular Fit using high-grade Cotton, perfect for casual or semi-formal outings."
PRD3015,HRX Unisex's Beige Regular Fit Cardigan Button Sweater,sweaters,Cardigan Button Sweater,Unisex,Beige,XXL,Regular Fit,Cotton,HRX,3449,4.1,Autumn,"Crafted from premium Cotton, this HRX Beige cardigan button sweater offers exceptional comfort and durability for Autumn wardrobe styling. Features a sleek Regular Fit design."
PRD3016,HRX Women's White Slim Fit V-Neck Wool Sweater,sweaters,V-Neck Wool Sweater,Women,White,L,Slim Fit,Wool,HRX,2899,3.5,Autumn,"Crafted from premium Wool, this HRX White v-neck wool sweater offers exceptional comfort and durability for Autumn wardrobe styling. Features a sleek Slim Fit design."
PRD3017,Under Armour Unisex's Green Relaxed Fit Cardigan Button Sweater,sweaters,Cardigan Button Sweater,Unisex,Green,M,Relaxed Fit,Wool,Under Armour,2999,4.4,Autumn,"Essential Under Armour Unisex's cardigan button sweater tailored with a modern Relaxed Fit. Made of soft, breathable Wool in rich Green. Ideal choice for Autumn."
PRD3018,W Women's Grey Regular Fit Ribbed Knit Top,sweaters,Ribbed Knit Top,Women,Grey,S,Regular Fit,Cotton,W,2349,3.5,Winter,"Essential W Women's ribbed knit top tailored with a modern Regular Fit. Made of soft, breathable Cotton in rich Grey. Ideal choice for Winter."
PRD3019,Roadster Women's Brown Relaxed Fit V-Neck Wool Sweater,sweaters,V-Neck Wool Sweater,Women,Brown,M,Relaxed Fit,Wool,Roadster,2949,3.7,Autumn,"Essential Roadster Women's v-neck wool sweater tailored with a modern Relaxed Fit. Made of soft, breathable Wool in rich Brown. Ideal choice for Autumn."
PRD3020,Zara Unisex's Yellow Relaxed Fit Cardigan Button Sweater,sweaters,Cardigan Button Sweater,Unisex,Yellow,M,Relaxed Fit,Wool,Zara,3099,4.7,Winter,"Essential Zara Unisex's cardigan button sweater tailored with a modern Relaxed Fit. Made of soft, breathable Wool in rich Yellow. Ideal choice for Winter."
PRD3021,Tommy Hilfiger Men's Maroon Slim Fit Cardigan Button Sweater,sweaters,Cardigan Button Sweater,Men,Maroon,M,Slim Fit,Cotton,Tommy Hilfiger,4049,4.7,Autumn,"Elevate your look with this stylish Maroon cardigan button sweater by Tommy Hilfiger. Designed in a comfortable Slim Fit using high-grade Cotton, perfect for casual or semi-formal outings."
PRD3022,Nike Men's Yellow Relaxed Fit Cable Knit Pullover,sweaters,Cable Knit Pullover,Men,Yellow,XXL,Relaxed Fit,Wool,Nike,2849,4.9,Autumn,"Elevate your look with this stylish Yellow cable knit pullover by Nike. Designed in a comfortable Relaxed Fit using high-grade Wool, perfect for casual or semi-formal outings."
PRD3023,Nike Women's Maroon Relaxed Fit Cable Knit Pullover,sweaters,Cable Knit Pullover,Women,Maroon,XXL,Relaxed Fit,Cotton,Nike,2499,4.0,Winter,"Elevate your look with this stylish Maroon cable knit pullover by Nike. Designed in a comfortable Relaxed Fit using high-grade Cotton, perfect for casual or semi-formal outings."
PRD3024,W Unisex's White Regular Fit Cardigan Button Sweater,sweaters,Cardigan Button Sweater,Unisex,White,L,Regular Fit,Cotton,W,4049,4.8,Autumn,Stay fashion-forward with this versatile White cardigan button sweater from W. Includes a refined Regular Fit profile and high quality Cotton fabric.
PRD3025,Zara Women's Red Relaxed Fit Cable Knit Pullover,sweaters,Cable Knit Pullover,Women,Red,XXL,Relaxed Fit,Wool,Zara,3049,4.7,Winter,"Elevate your look with this stylish Red cable knit pullover by Zara. Designed in a comfortable Relaxed Fit using high-grade Wool, perfect for casual or semi-formal outings."
PRD3026,Puma Women's Beige Slim Fit Turtleneck Fine Sweater,sweaters,Turtleneck Fine Sweater,Women,Beige,L,Slim Fit,Cotton,Puma,3049,3.8,Autumn,Stay fashion-forward with this versatile Beige turtleneck fine sweater from Puma. Includes a refined Slim Fit profile and high quality Cotton fabric.
PRD3027,Levi's Women's Black Relaxed Fit Cable Knit Pullover,sweaters,Cable Knit Pullover,Women,Black,M,Relaxed Fit,Wool,Levi's,3149,4.9,Autumn,"Crafted from premium Wool, this Levi's Black cable knit pullover offers exceptional comfort and durability for Autumn wardrobe styling. Features a sleek Relaxed Fit design."
PRD3028,Levi's Women's Olive Relaxed Fit Cardigan Button Sweater,sweaters,Cardigan Button Sweater,Women,Olive,S,Relaxed Fit,Wool,Levi's,1999,4.2,Winter,"Elevate your look with this stylish Olive cardigan button sweater by Levi's. Designed in a comfortable Relaxed Fit using high-grade Wool, perfect for casual or semi-formal outings."
PRD3029,Roadster Women's White Regular Fit Cable Knit Pullover,sweaters,Cable Knit Pullover,Women,White,S,Regular Fit,Cotton,Roadster,3099,3.5,Winter,"Essential Roadster Women's cable knit pullover tailored with a modern Regular Fit. Made of soft, breathable Cotton in rich White. Ideal choice for Winter."
PRD3030,Puma Unisex's Brown Slim Fit Ribbed Knit Top,sweaters,Ribbed Knit Top,Unisex,Brown,XXL,Slim Fit,Wool,Puma,3949,4.5,Autumn,Stay fashion-forward with this versatile Brown ribbed knit top from Puma. Includes a refined Slim Fit profile and high quality Wool fabric.
PRD3031,FabIndia Men's Blue Slim Fit Cable Knit Pullover,sweaters,Cable Knit Pullover,Men,Blue,L,Slim Fit,Cotton,FabIndia,1999,4.3,Autumn,Stay fashion-forward with this versatile Blue cable knit pullover from FabIndia. Includes a refined Slim Fit profile and high quality Cotton fabric.
PRD3032,FabIndia Unisex's Olive Slim Fit Cable Knit Pullover,sweaters,Cable Knit Pullover,Unisex,Olive,L,Slim Fit,Cotton,FabIndia,1899,4.6,Winter,"Top-rated FabIndia cable knit pullover featuring premium Olive Cotton. Tailored to a comfortable Slim Fit, ideal for everyday wear during Winter."
PRD3033,W Men's White Slim Fit V-Neck Wool Sweater,sweaters,V-Neck Wool Sweater,Men,White,M,Slim Fit,Wool,W,3899,3.8,Autumn,"Top-rated W v-neck wool sweater featuring premium White Wool. Tailored to a comfortable Slim Fit, ideal for everyday wear during Autumn."
PRD3034,FabIndia Women's Navy Regular Fit Cable Knit Pullover,sweaters,Cable Knit Pullover,Women,Navy,M,Regular Fit,Wool,FabIndia,1899,3.8,Autumn,Stay fashion-forward with this versatile Navy cable knit pullover from FabIndia. Includes a refined Regular Fit profile and high quality Wool fabric.
PRD3035,H&M Women's Black Regular Fit Ribbed Knit Top,sweaters,Ribbed Knit Top,Women,Black,S,Regular Fit,Cotton,H&M,3649,5.0,Winter,"Crafted from premium Cotton, this H&M Black ribbed knit top offers exceptional comfort and durability for Winter wardrobe styling. Features a sleek Regular Fit design."
PRD3036,Manyavar Women's Pink Regular Fit V-Neck Wool Sweater,sweaters,V-Neck Wool Sweater,Women,Pink,M,Regular Fit,Wool,Manyavar,2949,3.6,Winter,"Crafted from premium Wool, this Manyavar Pink v-neck wool sweater offers exceptional comfort and durability for Winter wardrobe styling. Features a sleek Regular Fit design."
PRD3037,Mango Men's Grey Slim Fit Cable Knit Pullover,sweaters,Cable Knit Pullover,Men,Grey,XXL,Slim Fit,Cotton,Mango,3649,4.4,Winter,"Elevate your look with this stylish Grey cable knit pullover by Mango. Designed in a comfortable Slim Fit using high-grade Cotton, perfect for casual or semi-formal outings."
PRD3038,H&M Unisex's Brown Relaxed Fit Turtleneck Fine Sweater,sweaters,Turtleneck Fine Sweater,Unisex,Brown,XXL,Relaxed Fit,Cotton,H&M,2449,4.7,Autumn,Stay fashion-forward with this versatile Brown turtleneck fine sweater from H&M. Includes a refined Relaxed Fit profile and high quality Cotton fabric.
PRD3039,Allen Solly Women's Brown Regular Fit Cardigan Button Sweater,sweaters,Cardigan Button Sweater,Women,Brown,M,Regular Fit,Wool,Allen Solly,2249,5.0,Winter,"Elevate your look with this stylish Brown cardigan button sweater by Allen Solly. Designed in a comfortable Regular Fit using high-grade Wool, perfect for casual or semi-formal outings."
PRD3040,Roadster Unisex's Yellow Slim Fit V-Neck Wool Sweater,sweaters,V-Neck Wool Sweater,Unisex,Yellow,L,Slim Fit,Wool,Roadster,1999,4.0,Autumn,"Top-rated Roadster v-neck wool sweater featuring premium Yellow Wool. Tailored to a comfortable Slim Fit, ideal for everyday wear during Autumn."
PRD3041,Roadster Men's Maroon Regular Fit V-Neck Wool Sweater,sweaters,V-Neck Wool Sweater,Men,Maroon,XL,Regular Fit,Cotton,Roadster,2099,4.7,Winter,"Top-rated Roadster v-neck wool sweater featuring premium Maroon Cotton. Tailored to a comfortable Regular Fit, ideal for everyday wear during Winter."
PRD3042,Tommy Hilfiger Women's Olive Slim Fit V-Neck Wool Sweater,sweaters,V-Neck Wool Sweater,Women,Olive,XL,Slim Fit,Cotton,Tommy Hilfiger,2399,3.6,Winter,"Crafted from premium Cotton, this Tommy Hilfiger Olive v-neck wool sweater offers exceptional comfort and durability for Winter wardrobe styling. Features a sleek Slim Fit design."
PRD3043,Aurelia Women's Grey Relaxed Fit Cable Knit Pullover,sweaters,Cable Knit Pullover,Women,Grey,S,Relaxed Fit,Cotton,Aurelia,2349,3.5,Autumn,"Essential Aurelia Women's cable knit pullover tailored with a modern Relaxed Fit. Made of soft, breathable Cotton in rich Grey. Ideal choice for Autumn."
PRD3044,Puma Women's Brown Slim Fit Ribbed Knit Top,sweaters,Ribbed Knit Top,Women,Brown,S,Slim Fit,Cotton,Puma,1649,3.8,Winter,Stay fashion-forward with this versatile Brown ribbed knit top from Puma. Includes a refined Slim Fit profile and high quality Cotton fabric.
PRD3045,FabIndia Unisex's Black Relaxed Fit Turtleneck Fine Sweater,sweaters,Turtleneck Fine Sweater,Unisex,Black,M,Relaxed Fit,Cotton,FabIndia,3699,4.7,Autumn,Stay fashion-forward with this versatile Black turtleneck fine sweater from FabIndia. Includes a refined Relaxed Fit profile and high quality Cotton fabric.
PRD3046,W Men's Navy Relaxed Fit Turtleneck Fine Sweater,sweaters,Turtleneck Fine Sweater,Men,Navy,S,Relaxed Fit,Cotton,W,2849,4.0,Autumn,"Top-rated W turtleneck fine sweater featuring premium Navy Cotton. Tailored to a comfortable Relaxed Fit, ideal for everyday wear during Autumn."
PRD3047,H&M Unisex's Olive Slim Fit V-Neck Wool Sweater,sweaters,V-Neck Wool Sweater,Unisex,Olive,XL,Slim Fit,Cotton,H&M,2449,3.6,Winter,"Top-rated H&M v-neck wool sweater featuring premium Olive Cotton. Tailored to a comfortable Slim Fit, ideal for everyday wear during Winter."
PRD3048,Tommy Hilfiger Women's Green Slim Fit Cardigan Button Sweater,sweaters,Cardigan Button Sweater,Women,Green,XXL,Slim Fit,Wool,Tommy Hilfiger,2249,4.4,Autumn,Stay fashion-forward with this versatile Green cardigan button sweater from Tommy Hilfiger. Includes a refined Slim Fit profile and high quality Wool fabric.
PRD3049,Aurelia Women's Brown Slim Fit Turtleneck Fine Sweater,sweaters,Turtleneck Fine Sweater,Women,Brown,S,Slim Fit,Wool,Aurelia,1949,3.5,Autumn,"Elevate your look with this stylish Brown turtleneck fine sweater by Aurelia. Designed in a comfortable Slim Fit using high-grade Wool, perfect for casual or semi-formal outings."
PRD3050,HRX Unisex's Black Slim Fit V-Neck Wool Sweater,sweaters,V-Neck Wool Sweater,Unisex,Black,M,Slim Fit,Cotton,HRX,1749,3.7,Winter,"Crafted from premium Cotton, this HRX Black v-neck wool sweater offers exceptional comfort and durability for Winter wardrobe styling. Features a sleek Slim Fit design."
PRD3051,Allen Solly Men's Brown Relaxed Fit Ribbed Knit Top,sweaters,Ribbed Knit Top,Men,Brown,XL,Relaxed Fit,Cotton,Allen Solly,3549,4.3,Autumn,Stay fashion-forward with this versatile Brown ribbed knit top from Allen Solly. Includes a refined Relaxed Fit profile and high quality Cotton fabric.
PRD3052,Biba Unisex's Yellow Regular Fit Cable Knit Pullover,sweaters,Cable Knit Pullover,Unisex,Yellow,M,Regular Fit,Wool,Biba,3099,4.2,Winter,Stay fashion-forward with this versatile Yellow cable knit pullover from Biba. Includes a refined Regular Fit profile and high quality Wool fabric.
PRD3053,Puma Unisex's Brown Slim Fit Cable Knit Pullover,sweaters,Cable Knit Pullover,Unisex,Brown,XL,Slim Fit,Wool,Puma,1499,4.2,Autumn,"Essential Puma Unisex's cable knit pullover tailored with a modern Slim Fit. Made of soft, breathable Wool in rich Brown. Ideal choice for Autumn."
PRD3054,Under Armour Unisex's Pink Regular Fit Ribbed Knit Top,sweaters,Ribbed Knit Top,Unisex,Pink,M,Regular Fit,Cotton,Under Armour,3999,4.9,Autumn,"Top-rated Under Armour ribbed knit top featuring premium Pink Cotton. Tailored to a comfortable Regular Fit, ideal for everyday wear during Autumn."
PRD3055,US Polo Assn Men's Pink Slim Fit V-Neck Wool Sweater,sweaters,V-Neck Wool Sweater,Men,Pink,L,Slim Fit,Cotton,US Polo Assn,2149,3.5,Autumn,"Top-rated US Polo Assn v-neck wool sweater featuring premium Pink Cotton. Tailored to a comfortable Slim Fit, ideal for everyday wear during Autumn."
PRD3056,Under Armour Men's Red Slim Fit Cardigan Button Sweater,sweaters,Cardigan Button Sweater,Men,Red,M,Slim Fit,Wool,Under Armour,1849,4.4,Winter,"Essential Under Armour Men's cardigan button sweater tailored with a modern Slim Fit. Made of soft, breathable Wool in rich Red. Ideal choice for Winter."
PRD3057,Levi's Women's Brown Regular Fit Cardigan Button Sweater,sweaters,Cardigan Button Sweater,Women,Brown,XXL,Regular Fit,Cotton,Levi's,3999,4.2,Autumn,"Essential Levi's Women's cardigan button sweater tailored with a modern Regular Fit. Made of soft, breathable Cotton in rich Brown. Ideal choice for Autumn."
PRD3058,Mango Unisex's Black Slim Fit Cable Knit Pullover,sweaters,Cable Knit Pullover,Unisex,Black,XXL,Slim Fit,Wool,Mango,3299,4.1,Autumn,"Essential Mango Unisex's cable knit pullover tailored with a modern Slim Fit. Made of soft, breathable Wool in rich Black. Ideal choice for Autumn."
PRD3059,Aurelia Women's Grey Regular Fit Turtleneck Fine Sweater,sweaters,Turtleneck Fine Sweater,Women,Grey,L,Regular Fit,Cotton,Aurelia,1749,4.1,Autumn,"Elevate your look with this stylish Grey turtleneck fine sweater by Aurelia. Designed in a comfortable Regular Fit using high-grade Cotton, perfect for casual or semi-formal outings."
PRD3060,Biba Women's Maroon Slim Fit Cardigan Button Sweater,sweaters,Cardigan Button Sweater,Women,Maroon,S,Slim Fit,Cotton,Biba,1449,4.1,Autumn,"Essential Biba Women's cardigan button sweater tailored with a modern Slim Fit. Made of soft, breathable Cotton in rich Maroon. Ideal choice for Autumn."
PRD3061,Tommy Hilfiger Women's Red Slim Fit V-Neck Wool Sweater,sweaters,V-Neck Wool Sweater,Women,Red,XXL,Slim Fit,Cotton,Tommy Hilfiger,3099,4.4,Autumn,Stay fashion-forward with this versatile Red v-neck wool sweater from Tommy Hilfiger. Includes a refined Slim Fit profile and high quality Cotton fabric.
PRD3062,Jack & Jones Men's Olive Relaxed Fit Cable Knit Pullover,sweaters,Cable Knit Pullover,Men,Olive,XXL,Relaxed Fit,Cotton,Jack & Jones,2949,3.8,Winter,"Elevate your look with this stylish Olive cable knit pullover by Jack & Jones. Designed in a comfortable Relaxed Fit using high-grade Cotton, perfect for casual or semi-formal outings."
PRD3063,Zara Unisex's Beige Relaxed Fit Cardigan Button Sweater,sweaters,Cardigan Button Sweater,Unisex,Beige,L,Relaxed Fit,Wool,Zara,2799,3.7,Winter,"Top-rated Zara cardigan button sweater featuring premium Beige Wool. Tailored to a comfortable Relaxed Fit, ideal for everyday wear during Winter."
PRD3064,FabIndia Women's Olive Slim Fit Turtleneck Fine Sweater,sweaters,Turtleneck Fine Sweater,Women,Olive,M,Slim Fit,Cotton,FabIndia,1699,4.8,Autumn,"Top-rated FabIndia turtleneck fine sweater featuring premium Olive Cotton. Tailored to a comfortable Slim Fit, ideal for everyday wear during Autumn."
PRD3065,US Polo Assn Unisex's Purple Relaxed Fit Ribbed Knit Top,sweaters,Ribbed Knit Top,Unisex,Purple,L,Relaxed Fit,Cotton,US Polo Assn,2549,4.1,Autumn,Stay fashion-forward with this versatile Purple ribbed knit top from US Polo Assn. Includes a refined Relaxed Fit profile and high quality Cotton fabric.
PRD3066,Puma Women's Brown Regular Fit Cardigan Button Sweater,sweaters,Cardigan Button Sweater,Women,Brown,L,Regular Fit,Cotton,Puma,2449,4.7,Winter,"Essential Puma Women's cardigan button sweater tailored with a modern Regular Fit. Made of soft, breathable Cotton in rich Brown. Ideal choice for Winter."
PRD3067,Nike Unisex's Pink Relaxed Fit Turtleneck Fine Sweater,sweaters,Turtleneck Fine Sweater,Unisex,Pink,L,Relaxed Fit,Wool,Nike,2499,4.4,Winter,"Essential Nike Unisex's turtleneck fine sweater tailored with a modern Relaxed Fit. Made of soft, breathable Wool in rich Pink. Ideal choice for Winter."
PRD3068,Puma Women's Grey Regular Fit Ribbed Knit Top,sweaters,Ribbed Knit Top,Women,Grey,M,Regular Fit,Wool,Puma,2299,3.6,Winter,"Essential Puma Women's ribbed knit top tailored with a modern Regular Fit. Made of soft, breathable Wool in rich Grey. Ideal choice for Winter."
PRD3069,Manyavar Men's Pink Relaxed Fit Turtleneck Fine Sweater,sweaters,Turtleneck Fine Sweater,Men,Pink,XXL,Relaxed Fit,Cotton,Manyavar,3549,4.5,Winter,"Top-rated Manyavar turtleneck fine sweater featuring premium Pink Cotton. Tailored to a comfortable Relaxed Fit, ideal for everyday wear during Winter."
PRD3070,Under Armour Men's Red Slim Fit Cardigan Button Sweater,sweaters,Cardigan Button Sweater,Men,Red,XXL,Slim Fit,Wool,Under Armour,3199,3.7,Winter,"Elevate your look with this stylish Red cardigan button sweater by Under Armour. Designed in a comfortable Slim Fit using high-grade Wool, perfect for casual or semi-formal outings."
PRD3071,Nike Men's Beige Regular Fit Turtleneck Fine Sweater,sweaters,Turtleneck Fine Sweater,Men,Beige,M,Regular Fit,Cotton,Nike,2549,4.4,Autumn,Stay fashion-forward with this versatile Beige turtleneck fine sweater from Nike. Includes a refined Regular Fit profile and high quality Cotton fabric.
PRD3072,W Women's Brown Relaxed Fit Cardigan Button Sweater,sweaters,Cardigan Button Sweater,Women,Brown,S,Relaxed Fit,Wool,W,2399,3.5,Winter,"Essential W Women's cardigan button sweater tailored with a modern Relaxed Fit. Made of soft, breathable Wool in rich Brown. Ideal choice for Winter."
PRD3073,Adidas Women's Purple Regular Fit Ribbed Knit Top,sweaters,Ribbed Knit Top,Women,Purple,M,Regular Fit,Cotton,Adidas,3899,3.8,Winter,"Crafted from premium Cotton, this Adidas Purple ribbed knit top offers exceptional comfort and durability for Winter wardrobe styling. Features a sleek Regular Fit design."
PRD3074,Levi's Unisex's Purple Regular Fit V-Neck Wool Sweater,sweaters,V-Neck Wool Sweater,Unisex,Purple,S,Regular Fit,Wool,Levi's,2199,4.6,Winter,Stay fashion-forward with this versatile Purple v-neck wool sweater from Levi's. Includes a refined Regular Fit profile and high quality Wool fabric.
PRD3075,Tommy Hilfiger Women's Yellow Relaxed Fit Turtleneck Fine Sweater,sweaters,Turtleneck Fine Sweater,Women,Yellow,L,Relaxed Fit,Cotton,Tommy Hilfiger,3749,4.0,Winter,Stay fashion-forward with this versatile Yellow turtleneck fine sweater from Tommy Hilfiger. Includes a refined Relaxed Fit profile and high quality Cotton fabric.
PRD3076,Levi's Women's Brown Slim Fit Ribbed Knit Top,sweaters,Ribbed Knit Top,Women,Brown,L,Slim Fit,Wool,Levi's,2849,4.3,Winter,"Elevate your look with this stylish Brown ribbed knit top by Levi's. Designed in a comfortable Slim Fit using high-grade Wool, perfect for casual or semi-formal outings."
PRD3077,Adidas Women's Grey Slim Fit Cardigan Button Sweater,sweaters,Cardigan Button Sweater,Women,Grey,M,Slim Fit,Wool,Adidas,3599,4.3,Winter,"Crafted from premium Wool, this Adidas Grey cardigan button sweater offers exceptional comfort and durability for Winter wardrobe styling. Features a sleek Slim Fit design."
PRD3078,Allen Solly Men's Red Regular Fit Cardigan Button Sweater,sweaters,Cardigan Button Sweater,Men,Red,S,Regular Fit,Wool,Allen Solly,2399,3.8,Winter,Stay fashion-forward with this versatile Red cardigan button sweater from Allen Solly. Includes a refined Regular Fit profile and high quality Wool fabric.
PRD3079,US Polo Assn Women's Grey Slim Fit V-Neck Wool Sweater,sweaters,V-Neck Wool Sweater,Women,Grey,L,Slim Fit,Wool,US Polo Assn,2299,4.5,Winter,"Top-rated US Polo Assn v-neck wool sweater featuring premium Grey Wool. Tailored to a comfortable Slim Fit, ideal for everyday wear during Winter."
PRD3080,HRX Women's Brown Relaxed Fit Printed Tunic Top,tops,Printed Tunic Top,Women,Brown,XXL,Relaxed Fit,Cotton,HRX,2199,4.9,Summer,"Essential HRX Women's printed tunic top tailored with a modern Relaxed Fit. Made of soft, breathable Cotton in rich Brown. Ideal choice for Summer."
PRD3081,Roadster Women's Grey Relaxed Fit Printed Tunic Top,tops,Printed Tunic Top,Women,Grey,S,Relaxed Fit,Cotton,Roadster,1899,4.5,Summer,Stay fashion-forward with this versatile Grey printed tunic top from Roadster. Includes a refined Relaxed Fit profile and high quality Cotton fabric.
PRD3082,Jack & Jones Women's Beige Regular Fit Off-Shoulder Summer Top,tops,Off-Shoulder Summer Top,Women,Beige,L,Regular Fit,Silk,Jack & Jones,999,4.8,Summer,"Crafted from premium Silk, this Jack & Jones Beige off-shoulder summer top offers exceptional comfort and durability for Summer wardrobe styling. Features a sleek Regular Fit design."
PRD3083,Roadster Women's Black Slim Fit Crop Ribbed Top,tops,Crop Ribbed Top,Women,Black,XXL,Slim Fit,Silk,Roadster,2499,3.9,All-Season,Stay fashion-forward with this versatile Black crop ribbed top from Roadster. Includes a refined Slim Fit profile and high quality Silk fabric.
PRD3084,Tommy Hilfiger Women's Brown Regular Fit Crop Ribbed Top,tops,Crop Ribbed Top,Women,Brown,M,Regular Fit,Silk,Tommy Hilfiger,849,4.3,Summer,"Elevate your look with this stylish Brown crop ribbed top by Tommy Hilfiger. Designed in a comfortable Regular Fit using high-grade Silk, perfect for casual or semi-formal outings."
PRD3085,Puma Women's Black Slim Fit Peplum Casual Top,tops,Peplum Casual Top,Women,Black,XXL,Slim Fit,Rayon,Puma,799,3.8,Spring,"Crafted from premium Rayon, this Puma Black peplum casual top offers exceptional comfort and durability for Spring wardrobe styling. Features a sleek Slim Fit design."
PRD3086,Puma Women's Red Regular Fit Peplum Casual Top,tops,Peplum Casual Top,Women,Red,XL,Regular Fit,Polyester,Puma,699,4.6,Spring,"Crafted from premium Polyester, this Puma Red peplum casual top offers exceptional comfort and durability for Spring wardrobe styling. Features a sleek Regular Fit design."
PRD3087,HRX Women's Purple Slim Fit Satin V-Neck Blouse,tops,Satin V-Neck Blouse,Women,Purple,M,Slim Fit,Polyester,HRX,2149,4.2,Spring,"Top-rated HRX satin v-neck blouse featuring premium Purple Polyester. Tailored to a comfortable Slim Fit, ideal for everyday wear during Spring."
PRD3088,W Women's Maroon Slim Fit Off-Shoulder Summer Top,tops,Off-Shoulder Summer Top,Women,Maroon,L,Slim Fit,Silk,W,999,3.6,Spring,"Elevate your look with this stylish Maroon off-shoulder summer top by W. Designed in a comfortable Slim Fit using high-grade Silk, perfect for casual or semi-formal outings."
PRD3089,Puma Women's Purple Regular Fit Printed Tunic Top,tops,Printed Tunic Top,Women,Purple,S,Regular Fit,Silk,Puma,999,3.9,Summer,"Elevate your look with this stylish Purple printed tunic top by Puma. Designed in a comfortable Regular Fit using high-grade Silk, perfect for casual or semi-formal outings."
PRD3090,Zara Women's Beige Slim Fit Crop Ribbed Top,tops,Crop Ribbed Top,Women,Beige,XL,Slim Fit,Cotton,Zara,2049,3.7,Summer,"Elevate your look with this stylish Beige crop ribbed top by Zara. Designed in a comfortable Slim Fit using high-grade Cotton, perfect for casual or semi-formal outings."
PRD3091,Roadster Women's Navy Slim Fit Off-Shoulder Summer Top,tops,Off-Shoulder Summer Top,Women,Navy,XL,Slim Fit,Polyester,Roadster,2449,4.7,All-Season,"Top-rated Roadster off-shoulder summer top featuring premium Navy Polyester. Tailored to a comfortable Slim Fit, ideal for everyday wear during All-Season."
PRD3092,Jack & Jones Women's Olive Relaxed Fit Peplum Casual Top,tops,Peplum Casual Top,Women,Olive,L,Relaxed Fit,Polyester,Jack & Jones,1399,3.7,Spring,"Top-rated Jack & Jones peplum casual top featuring premium Olive Polyester. Tailored to a comfortable Relaxed Fit, ideal for everyday wear during Spring."
PRD3093,FabIndia Women's Grey Regular Fit Off-Shoulder Summer Top,tops,Off-Shoulder Summer Top,Women,Grey,XL,Regular Fit,Silk,FabIndia,899,4.7,All-Season,Stay fashion-forward with this versatile Grey off-shoulder summer top from FabIndia. Includes a refined Regular Fit profile and high quality Silk fabric.
PRD3094,Roadster Women's White Slim Fit Off-Shoulder Summer Top,tops,Off-Shoulder Summer Top,Women,White,S,Slim Fit,Rayon,Roadster,2199,4.9,All-Season,"Essential Roadster Women's off-shoulder summer top tailored with a modern Slim Fit. Made of soft, breathable Rayon in rich White. Ideal choice for All-Season."
PRD3095,Biba Women's Maroon Regular Fit Satin V-Neck Blouse,tops,Satin V-Neck Blouse,Women,Maroon,XL,Regular Fit,Silk,Biba,1099,4.4,Summer,Stay fashion-forward with this versatile Maroon satin v-neck blouse from Biba. Includes a refined Regular Fit profile and high quality Silk fabric.
PRD3096,Under Armour Women's Blue Slim Fit Peplum Casual Top,tops,Peplum Casual Top,Women,Blue,S,Slim Fit,Cotton,Under Armour,799,4.3,Summer,"Top-rated Under Armour peplum casual top featuring premium Blue Cotton. Tailored to a comfortable Slim Fit, ideal for everyday wear during Summer."
PRD3097,Zara Women's Maroon Relaxed Fit Crop Ribbed Top,tops,Crop Ribbed Top,Women,Maroon,XXL,Relaxed Fit,Polyester,Zara,699,4.5,All-Season,"Crafted from premium Polyester, this Zara Maroon crop ribbed top offers exceptional comfort and durability for All-Season wardrobe styling. Features a sleek Relaxed Fit design."
PRD3098,Jack & Jones Women's Green Relaxed Fit Peplum Casual Top,tops,Peplum Casual Top,Women,Green,M,Relaxed Fit,Cotton,Jack & Jones,1799,3.7,All-Season,"Crafted from premium Cotton, this Jack & Jones Green peplum casual top offers exceptional comfort and durability for All-Season wardrobe styling. Features a sleek Relaxed Fit design."
PRD3099,Under Armour Women's Maroon Regular Fit Printed Tunic Top,tops,Printed Tunic Top,Women,Maroon,L,Regular Fit,Silk,Under Armour,2099,4.8,All-Season,"Crafted from premium Silk, this Under Armour Maroon printed tunic top offers exceptional comfort and durability for All-Season wardrobe styling. Features a sleek Regular Fit design."
PRD3100,Mango Women's White Slim Fit Peplum Casual Top,tops,Peplum Casual Top,Women,White,L,Slim Fit,Polyester,Mango,1099,3.8,Spring,Stay fashion-forward with this versatile White peplum casual top from Mango. Includes a refined Slim Fit profile and high quality Polyester fabric.
PRD3101,FabIndia Women's Navy Regular Fit Crop Ribbed Top,tops,Crop Ribbed Top,Women,Navy,S,Regular Fit,Silk,FabIndia,1349,3.8,Summer,"Essential FabIndia Women's crop ribbed top tailored with a modern Regular Fit. Made of soft, breathable Silk in rich Navy. Ideal choice for Summer."
PRD3102,Adidas Women's Purple Slim Fit Printed Tunic Top,tops,Printed Tunic Top,Women,Purple,S,Slim Fit,Silk,Adidas,1999,4.3,All-Season,"Elevate your look with this stylish Purple printed tunic top by Adidas. Designed in a comfortable Slim Fit using high-grade Silk, perfect for casual or semi-formal outings."
PRD3103,Allen Solly Women's Green Regular Fit Off-Shoulder Summer Top,tops,Off-Shoulder Summer Top,Women,Green,XXL,Regular Fit,Cotton,Allen Solly,2299,4.3,Spring,"Top-rated Allen Solly off-shoulder summer top featuring premium Green Cotton. Tailored to a comfortable Regular Fit, ideal for everyday wear during Spring."
PRD3104,Under Armour Women's Green Regular Fit Off-Shoulder Summer Top,tops,Off-Shoulder Summer Top,Women,Green,S,Regular Fit,Cotton,Under Armour,2349,4.1,Summer,Stay fashion-forward with this versatile Green off-shoulder summer top from Under Armour. Includes a refined Regular Fit profile and high quality Cotton fabric.
PRD3105,Manyavar Women's Pink Regular Fit Off-Shoulder Summer Top,tops,Off-Shoulder Summer Top,Women,Pink,XL,Regular Fit,Silk,Manyavar,1599,3.9,All-Season,"Elevate your look with this stylish Pink off-shoulder summer top by Manyavar. Designed in a comfortable Regular Fit using high-grade Silk, perfect for casual or semi-formal outings."
PRD3106,Biba Women's White Relaxed Fit Satin V-Neck Blouse,tops,Satin V-Neck Blouse,Women,White,M,Relaxed Fit,Rayon,Biba,1099,3.8,Spring,Stay fashion-forward with this versatile White satin v-neck blouse from Biba. Includes a refined Relaxed Fit profile and high quality Rayon fabric.
PRD3107,Mango Women's White Regular Fit Off-Shoulder Summer Top,tops,Off-Shoulder Summer Top,Women,White,XL,Regular Fit,Silk,Mango,749,4.8,Summer,"Essential Mango Women's off-shoulder summer top tailored with a modern Regular Fit. Made of soft, breathable Silk in rich White. Ideal choice for Summer."
PRD3108,Aurelia Women's Brown Relaxed Fit Peplum Casual Top,tops,Peplum Casual Top,Women,Brown,L,Relaxed Fit,Silk,Aurelia,1749,4.6,Summer,"Elevate your look with this stylish Brown peplum casual top by Aurelia. Designed in a comfortable Relaxed Fit using high-grade Silk, perfect for casual or semi-formal outings."
PRD3109,Roadster Women's Blue Slim Fit Printed Tunic Top,tops,Printed Tunic Top,Women,Blue,M,Slim Fit,Rayon,Roadster,649,3.7,Spring,"Essential Roadster Women's printed tunic top tailored with a modern Slim Fit. Made of soft, breathable Rayon in rich Blue. Ideal choice for Spring."
PRD3110,Tommy Hilfiger Women's Red Regular Fit Printed Tunic Top,tops,Printed Tunic Top,Women,Red,M,Regular Fit,Silk,Tommy Hilfiger,1899,4.1,Spring,"Top-rated Tommy Hilfiger printed tunic top featuring premium Red Silk. Tailored to a comfortable Regular Fit, ideal for everyday wear during Spring."
PRD3111,US Polo Assn Women's Grey Regular Fit Crop Ribbed Top,tops,Crop Ribbed Top,Women,Grey,L,Regular Fit,Cotton,US Polo Assn,1849,4.3,Spring,"Top-rated US Polo Assn crop ribbed top featuring premium Grey Cotton. Tailored to a comfortable Regular Fit, ideal for everyday wear during Spring."
PRD3112,Tommy Hilfiger Women's Red Relaxed Fit Peplum Casual Top,tops,Peplum Casual Top,Women,Red,XXL,Relaxed Fit,Cotton,Tommy Hilfiger,2149,4.8,Summer,"Crafted from premium Cotton, this Tommy Hilfiger Red peplum casual top offers exceptional comfort and durability for Summer wardrobe styling. Features a sleek Relaxed Fit design."
PRD3113,Adidas Women's Maroon Slim Fit Printed Tunic Top,tops,Printed Tunic Top,Women,Maroon,S,Slim Fit,Cotton,Adidas,949,4.8,All-Season,"Crafted from premium Cotton, this Adidas Maroon printed tunic top offers exceptional comfort and durability for All-Season wardrobe styling. Features a sleek Slim Fit design."
PRD3114,FabIndia Women's Maroon Regular Fit Peplum Casual Top,tops,Peplum Casual Top,Women,Maroon,L,Regular Fit,Cotton,FabIndia,1699,3.7,All-Season,Stay fashion-forward with this versatile Maroon peplum casual top from FabIndia. Includes a refined Regular Fit profile and high quality Cotton fabric.
PRD3115,Aurelia Women's Grey Regular Fit Satin V-Neck Blouse,tops,Satin V-Neck Blouse,Women,Grey,XXL,Regular Fit,Cotton,Aurelia,799,4.3,Summer,"Essential Aurelia Women's satin v-neck blouse tailored with a modern Regular Fit. Made of soft, breathable Cotton in rich Grey. Ideal choice for Summer."
PRD3116,Aurelia Women's Grey Regular Fit Printed Tunic Top,tops,Printed Tunic Top,Women,Grey,S,Regular Fit,Rayon,Aurelia,649,4.7,Summer,"Elevate your look with this stylish Grey printed tunic top by Aurelia. Designed in a comfortable Regular Fit using high-grade Rayon, perfect for casual or semi-formal outings."
PRD3117,Under Armour Women's Beige Relaxed Fit Printed Tunic Top,tops,Printed Tunic Top,Women,Beige,L,Relaxed Fit,Polyester,Under Armour,1649,4.0,Summer,Stay fashion-forward with this versatile Beige printed tunic top from Under Armour. Includes a refined Relaxed Fit profile and high quality Polyester fabric.
PRD3118,Biba Women's Maroon Regular Fit Off-Shoulder Summer Top,tops,Off-Shoulder Summer Top,Women,Maroon,XL,Regular Fit,Cotton,Biba,2049,3.7,All-Season,"Essential Biba Women's off-shoulder summer top tailored with a modern Regular Fit. Made of soft, breathable Cotton in rich Maroon. Ideal choice for All-Season."
PRD3119,FabIndia Women's Maroon Regular Fit Peplum Casual Top,tops,Peplum Casual Top,Women,Maroon,S,Regular Fit,Silk,FabIndia,949,3.8,Summer,"Essential FabIndia Women's peplum casual top tailored with a modern Regular Fit. Made of soft, breathable Silk in rich Maroon. Ideal choice for Summer."
PRD3120,H&M Women's White Relaxed Fit Peplum Casual Top,tops,Peplum Casual Top,Women,White,M,Relaxed Fit,Rayon,H&M,2199,5.0,All-Season,"Essential H&M Women's peplum casual top tailored with a modern Relaxed Fit. Made of soft, breathable Rayon in rich White. Ideal choice for All-Season."
PRD3121,Mango Women's Blue Regular Fit Printed Tunic Top,tops,Printed Tunic Top,Women,Blue,XL,Regular Fit,Polyester,Mango,1799,4.4,Summer,"Top-rated Mango printed tunic top featuring premium Blue Polyester. Tailored to a comfortable Regular Fit, ideal for everyday wear during Summer."
PRD3122,Adidas Women's Olive Slim Fit Printed Tunic Top,tops,Printed Tunic Top,Women,Olive,XXL,Slim Fit,Silk,Adidas,599,3.6,Summer,Stay fashion-forward with this versatile Olive printed tunic top from Adidas. Includes a refined Slim Fit profile and high quality Silk fabric.
PRD3123,HRX Women's Maroon Relaxed Fit Satin V-Neck Blouse,tops,Satin V-Neck Blouse,Women,Maroon,S,Relaxed Fit,Silk,HRX,699,3.5,All-Season,"Elevate your look with this stylish Maroon satin v-neck blouse by HRX. Designed in a comfortable Relaxed Fit using high-grade Silk, perfect for casual or semi-formal outings."
PRD3124,FabIndia Women's Red Relaxed Fit Printed Tunic Top,tops,Printed Tunic Top,Women,Red,S,Relaxed Fit,Polyester,FabIndia,599,4.0,Summer,"Crafted from premium Polyester, this FabIndia Red printed tunic top offers exceptional comfort and durability for Summer wardrobe styling. Features a sleek Relaxed Fit design."
PRD3125,Tommy Hilfiger Women's Red Relaxed Fit Crop Ribbed Top,tops,Crop Ribbed Top,Women,Red,S,Relaxed Fit,Silk,Tommy Hilfiger,2499,4.0,All-Season,"Elevate your look with this stylish Red crop ribbed top by Tommy Hilfiger. Designed in a comfortable Relaxed Fit using high-grade Silk, perfect for casual or semi-formal outings."
PRD3126,HRX Women's Olive Relaxed Fit Printed Tunic Top,tops,Printed Tunic Top,Women,Olive,XL,Relaxed Fit,Cotton,HRX,1399,4.3,Summer,Stay fashion-forward with this versatile Olive printed tunic top from HRX. Includes a refined Relaxed Fit profile and high quality Cotton fabric.
PRD3127,FabIndia Women's Red Slim Fit Satin V-Neck Blouse,tops,Satin V-Neck Blouse,Women,Red,M,Slim Fit,Silk,FabIndia,2399,4.8,All-Season,"Top-rated FabIndia satin v-neck blouse featuring premium Red Silk. Tailored to a comfortable Slim Fit, ideal for everyday wear during All-Season."
PRD3128,Biba Women's Purple Regular Fit Crop Ribbed Top,tops,Crop Ribbed Top,Women,Purple,S,Regular Fit,Polyester,Biba,1599,4.0,All-Season,"Crafted from premium Polyester, this Biba Purple crop ribbed top offers exceptional comfort and durability for All-Season wardrobe styling. Features a sleek Regular Fit design."
PRD3129,Aurelia Women's Grey Regular Fit Satin V-Neck Blouse,tops,Satin V-Neck Blouse,Women,Grey,XL,Regular Fit,Cotton,Aurelia,1699,4.0,Summer,"Crafted from premium Cotton, this Aurelia Grey satin v-neck blouse offers exceptional comfort and durability for Summer wardrobe styling. Features a sleek Regular Fit design."
PRD3130,Levi's Women's White Relaxed Fit Peplum Casual Top,tops,Peplum Casual Top,Women,White,M,Relaxed Fit,Silk,Levi's,2049,4.4,Summer,"Crafted from premium Silk, this Levi's White peplum casual top offers exceptional comfort and durability for Summer wardrobe styling. Features a sleek Relaxed Fit design."
PRD3131,Aurelia Women's Navy Slim Fit Printed Tunic Top,tops,Printed Tunic Top,Women,Navy,XXL,Slim Fit,Polyester,Aurelia,2049,4.8,All-Season,"Top-rated Aurelia printed tunic top featuring premium Navy Polyester. Tailored to a comfortable Slim Fit, ideal for everyday wear during All-Season."
PRD3132,Mango Women's Grey Regular Fit Off-Shoulder Summer Top,tops,Off-Shoulder Summer Top,Women,Grey,S,Regular Fit,Polyester,Mango,1899,3.6,Spring,"Essential Mango Women's off-shoulder summer top tailored with a modern Regular Fit. Made of soft, breathable Polyester in rich Grey. Ideal choice for Spring."
PRD3133,Under Armour Women's Olive Relaxed Fit Crop Ribbed Top,tops,Crop Ribbed Top,Women,Olive,L,Relaxed Fit,Cotton,Under Armour,1099,4.7,All-Season,"Top-rated Under Armour crop ribbed top featuring premium Olive Cotton. Tailored to a comfortable Relaxed Fit, ideal for everyday wear during All-Season."
PRD3134,Roadster Women's Grey Slim Fit Satin V-Neck Blouse,tops,Satin V-Neck Blouse,Women,Grey,S,Slim Fit,Polyester,Roadster,1299,5.0,All-Season,Stay fashion-forward with this versatile Grey satin v-neck blouse from Roadster. Includes a refined Slim Fit profile and high quality Polyester fabric.
PRD3135,Under Armour Women's Yellow Relaxed Fit Printed Tunic Top,tops,Printed Tunic Top,Women,Yellow,XL,Relaxed Fit,Rayon,Under Armour,949,4.6,Spring,"Crafted from premium Rayon, this Under Armour Yellow printed tunic top offers exceptional comfort and durability for Spring wardrobe styling. Features a sleek Relaxed Fit design."
PRD3136,Roadster Women's Navy Relaxed Fit Satin V-Neck Blouse,tops,Satin V-Neck Blouse,Women,Navy,XL,Relaxed Fit,Polyester,Roadster,2149,3.8,All-Season,"Essential Roadster Women's satin v-neck blouse tailored with a modern Relaxed Fit. Made of soft, breathable Polyester in rich Navy. Ideal choice for All-Season."
PRD3137,Under Armour Women's Navy Regular Fit Peplum Casual Top,tops,Peplum Casual Top,Women,Navy,XXL,Regular Fit,Silk,Under Armour,1599,4.4,Spring,"Elevate your look with this stylish Navy peplum casual top by Under Armour. Designed in a comfortable Regular Fit using high-grade Silk, perfect for casual or semi-formal outings."
PRD3138,Tommy Hilfiger Women's Pink Regular Fit Off-Shoulder Summer Top,tops,Off-Shoulder Summer Top,Women,Pink,S,Regular Fit,Polyester,Tommy Hilfiger,2149,4.2,All-Season,"Essential Tommy Hilfiger Women's off-shoulder summer top tailored with a modern Regular Fit. Made of soft, breathable Polyester in rich Pink. Ideal choice for All-Season."
PRD3139,Roadster Women's Beige Regular Fit Printed Tunic Top,tops,Printed Tunic Top,Women,Beige,XXL,Regular Fit,Polyester,Roadster,1399,4.1,Summer,"Essential Roadster Women's printed tunic top tailored with a modern Regular Fit. Made of soft, breathable Polyester in rich Beige. Ideal choice for Summer."
PRD3140,H&M Women's Beige Slim Fit Satin V-Neck Blouse,tops,Satin V-Neck Blouse,Women,Beige,XXL,Slim Fit,Cotton,H&M,1499,4.0,All-Season,Stay fashion-forward with this versatile Beige satin v-neck blouse from H&M. Includes a refined Slim Fit profile and high quality Cotton fabric.
PRD3141,Adidas Women's Olive Relaxed Fit Printed Tunic Top,tops,Printed Tunic Top,Women,Olive,L,Relaxed Fit,Rayon,Adidas,749,4.9,Spring,"Elevate your look with this stylish Olive printed tunic top by Adidas. Designed in a comfortable Relaxed Fit using high-grade Rayon, perfect for casual or semi-formal outings."
PRD3142,Manyavar Women's Grey Regular Fit Off-Shoulder Summer Top,tops,Off-Shoulder Summer Top,Women,Grey,XL,Regular Fit,Silk,Manyavar,1649,4.9,Spring,"Essential Manyavar Women's off-shoulder summer top tailored with a modern Regular Fit. Made of soft, breathable Silk in rich Grey. Ideal choice for Spring."
PRD3143,Allen Solly Women's Grey Regular Fit Satin V-Neck Blouse,tops,Satin V-Neck Blouse,Women,Grey,L,Regular Fit,Cotton,Allen Solly,1199,3.5,Spring,"Top-rated Allen Solly satin v-neck blouse featuring premium Grey Cotton. Tailored to a comfortable Regular Fit, ideal for everyday wear during Spring."
PRD3144,FabIndia Women's Black Regular Fit Printed Tunic Top,tops,Printed Tunic Top,Women,Black,S,Regular Fit,Silk,FabIndia,899,4.1,Summer,Stay fashion-forward with this versatile Black printed tunic top from FabIndia. Includes a refined Regular Fit profile and high quality Silk fabric.
PRD3145,Zara Women's Green Relaxed Fit Satin V-Neck Blouse,tops,Satin V-Neck Blouse,Women,Green,XXL,Relaxed Fit,Cotton,Zara,949,3.9,Summer,"Essential Zara Women's satin v-neck blouse tailored with a modern Relaxed Fit. Made of soft, breathable Cotton in rich Green. Ideal choice for Summer."
PRD3146,W Women's Brown Slim Fit Printed Tunic Top,tops,Printed Tunic Top,Women,Brown,XXL,Slim Fit,Cotton,W,1749,4.3,All-Season,"Crafted from premium Cotton, this W Brown printed tunic top offers exceptional comfort and durability for All-Season wardrobe styling. Features a sleek Slim Fit design."
PRD3147,Tommy Hilfiger Women's Olive Relaxed Fit Satin V-Neck Blouse,tops,Satin V-Neck Blouse,Women,Olive,XXL,Relaxed Fit,Silk,Tommy Hilfiger,2099,4.2,All-Season,"Crafted from premium Silk, this Tommy Hilfiger Olive satin v-neck blouse offers exceptional comfort and durability for All-Season wardrobe styling. Features a sleek Relaxed Fit design."
PRD3148,Aurelia Women's Purple Slim Fit Off-Shoulder Summer Top,tops,Off-Shoulder Summer Top,Women,Purple,XL,Slim Fit,Cotton,Aurelia,2199,4.1,Summer,"Crafted from premium Cotton, this Aurelia Purple off-shoulder summer top offers exceptional comfort and durability for Summer wardrobe styling. Features a sleek Slim Fit design."
PRD3149,Zara Women's Black Relaxed Fit Peplum Casual Top,tops,Peplum Casual Top,Women,Black,XL,Relaxed Fit,Rayon,Zara,2149,4.5,All-Season,"Crafted from premium Rayon, this Zara Black peplum casual top offers exceptional comfort and durability for All-Season wardrobe styling. Features a sleek Relaxed Fit design."
PRD3150,Under Armour Women's Olive Slim Fit Printed Tunic Top,tops,Printed Tunic Top,Women,Olive,XL,Slim Fit,Cotton,Under Armour,1149,3.6,Spring,"Essential Under Armour Women's printed tunic top tailored with a modern Slim Fit. Made of soft, breathable Cotton in rich Olive. Ideal choice for Spring."
PRD3151,Under Armour Women's Yellow Relaxed Fit Crop Ribbed Top,tops,Crop Ribbed Top,Women,Yellow,XL,Relaxed Fit,Rayon,Under Armour,1749,3.6,Spring,Stay fashion-forward with this versatile Yellow crop ribbed top from Under Armour. Includes a refined Relaxed Fit profile and high quality Rayon fabric.
PRD3152,Levi's Women's White Regular Fit Peplum Casual Top,tops,Peplum Casual Top,Women,White,S,Regular Fit,Cotton,Levi's,1849,4.6,Summer,Stay fashion-forward with this versatile White peplum casual top from Levi's. Includes a refined Regular Fit profile and high quality Cotton fabric.
PRD3153,W Women's Red Regular Fit Peplum Casual Top,tops,Peplum Casual Top,Women,Red,L,Regular Fit,Rayon,W,849,4.4,Spring,"Crafted from premium Rayon, this W Red peplum casual top offers exceptional comfort and durability for Spring wardrobe styling. Features a sleek Regular Fit design."
PRD3154,Biba Women's Olive Regular Fit Satin V-Neck Blouse,tops,Satin V-Neck Blouse,Women,Olive,XL,Regular Fit,Polyester,Biba,2249,4.9,All-Season,"Elevate your look with this stylish Olive satin v-neck blouse by Biba. Designed in a comfortable Regular Fit using high-grade Polyester, perfect for casual or semi-formal outings."
PRD3155,US Polo Assn Women's White Slim Fit Peplum Casual Top,tops,Peplum Casual Top,Women,White,L,Slim Fit,Cotton,US Polo Assn,1849,4.4,Spring,Stay fashion-forward with this versatile White peplum casual top from US Polo Assn. Includes a refined Slim Fit profile and high quality Cotton fabric.
PRD3156,Roadster Women's Brown Slim Fit Off-Shoulder Summer Top,tops,Off-Shoulder Summer Top,Women,Brown,S,Slim Fit,Silk,Roadster,1799,3.5,Summer,"Elevate your look with this stylish Brown off-shoulder summer top by Roadster. Designed in a comfortable Slim Fit using high-grade Silk, perfect for casual or semi-formal outings."
PRD3157,Allen Solly Women's Brown Slim Fit Off-Shoulder Summer Top,tops,Off-Shoulder Summer Top,Women,Brown,L,Slim Fit,Rayon,Allen Solly,1549,4.9,Spring,"Essential Allen Solly Women's off-shoulder summer top tailored with a modern Slim Fit. Made of soft, breathable Rayon in rich Brown. Ideal choice for Spring."
PRD3158,Aurelia Women's Navy Relaxed Fit Off-Shoulder Summer Top,tops,Off-Shoulder Summer Top,Women,Navy,XL,Relaxed Fit,Silk,Aurelia,1249,3.8,All-Season,"Elevate your look with this stylish Navy off-shoulder summer top by Aurelia. Designed in a comfortable Relaxed Fit using high-grade Silk, perfect for casual or semi-formal outings."
PRD3159,Aurelia Women's Black Regular Fit Crop Ribbed Top,tops,Crop Ribbed Top,Women,Black,L,Regular Fit,Cotton,Aurelia,1249,4.6,Summer,"Elevate your look with this stylish Black crop ribbed top by Aurelia. Designed in a comfortable Regular Fit using high-grade Cotton, perfect for casual or semi-formal outings."
PRD3160,Nike Women's Black Relaxed Fit Crop Ribbed Top,tops,Crop Ribbed Top,Women,Black,M,Relaxed Fit,Silk,Nike,1899,3.8,Spring,"Crafted from premium Silk, this Nike Black crop ribbed top offers exceptional comfort and durability for Spring wardrobe styling. Features a sleek Relaxed Fit design."
PRD3161,H&M Women's Brown Relaxed Fit Satin V-Neck Blouse,tops,Satin V-Neck Blouse,Women,Brown,XL,Relaxed Fit,Silk,H&M,1599,3.7,All-Season,"Essential H&M Women's satin v-neck blouse tailored with a modern Relaxed Fit. Made of soft, breathable Silk in rich Brown. Ideal choice for All-Season."
PRD3162,Aurelia Women's Pink Regular Fit Printed Tunic Top,tops,Printed Tunic Top,Women,Pink,L,Regular Fit,Rayon,Aurelia,1699,4.0,All-Season,"Elevate your look with this stylish Pink printed tunic top by Aurelia. Designed in a comfortable Regular Fit using high-grade Rayon, perfect for casual or semi-formal outings."
PRD3163,Under Armour Women's Olive Regular Fit Off-Shoulder Summer Top,tops,Off-Shoulder Summer Top,Women,Olive,L,Regular Fit,Silk,Under Armour,799,4.1,All-Season,"Top-rated Under Armour off-shoulder summer top featuring premium Olive Silk. Tailored to a comfortable Regular Fit, ideal for everyday wear during All-Season."
PRD3164,Tommy Hilfiger Women's Pink Slim Fit Satin V-Neck Blouse,tops,Satin V-Neck Blouse,Women,Pink,S,Slim Fit,Polyester,Tommy Hilfiger,1249,4.9,Summer,"Top-rated Tommy Hilfiger satin v-neck blouse featuring premium Pink Polyester. Tailored to a comfortable Slim Fit, ideal for everyday wear during Summer."
PRD3165,Zara Women's Pink Slim Fit Off-Shoulder Summer Top,tops,Off-Shoulder Summer Top,Women,Pink,XL,Slim Fit,Rayon,Zara,1199,3.9,Spring,"Elevate your look with this stylish Pink off-shoulder summer top by Zara. Designed in a comfortable Slim Fit using high-grade Rayon, perfect for casual or semi-formal outings."
PRD3166,W Women's Brown Slim Fit Crop Ribbed Top,tops,Crop Ribbed Top,Women,Brown,XXL,Slim Fit,Rayon,W,2049,4.6,Spring,"Essential W Women's crop ribbed top tailored with a modern Slim Fit. Made of soft, breathable Rayon in rich Brown. Ideal choice for Spring."
PRD3167,Nike Women's Navy Relaxed Fit Satin V-Neck Blouse,tops,Satin V-Neck Blouse,Women,Navy,XXL,Relaxed Fit,Rayon,Nike,1499,3.8,All-Season,"Essential Nike Women's satin v-neck blouse tailored with a modern Relaxed Fit. Made of soft, breathable Rayon in rich Navy. Ideal choice for All-Season."
PRD3168,Allen Solly Women's Red Regular Fit Peplum Casual Top,tops,Peplum Casual Top,Women,Red,M,Regular Fit,Cotton,Allen Solly,849,4.3,Summer,Stay fashion-forward with this versatile Red peplum casual top from Allen Solly. Includes a refined Regular Fit profile and high quality Cotton fabric.
PRD3169,H&M Women's Red Relaxed Fit Peplum Casual Top,tops,Peplum Casual Top,Women,Red,S,Relaxed Fit,Silk,H&M,1599,4.2,Spring,"Top-rated H&M peplum casual top featuring premium Red Silk. Tailored to a comfortable Relaxed Fit, ideal for everyday wear during Spring."
PRD3170,FabIndia Women's Navy Slim Fit Printed Tunic Top,tops,Printed Tunic Top,Women,Navy,XL,Slim Fit,Polyester,FabIndia,999,3.5,All-Season,"Top-rated FabIndia printed tunic top featuring premium Navy Polyester. Tailored to a comfortable Slim Fit, ideal for everyday wear during All-Season."
PRD3171,HRX Women's Olive Slim Fit Crop Ribbed Top,tops,Crop Ribbed Top,Women,Olive,S,Slim Fit,Rayon,HRX,1499,4.5,Summer,Stay fashion-forward with this versatile Olive crop ribbed top from HRX. Includes a refined Slim Fit profile and high quality Rayon fabric.
PRD3172,Tommy Hilfiger Women's Maroon Slim Fit Crop Ribbed Top,tops,Crop Ribbed Top,Women,Maroon,S,Slim Fit,Polyester,Tommy Hilfiger,799,4.3,All-Season,"Crafted from premium Polyester, this Tommy Hilfiger Maroon crop ribbed top offers exceptional comfort and durability for All-Season wardrobe styling. Features a sleek Slim Fit design."
PRD3173,W Women's Red Regular Fit Satin V-Neck Blouse,tops,Satin V-Neck Blouse,Women,Red,XL,Regular Fit,Rayon,W,749,4.6,Spring,Stay fashion-forward with this versatile Red satin v-neck blouse from W. Includes a refined Regular Fit profile and high quality Rayon fabric.
PRD3174,Biba Women's Pink Slim Fit Crop Ribbed Top,tops,Crop Ribbed Top,Women,Pink,M,Slim Fit,Rayon,Biba,2249,4.1,Summer,"Top-rated Biba crop ribbed top featuring premium Pink Rayon. Tailored to a comfortable Slim Fit, ideal for everyday wear during Summer."
PRD3175,Under Armour Women's Olive Regular Fit Off-Shoulder Summer Top,tops,Off-Shoulder Summer Top,Women,Olive,S,Regular Fit,Rayon,Under Armour,1799,4.4,Spring,"Top-rated Under Armour off-shoulder summer top featuring premium Olive Rayon. Tailored to a comfortable Regular Fit, ideal for everyday wear during Spring."
PRD3176,Levi's Women's Black Relaxed Fit Peplum Casual Top,tops,Peplum Casual Top,Women,Black,M,Relaxed Fit,Rayon,Levi's,1749,3.5,Spring,"Elevate your look with this stylish Black peplum casual top by Levi's. Designed in a comfortable Relaxed Fit using high-grade Rayon, perfect for casual or semi-formal outings."
PRD3177,Tommy Hilfiger Women's Maroon Slim Fit Crop Ribbed Top,tops,Crop Ribbed Top,Women,Maroon,XXL,Slim Fit,Polyester,Tommy Hilfiger,1149,4.9,All-Season,"Elevate your look with this stylish Maroon crop ribbed top by Tommy Hilfiger. Designed in a comfortable Slim Fit using high-grade Polyester, perfect for casual or semi-formal outings."
PRD3178,US Polo Assn Women's Maroon Relaxed Fit Satin V-Neck Blouse,tops,Satin V-Neck Blouse,Women,Maroon,XXL,Relaxed Fit,Rayon,US Polo Assn,2049,4.2,All-Season,"Essential US Polo Assn Women's satin v-neck blouse tailored with a modern Relaxed Fit. Made of soft, breathable Rayon in rich Maroon. Ideal choice for All-Season."
PRD3179,Jack & Jones Women's Purple Regular Fit Crop Ribbed Top,tops,Crop Ribbed Top,Women,Purple,XXL,Regular Fit,Rayon,Jack & Jones,1299,4.6,All-Season,"Elevate your look with this stylish Purple crop ribbed top by Jack & Jones. Designed in a comfortable Regular Fit using high-grade Rayon, perfect for casual or semi-formal outings."
PRD3180,Manyavar Women's White Slim Fit Peplum Casual Top,tops,Peplum Casual Top,Women,White,XXL,Slim Fit,Cotton,Manyavar,1499,4.6,Spring,"Top-rated Manyavar peplum casual top featuring premium White Cotton. Tailored to a comfortable Slim Fit, ideal for everyday wear during Spring."
PRD3181,H&M Women's Yellow Relaxed Fit Crop Ribbed Top,tops,Crop Ribbed Top,Women,Yellow,XXL,Relaxed Fit,Silk,H&M,2449,4.8,All-Season,"Crafted from premium Silk, this H&M Yellow crop ribbed top offers exceptional comfort and durability for All-Season wardrobe styling. Features a sleek Relaxed Fit design."
PRD3182,Jack & Jones Women's Brown Relaxed Fit Peplum Casual Top,tops,Peplum Casual Top,Women,Brown,L,Relaxed Fit,Rayon,Jack & Jones,2249,3.6,Spring,"Essential Jack & Jones Women's peplum casual top tailored with a modern Relaxed Fit. Made of soft, breathable Rayon in rich Brown. Ideal choice for Spring."
PRD3183,Allen Solly Women's Brown Slim Fit Satin V-Neck Blouse,tops,Satin V-Neck Blouse,Women,Brown,S,Slim Fit,Polyester,Allen Solly,749,3.8,All-Season,"Elevate your look with this stylish Brown satin v-neck blouse by Allen Solly. Designed in a comfortable Slim Fit using high-grade Polyester, perfect for casual or semi-formal outings."
PRD3184,Levi's Women's Brown Regular Fit Crop Ribbed Top,tops,Crop Ribbed Top,Women,Brown,XXL,Regular Fit,Cotton,Levi's,1099,4.4,Summer,Stay fashion-forward with this versatile Brown crop ribbed top from Levi's. Includes a refined Regular Fit profile and high quality Cotton fabric.
PRD3185,Aurelia Women's Navy Relaxed Fit Peplum Casual Top,tops,Peplum Casual Top,Women,Navy,XXL,Relaxed Fit,Cotton,Aurelia,1899,4.9,Summer,"Top-rated Aurelia peplum casual top featuring premium Navy Cotton. Tailored to a comfortable Relaxed Fit, ideal for everyday wear during Summer."
PRD3186,FabIndia Women's Beige Relaxed Fit Peplum Casual Top,tops,Peplum Casual Top,Women,Beige,L,Relaxed Fit,Cotton,FabIndia,899,4.3,Spring,Stay fashion-forward with this versatile Beige peplum casual top from FabIndia. Includes a refined Relaxed Fit profile and high quality Cotton fabric.
PRD3187,HRX Women's Red Regular Fit Printed Tunic Top,tops,Printed Tunic Top,Women,Red,L,Regular Fit,Cotton,HRX,2099,4.3,All-Season,"Crafted from premium Cotton, this HRX Red printed tunic top offers exceptional comfort and durability for All-Season wardrobe styling. Features a sleek Regular Fit design."
PRD3188,Jack & Jones Women's Red Slim Fit Peplum Casual Top,tops,Peplum Casual Top,Women,Red,S,Slim Fit,Polyester,Jack & Jones,799,4.4,Summer,"Top-rated Jack & Jones peplum casual top featuring premium Red Polyester. Tailored to a comfortable Slim Fit, ideal for everyday wear during Summer."
PRD3189,H&M Women's Purple Relaxed Fit Peplum Casual Top,tops,Peplum Casual Top,Women,Purple,XL,Relaxed Fit,Silk,H&M,1199,3.7,All-Season,"Essential H&M Women's peplum casual top tailored with a modern Relaxed Fit. Made of soft, breathable Silk in rich Purple. Ideal choice for All-Season."
PRD3190,W Women's Maroon Regular Fit Peplum Casual Top,tops,Peplum Casual Top,Women,Maroon,S,Regular Fit,Cotton,W,1999,4.3,All-Season,"Top-rated W peplum casual top featuring premium Maroon Cotton. Tailored to a comfortable Regular Fit, ideal for everyday wear during All-Season."
PRD3191,Nike Women's Black Regular Fit Printed Tunic Top,tops,Printed Tunic Top,Women,Black,M,Regular Fit,Rayon,Nike,1199,3.8,Summer,Stay fashion-forward with this versatile Black printed tunic top from Nike. Includes a refined Regular Fit profile and high quality Rayon fabric.
PRD3192,Allen Solly Women's Navy Relaxed Fit Satin V-Neck Blouse,tops,Satin V-Neck Blouse,Women,Navy,XL,Relaxed Fit,Polyester,Allen Solly,2149,4.1,Summer,Stay fashion-forward with this versatile Navy satin v-neck blouse from Allen Solly. Includes a refined Relaxed Fit profile and high quality Polyester fabric.
PRD3193,H&M Women's Yellow Relaxed Fit Crop Ribbed Top,tops,Crop Ribbed Top,Women,Yellow,M,Relaxed Fit,Polyester,H&M,999,4.0,All-Season,"Top-rated H&M crop ribbed top featuring premium Yellow Polyester. Tailored to a comfortable Relaxed Fit, ideal for everyday wear during All-Season."
PRD3194,Zara Women's Yellow Regular Fit Peplum Casual Top,tops,Peplum Casual Top,Women,Yellow,L,Regular Fit,Polyester,Zara,1849,4.9,Summer,Stay fashion-forward with this versatile Yellow peplum casual top from Zara. Includes a refined Regular Fit profile and high quality Polyester fabric.
PRD3195,Puma Women's Purple Regular Fit Peplum Casual Top,tops,Peplum Casual Top,Women,Purple,XXL,Regular Fit,Polyester,Puma,1549,4.4,Summer,"Essential Puma Women's peplum casual top tailored with a modern Regular Fit. Made of soft, breathable Polyester in rich Purple. Ideal choice for Summer."
PRD3196,W Women's Grey Regular Fit Peplum Casual Top,tops,Peplum Casual Top,Women,Grey,XXL,Regular Fit,Silk,W,649,4.5,Spring,"Top-rated W peplum casual top featuring premium Grey Silk. Tailored to a comfortable Regular Fit, ideal for everyday wear during Spring."
PRD3197,Puma Women's White Regular Fit Satin V-Neck Blouse,tops,Satin V-Neck Blouse,Women,White,XXL,Regular Fit,Cotton,Puma,1799,4.1,Summer,Stay fashion-forward with this versatile White satin v-neck blouse from Puma. Includes a refined Regular Fit profile and high quality Cotton fabric.
PRD3198,HRX Women's Red Regular Fit Peplum Casual Top,tops,Peplum Casual Top,Women,Red,S,Regular Fit,Silk,HRX,1349,4.7,All-Season,"Essential HRX Women's peplum casual top tailored with a modern Regular Fit. Made of soft, breathable Silk in rich Red. Ideal choice for All-Season."
PRD3199,H&M Women's Black Slim Fit Satin V-Neck Blouse,tops,Satin V-Neck Blouse,Women,Black,M,Slim Fit,Polyester,H&M,1249,4.3,Spring,"Essential H&M Women's satin v-neck blouse tailored with a modern Slim Fit. Made of soft, breathable Polyester in rich Black. Ideal choice for Spring."
PRD3200,HRX Women's Navy Slim Fit Off-Shoulder Summer Top,tops,Off-Shoulder Summer Top,Women,Navy,XXL,Slim Fit,Cotton,HRX,1699,3.5,Summer,Stay fashion-forward with this versatile Navy off-shoulder summer top from HRX. Includes a refined Slim Fit profile and high quality Cotton fabric.
PRD3201,Allen Solly Women's White Regular Fit Peplum Casual Top,tops,Peplum Casual Top,Women,White,XL,Regular Fit,Polyester,Allen Solly,849,4.9,Summer,"Top-rated Allen Solly peplum casual top featuring premium White Polyester. Tailored to a comfortable Regular Fit, ideal for everyday wear during Summer."
PRD3202,Nike Women's Olive Regular Fit Off-Shoulder Summer Top,tops,Off-Shoulder Summer Top,Women,Olive,XXL,Regular Fit,Polyester,Nike,2099,4.4,Summer,"Top-rated Nike off-shoulder summer top featuring premium Olive Polyester. Tailored to a comfortable Regular Fit, ideal for everyday wear during Summer."
PRD3203,Tommy Hilfiger Women's Pink Regular Fit Crop Ribbed Top,tops,Crop Ribbed Top,Women,Pink,XL,Regular Fit,Cotton,Tommy Hilfiger,1399,3.9,Spring,"Top-rated Tommy Hilfiger crop ribbed top featuring premium Pink Cotton. Tailored to a comfortable Regular Fit, ideal for everyday wear during Spring."
PRD3204,Levi's Women's White Relaxed Fit Printed Tunic Top,tops,Printed Tunic Top,Women,White,XXL,Relaxed Fit,Rayon,Levi's,1499,4.6,All-Season,"Essential Levi's Women's printed tunic top tailored with a modern Relaxed Fit. Made of soft, breathable Rayon in rich White. Ideal choice for All-Season."
PRD3205,W Women's Purple Regular Fit Peplum Casual Top,tops,Peplum Casual Top,Women,Purple,XL,Regular Fit,Polyester,W,849,4.2,Summer,"Elevate your look with this stylish Purple peplum casual top by W. Designed in a comfortable Regular Fit using high-grade Polyester, perfect for casual or semi-formal outings."
PRD3206,Levi's Women's Brown Slim Fit Satin V-Neck Blouse,tops,Satin V-Neck Blouse,Women,Brown,S,Slim Fit,Polyester,Levi's,999,4.0,Spring,"Elevate your look with this stylish Brown satin v-neck blouse by Levi's. Designed in a comfortable Slim Fit using high-grade Polyester, perfect for casual or semi-formal outings."
PRD3207,Under Armour Women's Yellow Regular Fit Printed Tunic Top,tops,Printed Tunic Top,Women,Yellow,XL,Regular Fit,Silk,Under Armour,1499,4.5,All-Season,"Essential Under Armour Women's printed tunic top tailored with a modern Regular Fit. Made of soft, breathable Silk in rich Yellow. Ideal choice for All-Season."
PRD3208,Manyavar Women's Red Regular Fit Crop Ribbed Top,tops,Crop Ribbed Top,Women,Red,XL,Regular Fit,Rayon,Manyavar,599,4.7,Spring,"Crafted from premium Rayon, this Manyavar Red crop ribbed top offers exceptional comfort and durability for Spring wardrobe styling. Features a sleek Regular Fit design."
PRD3209,Puma Women's Pink Slim Fit Peplum Casual Top,tops,Peplum Casual Top,Women,Pink,XXL,Slim Fit,Rayon,Puma,2249,4.5,Summer,Stay fashion-forward with this versatile Pink peplum casual top from Puma. Includes a refined Slim Fit profile and high quality Rayon fabric.
PRD3210,Levi's Women's Grey Slim Fit Crop Ribbed Top,tops,Crop Ribbed Top,Women,Grey,M,Slim Fit,Rayon,Levi's,2549,3.6,Spring,"Essential Levi's Women's crop ribbed top tailored with a modern Slim Fit. Made of soft, breathable Rayon in rich Grey. Ideal choice for Spring."
PRD3211,H&M Women's Blue Relaxed Fit Crop Ribbed Top,tops,Crop Ribbed Top,Women,Blue,L,Relaxed Fit,Cotton,H&M,1499,4.2,All-Season,"Crafted from premium Cotton, this H&M Blue crop ribbed top offers exceptional comfort and durability for All-Season wardrobe styling. Features a sleek Relaxed Fit design."
PRD3212,Adidas Women's Black Slim Fit Off-Shoulder Summer Top,tops,Off-Shoulder Summer Top,Women,Black,XXL,Slim Fit,Polyester,Adidas,2299,4.6,All-Season,"Crafted from premium Polyester, this Adidas Black off-shoulder summer top offers exceptional comfort and durability for All-Season wardrobe styling. Features a sleek Slim Fit design."
PRD3213,Under Armour Women's Green Regular Fit Crop Ribbed Top,tops,Crop Ribbed Top,Women,Green,S,Regular Fit,Silk,Under Armour,699,4.4,All-Season,"Top-rated Under Armour crop ribbed top featuring premium Green Silk. Tailored to a comfortable Regular Fit, ideal for everyday wear during All-Season."
PRD3214,US Polo Assn Women's White Regular Fit Peplum Casual Top,tops,Peplum Casual Top,Women,White,XXL,Regular Fit,Polyester,US Polo Assn,2049,4.6,Summer,Stay fashion-forward with this versatile White peplum casual top from US Polo Assn. Includes a refined Regular Fit profile and high quality Polyester fabric.
PRD3215,Roadster Women's Purple Relaxed Fit Satin V-Neck Blouse,tops,Satin V-Neck Blouse,Women,Purple,M,Relaxed Fit,Polyester,Roadster,949,4.1,Summer,Stay fashion-forward with this versatile Purple satin v-neck blouse from Roadster. Includes a refined Relaxed Fit profile and high quality Polyester fabric.
PRD3216,US Polo Assn Women's Green Slim Fit Crop Ribbed Top,tops,Crop Ribbed Top,Women,Green,M,Slim Fit,Rayon,US Polo Assn,949,4.1,All-Season,"Crafted from premium Rayon, this US Polo Assn Green crop ribbed top offers exceptional comfort and durability for All-Season wardrobe styling. Features a sleek Slim Fit design."
PRD3217,Aurelia Women's Black Slim Fit Printed Tunic Top,tops,Printed Tunic Top,Women,Black,XXL,Slim Fit,Rayon,Aurelia,1449,3.6,Spring,Stay fashion-forward with this versatile Black printed tunic top from Aurelia. Includes a refined Slim Fit profile and high quality Rayon fabric.
PRD3218,Allen Solly Women's Black Slim Fit Peplum Casual Top,tops,Peplum Casual Top,Women,Black,M,Slim Fit,Polyester,Allen Solly,699,4.9,Spring,"Elevate your look with this stylish Black peplum casual top by Allen Solly. Designed in a comfortable Slim Fit using high-grade Polyester, perfect for casual or semi-formal outings."
PRD3219,Zara Women's Brown Slim Fit Peplum Casual Top,tops,Peplum Casual Top,Women,Brown,M,Slim Fit,Polyester,Zara,699,4.4,Spring,"Elevate your look with this stylish Brown peplum casual top by Zara. Designed in a comfortable Slim Fit using high-grade Polyester, perfect for casual or semi-formal outings."
PRD3220,HRX Women's Black Regular Fit Printed Tunic Top,tops,Printed Tunic Top,Women,Black,XXL,Regular Fit,Polyester,HRX,1199,3.5,Spring,"Crafted from premium Polyester, this HRX Black printed tunic top offers exceptional comfort and durability for Spring wardrobe styling. Features a sleek Regular Fit design."
PRD3221,Mango Women's Navy Relaxed Fit Crop Ribbed Top,tops,Crop Ribbed Top,Women,Navy,XL,Relaxed Fit,Cotton,Mango,999,4.4,Summer,"Crafted from premium Cotton, this Mango Navy crop ribbed top offers exceptional comfort and durability for Summer wardrobe styling. Features a sleek Relaxed Fit design."
PRD3222,Allen Solly Women's White Slim Fit Peplum Casual Top,tops,Peplum Casual Top,Women,White,M,Slim Fit,Cotton,Allen Solly,1699,4.7,Summer,"Top-rated Allen Solly peplum casual top featuring premium White Cotton. Tailored to a comfortable Slim Fit, ideal for everyday wear during Summer."
PRD3223,Zara Women's Blue Relaxed Fit Printed Tunic Top,tops,Printed Tunic Top,Women,Blue,M,Relaxed Fit,Polyester,Zara,949,3.7,Spring,"Essential Zara Women's printed tunic top tailored with a modern Relaxed Fit. Made of soft, breathable Polyester in rich Blue. Ideal choice for Spring."
PRD3224,Tommy Hilfiger Women's Brown Slim Fit Off-Shoulder Summer Top,tops,Off-Shoulder Summer Top,Women,Brown,XXL,Slim Fit,Polyester,Tommy Hilfiger,899,4.3,Summer,"Crafted from premium Polyester, this Tommy Hilfiger Brown off-shoulder summer top offers exceptional comfort and durability for Summer wardrobe styling. Features a sleek Slim Fit design."
PRD3225,Mango Women's Green Regular Fit Peplum Casual Top,tops,Peplum Casual Top,Women,Green,S,Regular Fit,Silk,Mango,849,4.7,Spring,"Essential Mango Women's peplum casual top tailored with a modern Regular Fit. Made of soft, breathable Silk in rich Green. Ideal choice for Spring."
PRD3226,US Polo Assn Women's Navy Slim Fit Crop Ribbed Top,tops,Crop Ribbed Top,Women,Navy,XL,Slim Fit,Cotton,US Polo Assn,599,3.7,All-Season,"Elevate your look with this stylish Navy crop ribbed top by US Polo Assn. Designed in a comfortable Slim Fit using high-grade Cotton, perfect for casual or semi-formal outings."
PRD3227,Allen Solly Women's Brown Slim Fit Printed Tunic Top,tops,Printed Tunic Top,Women,Brown,S,Slim Fit,Silk,Allen Solly,1749,3.9,All-Season,Stay fashion-forward with this versatile Brown printed tunic top from Allen Solly. Includes a refined Slim Fit profile and high quality Silk fabric.
PRD3228,Mango Women's Pink Slim Fit Crop Ribbed Top,tops,Crop Ribbed Top,Women,Pink,M,Slim Fit,Silk,Mango,1449,4.5,All-Season,"Essential Mango Women's crop ribbed top tailored with a modern Slim Fit. Made of soft, breathable Silk in rich Pink. Ideal choice for All-Season."
PRD3229,Tommy Hilfiger Women's White Regular Fit Peplum Casual Top,tops,Peplum Casual Top,Women,White,XL,Regular Fit,Polyester,Tommy Hilfiger,1799,4.7,Summer,"Top-rated Tommy Hilfiger peplum casual top featuring premium White Polyester. Tailored to a comfortable Regular Fit, ideal for everyday wear during Summer."
PRD3230,Levi's Women's Navy Relaxed Fit Crop Ribbed Top,tops,Crop Ribbed Top,Women,Navy,XXL,Relaxed Fit,Rayon,Levi's,1299,3.7,All-Season,"Crafted from premium Rayon, this Levi's Navy crop ribbed top offers exceptional comfort and durability for All-Season wardrobe styling. Features a sleek Relaxed Fit design."
PRD3231,Roadster Women's Pink Relaxed Fit Peplum Casual Top,tops,Peplum Casual Top,Women,Pink,XXL,Relaxed Fit,Cotton,Roadster,1749,4.9,Spring,"Crafted from premium Cotton, this Roadster Pink peplum casual top offers exceptional comfort and durability for Spring wardrobe styling. Features a sleek Relaxed Fit design."
PRD3232,FabIndia Women's Brown Relaxed Fit Satin V-Neck Blouse,tops,Satin V-Neck Blouse,Women,Brown,XXL,Relaxed Fit,Rayon,FabIndia,2199,4.3,All-Season,Stay fashion-forward with this versatile Brown satin v-neck blouse from FabIndia. Includes a refined Relaxed Fit profile and high quality Rayon fabric.
PRD3233,Adidas Women's Brown Relaxed Fit Satin V-Neck Blouse,tops,Satin V-Neck Blouse,Women,Brown,M,Relaxed Fit,Polyester,Adidas,1499,4.1,Summer,"Crafted from premium Polyester, this Adidas Brown satin v-neck blouse offers exceptional comfort and durability for Summer wardrobe styling. Features a sleek Relaxed Fit design."
PRD3234,Levi's Women's Green Regular Fit Printed Tunic Top,tops,Printed Tunic Top,Women,Green,XXL,Regular Fit,Rayon,Levi's,2099,3.8,Summer,"Top-rated Levi's printed tunic top featuring premium Green Rayon. Tailored to a comfortable Regular Fit, ideal for everyday wear during Summer."
PRD3235,H&M Women's Pink Slim Fit Printed Tunic Top,tops,Printed Tunic Top,Women,Pink,XXL,Slim Fit,Polyester,H&M,2299,4.4,Spring,"Crafted from premium Polyester, this H&M Pink printed tunic top offers exceptional comfort and durability for Spring wardrobe styling. Features a sleek Slim Fit design."
PRD3236,HRX Women's Black Regular Fit Off-Shoulder Summer Top,tops,Off-Shoulder Summer Top,Women,Black,XXL,Regular Fit,Silk,HRX,2549,4.6,Spring,"Elevate your look with this stylish Black off-shoulder summer top by HRX. Designed in a comfortable Regular Fit using high-grade Silk, perfect for casual or semi-formal outings."
PRD3237,Allen Solly Women's Green Relaxed Fit Off-Shoulder Summer Top,tops,Off-Shoulder Summer Top,Women,Green,XL,Relaxed Fit,Rayon,Allen Solly,1149,4.2,All-Season,"Crafted from premium Rayon, this Allen Solly Green off-shoulder summer top offers exceptional comfort and durability for All-Season wardrobe styling. Features a sleek Relaxed Fit design."
PRD3238,Manyavar Women's Red Relaxed Fit Crop Ribbed Top,tops,Crop Ribbed Top,Women,Red,L,Relaxed Fit,Polyester,Manyavar,1449,3.8,Spring,"Crafted from premium Polyester, this Manyavar Red crop ribbed top offers exceptional comfort and durability for Spring wardrobe styling. Features a sleek Relaxed Fit design."
PRD3239,FabIndia Women's Red Relaxed Fit Peplum Casual Top,tops,Peplum Casual Top,Women,Red,M,Relaxed Fit,Polyester,FabIndia,2349,3.5,All-Season,"Essential FabIndia Women's peplum casual top tailored with a modern Relaxed Fit. Made of soft, breathable Polyester in rich Red. Ideal choice for All-Season."
PRD3240,Levi's Women's Black Slim Fit Crop Ribbed Top,tops,Crop Ribbed Top,Women,Black,XXL,Slim Fit,Cotton,Levi's,1649,4.1,Summer,"Essential Levi's Women's crop ribbed top tailored with a modern Slim Fit. Made of soft, breathable Cotton in rich Black. Ideal choice for Summer."
PRD3241,Biba Women's Pink Slim Fit Satin V-Neck Blouse,tops,Satin V-Neck Blouse,Women,Pink,XXL,Slim Fit,Cotton,Biba,1649,4.4,Summer,"Top-rated Biba satin v-neck blouse featuring premium Pink Cotton. Tailored to a comfortable Slim Fit, ideal for everyday wear during Summer."
PRD3242,H&M Women's Blue Regular Fit Peplum Casual Top,tops,Peplum Casual Top,Women,Blue,XXL,Regular Fit,Cotton,H&M,2549,4.8,Summer,"Crafted from premium Cotton, this H&M Blue peplum casual top offers exceptional comfort and durability for Summer wardrobe styling. Features a sleek Regular Fit design."
PRD3243,Biba Women's Purple Slim Fit Printed Tunic Top,tops,Printed Tunic Top,Women,Purple,XL,Slim Fit,Silk,Biba,999,4.9,All-Season,"Top-rated Biba printed tunic top featuring premium Purple Silk. Tailored to a comfortable Slim Fit, ideal for everyday wear during All-Season."
PRD3244,Aurelia Women's Maroon Relaxed Fit Printed Tunic Top,tops,Printed Tunic Top,Women,Maroon,S,Relaxed Fit,Cotton,Aurelia,1699,4.7,Spring,"Essential Aurelia Women's printed tunic top tailored with a modern Relaxed Fit. Made of soft, breathable Cotton in rich Maroon. Ideal choice for Spring."
PRD3245,US Polo Assn Women's Purple Relaxed Fit Printed Tunic Top,tops,Printed Tunic Top,Women,Purple,L,Relaxed Fit,Polyester,US Polo Assn,1349,3.9,Spring,"Crafted from premium Polyester, this US Polo Assn Purple printed tunic top offers exceptional comfort and durability for Spring wardrobe styling. Features a sleek Relaxed Fit design."
PRD3246,Levi's Women's Olive Slim Fit Printed Tunic Top,tops,Printed Tunic Top,Women,Olive,S,Slim Fit,Silk,Levi's,2399,3.6,Spring,"Elevate your look with this stylish Olive printed tunic top by Levi's. Designed in a comfortable Slim Fit using high-grade Silk, perfect for casual or semi-formal outings."
PRD3247,Jack & Jones Women's Yellow Slim Fit Peplum Casual Top,tops,Peplum Casual Top,Women,Yellow,XXL,Slim Fit,Rayon,Jack & Jones,1699,4.5,Summer,"Essential Jack & Jones Women's peplum casual top tailored with a modern Slim Fit. Made of soft, breathable Rayon in rich Yellow. Ideal choice for Summer."
PRD3248,Tommy Hilfiger Women's Brown Relaxed Fit Printed Tunic Top,tops,Printed Tunic Top,Women,Brown,S,Relaxed Fit,Rayon,Tommy Hilfiger,949,4.5,Summer,"Crafted from premium Rayon, this Tommy Hilfiger Brown printed tunic top offers exceptional comfort and durability for Summer wardrobe styling. Features a sleek Relaxed Fit design."
PRD3249,H&M Women's Navy Slim Fit Off-Shoulder Summer Top,tops,Off-Shoulder Summer Top,Women,Navy,XL,Slim Fit,Rayon,H&M,649,4.2,Spring,Stay fashion-forward with this versatile Navy off-shoulder summer top from H&M. Includes a refined Slim Fit profile and high quality Rayon fabric.
PRD3250,Under Armour Women's Green Relaxed Fit Printed Tunic Top,tops,Printed Tunic Top,Women,Green,XL,Relaxed Fit,Rayon,Under Armour,1499,3.7,Spring,"Crafted from premium Rayon, this Under Armour Green printed tunic top offers exceptional comfort and durability for Spring wardrobe styling. Features a sleek Relaxed Fit design."
PRD3251,Nike Women's Green Relaxed Fit Peplum Casual Top,tops,Peplum Casual Top,Women,Green,XXL,Relaxed Fit,Cotton,Nike,2449,3.6,Summer,"Top-rated Nike peplum casual top featuring premium Green Cotton. Tailored to a comfortable Relaxed Fit, ideal for everyday wear during Summer."
PRD3252,Roadster Women's Yellow Regular Fit Crop Ribbed Top,tops,Crop Ribbed Top,Women,Yellow,M,Regular Fit,Rayon,Roadster,2549,4.8,Summer,"Elevate your look with this stylish Yellow crop ribbed top by Roadster. Designed in a comfortable Regular Fit using high-grade Rayon, perfect for casual or semi-formal outings."
PRD3253,Zara Women's Yellow Slim Fit Printed Tunic Top,tops,Printed Tunic Top,Women,Yellow,L,Slim Fit,Polyester,Zara,2449,3.7,Spring,"Elevate your look with this stylish Yellow printed tunic top by Zara. Designed in a comfortable Slim Fit using high-grade Polyester, perfect for casual or semi-formal outings."
PRD3254,W Women's Green Slim Fit Crop Ribbed Top,tops,Crop Ribbed Top,Women,Green,XL,Slim Fit,Silk,W,599,3.5,Spring,"Crafted from premium Silk, this W Green crop ribbed top offers exceptional comfort and durability for Spring wardrobe styling. Features a sleek Slim Fit design."
PRD3255,FabIndia Women's Brown Relaxed Fit Printed Tunic Top,tops,Printed Tunic Top,Women,Brown,L,Relaxed Fit,Silk,FabIndia,799,4.3,All-Season,Stay fashion-forward with this versatile Brown printed tunic top from FabIndia. Includes a refined Relaxed Fit profile and high quality Silk fabric.
PRD3256,H&M Women's Navy Relaxed Fit Crop Ribbed Top,tops,Crop Ribbed Top,Women,Navy,XL,Relaxed Fit,Cotton,H&M,799,4.8,Spring,"Crafted from premium Cotton, this H&M Navy crop ribbed top offers exceptional comfort and durability for Spring wardrobe styling. Features a sleek Relaxed Fit design."
PRD3257,Jack & Jones Women's Red Slim Fit Printed Tunic Top,tops,Printed Tunic Top,Women,Red,XL,Slim Fit,Rayon,Jack & Jones,599,3.6,Spring,"Elevate your look with this stylish Red printed tunic top by Jack & Jones. Designed in a comfortable Slim Fit using high-grade Rayon, perfect for casual or semi-formal outings."
PRD3258,Aurelia Women's Beige Slim Fit Crop Ribbed Top,tops,Crop Ribbed Top,Women,Beige,M,Slim Fit,Cotton,Aurelia,999,5.0,Summer,"Elevate your look with this stylish Beige crop ribbed top by Aurelia. Designed in a comfortable Slim Fit using high-grade Cotton, perfect for casual or semi-formal outings."
PRD3259,Under Armour Women's Navy Slim Fit Satin V-Neck Blouse,tops,Satin V-Neck Blouse,Women,Navy,L,Slim Fit,Silk,Under Armour,2499,4.3,Summer,"Essential Under Armour Women's satin v-neck blouse tailored with a modern Slim Fit. Made of soft, breathable Silk in rich Navy. Ideal choice for Summer."
PRD3260,Levi's Women's Grey Regular Fit Satin V-Neck Blouse,tops,Satin V-Neck Blouse,Women,Grey,L,Regular Fit,Silk,Levi's,1199,4.1,All-Season,"Crafted from premium Silk, this Levi's Grey satin v-neck blouse offers exceptional comfort and durability for All-Season wardrobe styling. Features a sleek Regular Fit design."
PRD3261,US Polo Assn Women's Beige Regular Fit Crop Ribbed Top,tops,Crop Ribbed Top,Women,Beige,L,Regular Fit,Silk,US Polo Assn,1349,4.7,All-Season,"Crafted from premium Silk, this US Polo Assn Beige crop ribbed top offers exceptional comfort and durability for All-Season wardrobe styling. Features a sleek Regular Fit design."
PRD3262,Nike Women's Navy Slim Fit Printed Tunic Top,tops,Printed Tunic Top,Women,Navy,XL,Slim Fit,Cotton,Nike,2049,4.6,Spring,"Elevate your look with this stylish Navy printed tunic top by Nike. Designed in a comfortable Slim Fit using high-grade Cotton, perfect for casual or semi-formal outings."
PRD3263,US Polo Assn Women's Green Slim Fit Satin V-Neck Blouse,tops,Satin V-Neck Blouse,Women,Green,XL,Slim Fit,Rayon,US Polo Assn,749,4.2,All-Season,Stay fashion-forward with this versatile Green satin v-neck blouse from US Polo Assn. Includes a refined Slim Fit profile and high quality Rayon fabric.
PRD3264,Aurelia Women's Navy Slim Fit Crop Ribbed Top,tops,Crop Ribbed Top,Women,Navy,M,Slim Fit,Silk,Aurelia,1399,4.2,Spring,"Crafted from premium Silk, this Aurelia Navy crop ribbed top offers exceptional comfort and durability for Spring wardrobe styling. Features a sleek Slim Fit design."
PRD3265,Manyavar Women's Maroon Regular Fit Satin V-Neck Blouse,tops,Satin V-Neck Blouse,Women,Maroon,XL,Regular Fit,Rayon,Manyavar,2549,3.7,All-Season,"Elevate your look with this stylish Maroon satin v-neck blouse by Manyavar. Designed in a comfortable Regular Fit using high-grade Rayon, perfect for casual or semi-formal outings."
PRD3266,Adidas Women's Grey Relaxed Fit Peplum Casual Top,tops,Peplum Casual Top,Women,Grey,L,Relaxed Fit,Polyester,Adidas,2199,4.4,All-Season,Stay fashion-forward with this versatile Grey peplum casual top from Adidas. Includes a refined Relaxed Fit profile and high quality Polyester fabric.
PRD3267,Jack & Jones Women's Pink Slim Fit Peplum Casual Top,tops,Peplum Casual Top,Women,Pink,S,Slim Fit,Silk,Jack & Jones,649,4.1,Spring,"Crafted from premium Silk, this Jack & Jones Pink peplum casual top offers exceptional comfort and durability for Spring wardrobe styling. Features a sleek Slim Fit design."
PRD3268,Manyavar Women's Green Slim Fit Off-Shoulder Summer Top,tops,Off-Shoulder Summer Top,Women,Green,L,Slim Fit,Silk,Manyavar,2349,3.9,Summer,"Elevate your look with this stylish Green off-shoulder summer top by Manyavar. Designed in a comfortable Slim Fit using high-grade Silk, perfect for casual or semi-formal outings."
PRD3269,US Polo Assn Women's Maroon Regular Fit Peplum Casual Top,tops,Peplum Casual Top,Women,Maroon,M,Regular Fit,Polyester,US Polo Assn,2499,3.7,All-Season,"Crafted from premium Polyester, this US Polo Assn Maroon peplum casual top offers exceptional comfort and durability for All-Season wardrobe styling. Features a sleek Regular Fit design."
PRD3270,Tommy Hilfiger Women's Pink Relaxed Fit Satin V-Neck Blouse,tops,Satin V-Neck Blouse,Women,Pink,L,Relaxed Fit,Rayon,Tommy Hilfiger,1099,4.4,Summer,"Elevate your look with this stylish Pink satin v-neck blouse by Tommy Hilfiger. Designed in a comfortable Relaxed Fit using high-grade Rayon, perfect for casual or semi-formal outings."
PRD3271,Levi's Women's Brown Regular Fit Satin V-Neck Blouse,tops,Satin V-Neck Blouse,Women,Brown,S,Regular Fit,Cotton,Levi's,1949,4.6,Summer,Stay fashion-forward with this versatile Brown satin v-neck blouse from Levi's. Includes a refined Regular Fit profile and high quality Cotton fabric.
PRD3272,Allen Solly Women's Yellow Slim Fit Printed Tunic Top,tops,Printed Tunic Top,Women,Yellow,S,Slim Fit,Polyester,Allen Solly,2349,4.5,Summer,"Elevate your look with this stylish Yellow printed tunic top by Allen Solly. Designed in a comfortable Slim Fit using high-grade Polyester, perfect for casual or semi-formal outings."
PRD3273,US Polo Assn Women's Olive Relaxed Fit Crop Ribbed Top,tops,Crop Ribbed Top,Women,Olive,XXL,Relaxed Fit,Rayon,US Polo Assn,2249,3.8,All-Season,"Crafted from premium Rayon, this US Polo Assn Olive crop ribbed top offers exceptional comfort and durability for All-Season wardrobe styling. Features a sleek Relaxed Fit design."
PRD3274,Manyavar Women's Pink Regular Fit Printed Tunic Top,tops,Printed Tunic Top,Women,Pink,XL,Regular Fit,Cotton,Manyavar,1099,4.8,Spring,"Crafted from premium Cotton, this Manyavar Pink printed tunic top offers exceptional comfort and durability for Spring wardrobe styling. Features a sleek Regular Fit design."
PRD3275,W Women's Black Slim Fit Peplum Casual Top,tops,Peplum Casual Top,Women,Black,L,Slim Fit,Cotton,W,1199,3.8,Summer,"Essential W Women's peplum casual top tailored with a modern Slim Fit. Made of soft, breathable Cotton in rich Black. Ideal choice for Summer."
PRD3276,H&M Women's Purple Slim Fit Crop Ribbed Top,tops,Crop Ribbed Top,Women,Purple,XL,Slim Fit,Cotton,H&M,699,4.0,All-Season,"Top-rated H&M crop ribbed top featuring premium Purple Cotton. Tailored to a comfortable Slim Fit, ideal for everyday wear during All-Season."
PRD3277,HRX Women's Beige Slim Fit Peplum Casual Top,tops,Peplum Casual Top,Women,Beige,XXL,Slim Fit,Cotton,HRX,1349,3.6,All-Season,"Crafted from premium Cotton, this HRX Beige peplum casual top offers exceptional comfort and durability for All-Season wardrobe styling. Features a sleek Slim Fit design."
PRD3278,Allen Solly Women's Maroon Slim Fit Crop Ribbed Top,tops,Crop Ribbed Top,Women,Maroon,XL,Slim Fit,Cotton,Allen Solly,1699,4.7,All-Season,"Top-rated Allen Solly crop ribbed top featuring premium Maroon Cotton. Tailored to a comfortable Slim Fit, ideal for everyday wear during All-Season."
PRD3279,Zara Women's Brown Regular Fit Peplum Casual Top,tops,Peplum Casual Top,Women,Brown,M,Regular Fit,Cotton,Zara,1199,4.9,Summer,Stay fashion-forward with this versatile Brown peplum casual top from Zara. Includes a refined Regular Fit profile and high quality Cotton fabric.
PRD3280,Nike Women's Brown Relaxed Fit Crop Ribbed Top,tops,Crop Ribbed Top,Women,Brown,S,Relaxed Fit,Polyester,Nike,1799,4.7,All-Season,"Top-rated Nike crop ribbed top featuring premium Brown Polyester. Tailored to a comfortable Relaxed Fit, ideal for everyday wear during All-Season."
PRD3281,HRX Women's Olive Regular Fit Peplum Casual Top,tops,Peplum Casual Top,Women,Olive,XXL,Regular Fit,Silk,HRX,2099,5.0,Spring,"Top-rated HRX peplum casual top featuring premium Olive Silk. Tailored to a comfortable Regular Fit, ideal for everyday wear during Spring."
PRD3282,Adidas Women's Purple Relaxed Fit Peplum Casual Top,tops,Peplum Casual Top,Women,Purple,L,Relaxed Fit,Polyester,Adidas,2349,4.0,All-Season,"Crafted from premium Polyester, this Adidas Purple peplum casual top offers exceptional comfort and durability for All-Season wardrobe styling. Features a sleek Relaxed Fit design."
PRD3283,Nike Women's Beige Regular Fit Peplum Casual Top,tops,Peplum Casual Top,Women,Beige,XXL,Regular Fit,Silk,Nike,899,4.6,Spring,"Crafted from premium Silk, this Nike Beige peplum casual top offers exceptional comfort and durability for Spring wardrobe styling. Features a sleek Regular Fit design."
PRD3284,Mango Women's Yellow Relaxed Fit Crop Ribbed Top,tops,Crop Ribbed Top,Women,Yellow,M,Relaxed Fit,Cotton,Mango,2149,4.2,Spring,"Crafted from premium Cotton, this Mango Yellow crop ribbed top offers exceptional comfort and durability for Spring wardrobe styling. Features a sleek Relaxed Fit design."
PRD3285,Puma Women's Grey Slim Fit Satin V-Neck Blouse,tops,Satin V-Neck Blouse,Women,Grey,XXL,Slim Fit,Polyester,Puma,1999,4.3,Summer,"Top-rated Puma satin v-neck blouse featuring premium Grey Polyester. Tailored to a comfortable Slim Fit, ideal for everyday wear during Summer."
PRD3286,Mango Women's Red Relaxed Fit Crop Ribbed Top,tops,Crop Ribbed Top,Women,Red,XL,Relaxed Fit,Polyester,Mango,1599,4.7,Spring,"Top-rated Mango crop ribbed top featuring premium Red Polyester. Tailored to a comfortable Relaxed Fit, ideal for everyday wear during Spring."
PRD3287,Allen Solly Women's Purple Slim Fit Satin V-Neck Blouse,tops,Satin V-Neck Blouse,Women,Purple,XL,Slim Fit,Cotton,Allen Solly,1699,4.8,Spring,"Crafted from premium Cotton, this Allen Solly Purple satin v-neck blouse offers exceptional comfort and durability for Spring wardrobe styling. Features a sleek Slim Fit design."
PRD3288,FabIndia Women's Olive Relaxed Fit Off-Shoulder Summer Top,tops,Off-Shoulder Summer Top,Women,Olive,XL,Relaxed Fit,Rayon,FabIndia,2349,5.0,Spring,"Crafted from premium Rayon, this FabIndia Olive off-shoulder summer top offers exceptional comfort and durability for Spring wardrobe styling. Features a sleek Relaxed Fit design."
PRD3289,Levi's Women's Olive Regular Fit Crop Ribbed Top,tops,Crop Ribbed Top,Women,Olive,M,Regular Fit,Silk,Levi's,2349,4.1,Summer,"Elevate your look with this stylish Olive crop ribbed top by Levi's. Designed in a comfortable Regular Fit using high-grade Silk, perfect for casual or semi-formal outings."
PRD3290,FabIndia Women's Pink Slim Fit Peplum Casual Top,tops,Peplum Casual Top,Women,Pink,XL,Slim Fit,Polyester,FabIndia,1699,4.0,All-Season,Stay fashion-forward with this versatile Pink peplum casual top from FabIndia. Includes a refined Slim Fit profile and high quality Polyester fabric.
PRD3291,Adidas Women's Black Regular Fit Satin V-Neck Blouse,tops,Satin V-Neck Blouse,Women,Black,L,Regular Fit,Polyester,Adidas,699,4.2,All-Season,"Crafted from premium Polyester, this Adidas Black satin v-neck blouse offers exceptional comfort and durability for All-Season wardrobe styling. Features a sleek Regular Fit design."
PRD3292,Puma Women's Maroon Relaxed Fit Printed Tunic Top,tops,Printed Tunic Top,Women,Maroon,L,Relaxed Fit,Silk,Puma,699,4.6,Summer,Stay fashion-forward with this versatile Maroon printed tunic top from Puma. Includes a refined Relaxed Fit profile and high quality Silk fabric.
PRD3293,US Polo Assn Women's Blue Slim Fit Crop Ribbed Top,tops,Crop Ribbed Top,Women,Blue,M,Slim Fit,Polyester,US Polo Assn,999,4.0,Summer,"Top-rated US Polo Assn crop ribbed top featuring premium Blue Polyester. Tailored to a comfortable Slim Fit, ideal for everyday wear during Summer."
PRD3294,Adidas Women's Purple Slim Fit Crop Ribbed Top,tops,Crop Ribbed Top,Women,Purple,XXL,Slim Fit,Cotton,Adidas,2349,3.8,All-Season,"Elevate your look with this stylish Purple crop ribbed top by Adidas. Designed in a comfortable Slim Fit using high-grade Cotton, perfect for casual or semi-formal outings."
PRD3295,US Polo Assn Women's Yellow Slim Fit Printed Tunic Top,tops,Printed Tunic Top,Women,Yellow,S,Slim Fit,Silk,US Polo Assn,1199,4.9,Summer,Stay fashion-forward with this versatile Yellow printed tunic top from US Polo Assn. Includes a refined Slim Fit profile and high quality Silk fabric.
PRD3296,H&M Women's Purple Slim Fit Peplum Casual Top,tops,Peplum Casual Top,Women,Purple,S,Slim Fit,Cotton,H&M,1349,4.9,Summer,Stay fashion-forward with this versatile Purple peplum casual top from H&M. Includes a refined Slim Fit profile and high quality Cotton fabric.
PRD3297,Mango Women's Maroon Regular Fit Off-Shoulder Summer Top,tops,Off-Shoulder Summer Top,Women,Maroon,M,Regular Fit,Polyester,Mango,1049,4.5,All-Season,"Top-rated Mango off-shoulder summer top featuring premium Maroon Polyester. Tailored to a comfortable Regular Fit, ideal for everyday wear during All-Season."
PRD3298,Tommy Hilfiger Women's Yellow Slim Fit Crop Ribbed Top,tops,Crop Ribbed Top,Women,Yellow,L,Slim Fit,Cotton,Tommy Hilfiger,599,4.7,Summer,"Essential Tommy Hilfiger Women's crop ribbed top tailored with a modern Slim Fit. Made of soft, breathable Cotton in rich Yellow. Ideal choice for Summer."
PRD3299,Mango Women's Brown Slim Fit Satin V-Neck Blouse,tops,Satin V-Neck Blouse,Women,Brown,XXL,Slim Fit,Polyester,Mango,2199,4.1,All-Season,"Crafted from premium Polyester, this Mango Brown satin v-neck blouse offers exceptional comfort and durability for All-Season wardrobe styling. Features a sleek Slim Fit design."
PRD3300,Tommy Hilfiger Women's Yellow Regular Fit Satin V-Neck Blouse,tops,Satin V-Neck Blouse,Women,Yellow,S,Regular Fit,Rayon,Tommy Hilfiger,849,4.3,All-Season,"Crafted from premium Rayon, this Tommy Hilfiger Yellow satin v-neck blouse offers exceptional comfort and durability for All-Season wardrobe styling. Features a sleek Regular Fit design."
PRD3301,Jack & Jones Women's Brown Slim Fit Satin V-Neck Blouse,tops,Satin V-Neck Blouse,Women,Brown,XXL,Slim Fit,Silk,Jack & Jones,1349,4.6,Summer,Stay fashion-forward with this versatile Brown satin v-neck blouse from Jack & Jones. Includes a refined Slim Fit profile and high quality Silk fabric.
PRD3302,Manyavar Women's Navy Regular Fit Peplum Casual Top,tops,Peplum Casual Top,Women,Navy,S,Regular Fit,Silk,Manyavar,2149,4.5,Spring,"Top-rated Manyavar peplum casual top featuring premium Navy Silk. Tailored to a comfortable Regular Fit, ideal for everyday wear during Spring."
PRD3303,Jack & Jones Women's Maroon Regular Fit Crop Ribbed Top,tops,Crop Ribbed Top,Women,Maroon,L,Regular Fit,Cotton,Jack & Jones,2199,3.9,Summer,"Essential Jack & Jones Women's crop ribbed top tailored with a modern Regular Fit. Made of soft, breathable Cotton in rich Maroon. Ideal choice for Summer."
PRD3304,Adidas Women's Beige Slim Fit Satin V-Neck Blouse,tops,Satin V-Neck Blouse,Women,Beige,S,Slim Fit,Cotton,Adidas,1499,3.7,Spring,Stay fashion-forward with this versatile Beige satin v-neck blouse from Adidas. Includes a refined Slim Fit profile and high quality Cotton fabric.
PRD3305,Allen Solly Women's Blue Regular Fit Peplum Casual Top,tops,Peplum Casual Top,Women,Blue,XL,Regular Fit,Polyester,Allen Solly,1649,5.0,Spring,"Elevate your look with this stylish Blue peplum casual top by Allen Solly. Designed in a comfortable Regular Fit using high-grade Polyester, perfect for casual or semi-formal outings."
PRD3306,Mango Women's Blue Regular Fit Peplum Casual Top,tops,Peplum Casual Top,Women,Blue,M,Regular Fit,Rayon,Mango,1649,3.5,Spring,"Elevate your look with this stylish Blue peplum casual top by Mango. Designed in a comfortable Regular Fit using high-grade Rayon, perfect for casual or semi-formal outings."
PRD3307,Jack & Jones Women's Purple Regular Fit Off-Shoulder Summer Top,tops,Off-Shoulder Summer Top,Women,Purple,XL,Regular Fit,Rayon,Jack & Jones,1949,3.8,All-Season,"Crafted from premium Rayon, this Jack & Jones Purple off-shoulder summer top offers exceptional comfort and durability for All-Season wardrobe styling. Features a sleek Regular Fit design."
PRD3308,FabIndia Women's Navy Regular Fit Printed Tunic Top,tops,Printed Tunic Top,Women,Navy,XXL,Regular Fit,Polyester,FabIndia,1399,5.0,All-Season,Stay fashion-forward with this versatile Navy printed tunic top from FabIndia. Includes a refined Regular Fit profile and high quality Polyester fabric.
PRD3309,FabIndia Women's Black Regular Fit Printed Tunic Top,tops,Printed Tunic Top,Women,Black,L,Regular Fit,Polyester,FabIndia,849,3.5,Spring,Stay fashion-forward with this versatile Black printed tunic top from FabIndia. Includes a refined Regular Fit profile and high quality Polyester fabric.
PRD3310,Allen Solly Women's Blue Relaxed Fit Crop Ribbed Top,tops,Crop Ribbed Top,Women,Blue,M,Relaxed Fit,Silk,Allen Solly,2049,4.3,Spring,Stay fashion-forward with this versatile Blue crop ribbed top from Allen Solly. Includes a refined Relaxed Fit profile and high quality Silk fabric.
PRD3311,Mango Unisex's White Regular Fit Athletic Running Shorts,shorts,Athletic Running Shorts,Unisex,White,XXL,Regular Fit,Denim,Mango,1549,4.6,Summer,Stay fashion-forward with this versatile White athletic running shorts from Mango. Includes a refined Regular Fit profile and high quality Denim fabric.
PRD3312,Zara Unisex's Maroon Slim Fit Athletic Running Shorts,shorts,Athletic Running Shorts,Unisex,Maroon,XXL,Slim Fit,Polyester,Zara,2049,3.9,Spring,"Crafted from premium Polyester, this Zara Maroon athletic running shorts offers exceptional comfort and durability for Spring wardrobe styling. Features a sleek Slim Fit design."
PRD3313,Tommy Hilfiger Men's Green Slim Fit Cargo Pocket Shorts,shorts,Cargo Pocket Shorts,Men,Green,XXL,Slim Fit,Polyester,Tommy Hilfiger,1899,4.7,Summer,Stay fashion-forward with this versatile Green cargo pocket shorts from Tommy Hilfiger. Includes a refined Slim Fit profile and high quality Polyester fabric.
PRD3314,Allen Solly Women's Maroon Slim Fit Linen Summer Shorts,shorts,Linen Summer Shorts,Women,Maroon,XL,Slim Fit,Polyester,Allen Solly,1199,4.7,Spring,"Essential Allen Solly Women's linen summer shorts tailored with a modern Slim Fit. Made of soft, breathable Polyester in rich Maroon. Ideal choice for Spring."
PRD3315,Allen Solly Women's Beige Slim Fit Cargo Pocket Shorts,shorts,Cargo Pocket Shorts,Women,Beige,XL,Slim Fit,Linen,Allen Solly,2149,4.0,Spring,"Essential Allen Solly Women's cargo pocket shorts tailored with a modern Slim Fit. Made of soft, breathable Linen in rich Beige. Ideal choice for Spring."
PRD3316,FabIndia Men's Pink Relaxed Fit Athletic Running Shorts,shorts,Athletic Running Shorts,Men,Pink,XXL,Relaxed Fit,Cotton,FabIndia,1199,3.7,Summer,"Elevate your look with this stylish Pink athletic running shorts by FabIndia. Designed in a comfortable Relaxed Fit using high-grade Cotton, perfect for casual or semi-formal outings."
PRD3317,Mango Women's Maroon Slim Fit Cotton Chino Shorts,shorts,Cotton Chino Shorts,Women,Maroon,M,Slim Fit,Linen,Mango,799,4.6,Summer,"Elevate your look with this stylish Maroon cotton chino shorts by Mango. Designed in a comfortable Slim Fit using high-grade Linen, perfect for casual or semi-formal outings."
PRD3318,Roadster Men's Blue Slim Fit Athletic Running Shorts,shorts,Athletic Running Shorts,Men,Blue,XL,Slim Fit,Linen,Roadster,1549,4.4,Spring,Stay fashion-forward with this versatile Blue athletic running shorts from Roadster. Includes a refined Slim Fit profile and high quality Linen fabric.
PRD3319,Nike Men's Black Regular Fit Athletic Running Shorts,shorts,Athletic Running Shorts,Men,Black,S,Regular Fit,Denim,Nike,1249,3.9,Spring,"Top-rated Nike athletic running shorts featuring premium Black Denim. Tailored to a comfortable Regular Fit, ideal for everyday wear during Spring."
PRD3320,Biba Unisex's Red Slim Fit Linen Summer Shorts,shorts,Linen Summer Shorts,Unisex,Red,S,Slim Fit,Polyester,Biba,1549,4.9,Summer,"Crafted from premium Polyester, this Biba Red linen summer shorts offers exceptional comfort and durability for Summer wardrobe styling. Features a sleek Slim Fit design."
PRD3321,Allen Solly Men's White Slim Fit Linen Summer Shorts,shorts,Linen Summer Shorts,Men,White,XXL,Slim Fit,Denim,Allen Solly,1799,3.5,Spring,"Essential Allen Solly Men's linen summer shorts tailored with a modern Slim Fit. Made of soft, breathable Denim in rich White. Ideal choice for Spring."
PRD3322,FabIndia Women's Beige Slim Fit Athletic Running Shorts,shorts,Athletic Running Shorts,Women,Beige,XXL,Slim Fit,Cotton,FabIndia,749,4.8,Spring,Stay fashion-forward with this versatile Beige athletic running shorts from FabIndia. Includes a refined Slim Fit profile and high quality Cotton fabric.
PRD3323,Jack & Jones Men's Brown Slim Fit Casual Denim Shorts,shorts,Casual Denim Shorts,Men,Brown,XL,Slim Fit,Linen,Jack & Jones,2249,3.6,Summer,"Essential Jack & Jones Men's casual denim shorts tailored with a modern Slim Fit. Made of soft, breathable Linen in rich Brown. Ideal choice for Summer."
PRD3324,Levi's Women's Pink Slim Fit Casual Denim Shorts,shorts,Casual Denim Shorts,Women,Pink,XL,Slim Fit,Denim,Levi's,1599,3.8,Summer,"Essential Levi's Women's casual denim shorts tailored with a modern Slim Fit. Made of soft, breathable Denim in rich Pink. Ideal choice for Summer."
PRD3325,Biba Men's Purple Slim Fit Linen Summer Shorts,shorts,Linen Summer Shorts,Men,Purple,XXL,Slim Fit,Linen,Biba,1249,4.7,Summer,Stay fashion-forward with this versatile Purple linen summer shorts from Biba. Includes a refined Slim Fit profile and high quality Linen fabric.
PRD3326,Puma Men's Yellow Slim Fit Linen Summer Shorts,shorts,Linen Summer Shorts,Men,Yellow,L,Slim Fit,Cotton,Puma,1199,3.6,Spring,"Essential Puma Men's linen summer shorts tailored with a modern Slim Fit. Made of soft, breathable Cotton in rich Yellow. Ideal choice for Spring."
PRD3327,Aurelia Men's Maroon Relaxed Fit Cargo Pocket Shorts,shorts,Cargo Pocket Shorts,Men,Maroon,M,Relaxed Fit,Denim,Aurelia,1599,4.6,Summer,Stay fashion-forward with this versatile Maroon cargo pocket shorts from Aurelia. Includes a refined Relaxed Fit profile and high quality Denim fabric.
PRD3328,FabIndia Men's White Relaxed Fit Linen Summer Shorts,shorts,Linen Summer Shorts,Men,White,M,Relaxed Fit,Cotton,FabIndia,1399,4.5,Spring,"Essential FabIndia Men's linen summer shorts tailored with a modern Relaxed Fit. Made of soft, breathable Cotton in rich White. Ideal choice for Spring."
PRD3329,Under Armour Men's White Regular Fit Athletic Running Shorts,shorts,Athletic Running Shorts,Men,White,XL,Regular Fit,Linen,Under Armour,1999,4.0,Spring,"Elevate your look with this stylish White athletic running shorts by Under Armour. Designed in a comfortable Regular Fit using high-grade Linen, perfect for casual or semi-formal outings."
PRD3330,Jack & Jones Unisex's Olive Regular Fit Cotton Chino Shorts,shorts,Cotton Chino Shorts,Unisex,Olive,XXL,Regular Fit,Polyester,Jack & Jones,1699,3.9,Summer,"Top-rated Jack & Jones cotton chino shorts featuring premium Olive Polyester. Tailored to a comfortable Regular Fit, ideal for everyday wear during Summer."
PRD3331,W Women's Maroon Slim Fit Casual Denim Shorts,shorts,Casual Denim Shorts,Women,Maroon,S,Slim Fit,Linen,W,1549,4.6,Spring,"Essential W Women's casual denim shorts tailored with a modern Slim Fit. Made of soft, breathable Linen in rich Maroon. Ideal choice for Spring."
PRD3332,HRX Men's Black Relaxed Fit Casual Denim Shorts,shorts,Casual Denim Shorts,Men,Black,XXL,Relaxed Fit,Cotton,HRX,1049,4.4,Summer,"Elevate your look with this stylish Black casual denim shorts by HRX. Designed in a comfortable Relaxed Fit using high-grade Cotton, perfect for casual or semi-formal outings."
PRD3333,FabIndia Women's Brown Regular Fit Casual Denim Shorts,shorts,Casual Denim Shorts,Women,Brown,L,Regular Fit,Denim,FabIndia,1199,4.3,Summer,"Crafted from premium Denim, this FabIndia Brown casual denim shorts offers exceptional comfort and durability for Summer wardrobe styling. Features a sleek Regular Fit design."
PRD3334,Under Armour Men's White Regular Fit Cotton Chino Shorts,shorts,Cotton Chino Shorts,Men,White,M,Regular Fit,Denim,Under Armour,1049,3.5,Summer,"Elevate your look with this stylish White cotton chino shorts by Under Armour. Designed in a comfortable Regular Fit using high-grade Denim, perfect for casual or semi-formal outings."
PRD3335,Puma Men's Black Slim Fit Cargo Pocket Shorts,shorts,Cargo Pocket Shorts,Men,Black,L,Slim Fit,Polyester,Puma,799,3.7,Spring,"Elevate your look with this stylish Black cargo pocket shorts by Puma. Designed in a comfortable Slim Fit using high-grade Polyester, perfect for casual or semi-formal outings."
PRD3336,Tommy Hilfiger Women's Brown Relaxed Fit Cargo Pocket Shorts,shorts,Cargo Pocket Shorts,Women,Brown,XL,Relaxed Fit,Cotton,Tommy Hilfiger,1849,4.3,Summer,"Top-rated Tommy Hilfiger cargo pocket shorts featuring premium Brown Cotton. Tailored to a comfortable Relaxed Fit, ideal for everyday wear during Summer."
PRD3337,Aurelia Unisex's Brown Slim Fit Cargo Pocket Shorts,shorts,Cargo Pocket Shorts,Unisex,Brown,M,Slim Fit,Denim,Aurelia,999,3.9,Summer,"Elevate your look with this stylish Brown cargo pocket shorts by Aurelia. Designed in a comfortable Slim Fit using high-grade Denim, perfect for casual or semi-formal outings."
PRD3338,Biba Unisex's Grey Slim Fit Cotton Chino Shorts,shorts,Cotton Chino Shorts,Unisex,Grey,L,Slim Fit,Cotton,Biba,1849,4.6,Summer,"Top-rated Biba cotton chino shorts featuring premium Grey Cotton. Tailored to a comfortable Slim Fit, ideal for everyday wear during Summer."
PRD3339,Puma Men's Purple Regular Fit Casual Denim Shorts,shorts,Casual Denim Shorts,Men,Purple,M,Regular Fit,Polyester,Puma,1849,3.6,Summer,"Essential Puma Men's casual denim shorts tailored with a modern Regular Fit. Made of soft, breathable Polyester in rich Purple. Ideal choice for Summer."
PRD3340,Biba Unisex's Pink Relaxed Fit Cargo Pocket Shorts,shorts,Cargo Pocket Shorts,Unisex,Pink,S,Relaxed Fit,Denim,Biba,949,3.9,Summer,Stay fashion-forward with this versatile Pink cargo pocket shorts from Biba. Includes a refined Relaxed Fit profile and high quality Denim fabric.
PRD3341,Biba Men's Beige Regular Fit Cotton Chino Shorts,shorts,Cotton Chino Shorts,Men,Beige,L,Regular Fit,Polyester,Biba,999,3.6,Spring,"Crafted from premium Polyester, this Biba Beige cotton chino shorts offers exceptional comfort and durability for Spring wardrobe styling. Features a sleek Regular Fit design."
PRD3342,Biba Unisex's Brown Regular Fit Cotton Chino Shorts,shorts,Cotton Chino Shorts,Unisex,Brown,XL,Regular Fit,Cotton,Biba,1349,4.4,Summer,"Crafted from premium Cotton, this Biba Brown cotton chino shorts offers exceptional comfort and durability for Summer wardrobe styling. Features a sleek Regular Fit design."
PRD3343,Under Armour Men's Grey Regular Fit Cotton Chino Shorts,shorts,Cotton Chino Shorts,Men,Grey,S,Regular Fit,Cotton,Under Armour,1649,4.1,Summer,Stay fashion-forward with this versatile Grey cotton chino shorts from Under Armour. Includes a refined Regular Fit profile and high quality Cotton fabric.
PRD3344,Roadster Women's Beige Regular Fit Athletic Running Shorts,shorts,Athletic Running Shorts,Women,Beige,L,Regular Fit,Denim,Roadster,1449,3.7,Spring,"Elevate your look with this stylish Beige athletic running shorts by Roadster. Designed in a comfortable Regular Fit using high-grade Denim, perfect for casual or semi-formal outings."
PRD3345,Levi's Women's Blue Regular Fit Linen Summer Shorts,shorts,Linen Summer Shorts,Women,Blue,S,Regular Fit,Denim,Levi's,1849,4.4,Summer,"Top-rated Levi's linen summer shorts featuring premium Blue Denim. Tailored to a comfortable Regular Fit, ideal for everyday wear during Summer."
PRD3346,Adidas Men's Green Slim Fit Cargo Pocket Shorts,shorts,Cargo Pocket Shorts,Men,Green,S,Slim Fit,Denim,Adidas,799,4.0,Summer,"Elevate your look with this stylish Green cargo pocket shorts by Adidas. Designed in a comfortable Slim Fit using high-grade Denim, perfect for casual or semi-formal outings."
PRD3347,Tommy Hilfiger Men's Navy Slim Fit Cargo Pocket Shorts,shorts,Cargo Pocket Shorts,Men,Navy,M,Slim Fit,Polyester,Tommy Hilfiger,899,4.4,Summer,"Crafted from premium Polyester, this Tommy Hilfiger Navy cargo pocket shorts offers exceptional comfort and durability for Summer wardrobe styling. Features a sleek Slim Fit design."
PRD3348,US Polo Assn Unisex's Purple Slim Fit Cotton Chino Shorts,shorts,Cotton Chino Shorts,Unisex,Purple,XXL,Slim Fit,Linen,US Polo Assn,1599,4.5,Spring,"Essential US Polo Assn Unisex's cotton chino shorts tailored with a modern Slim Fit. Made of soft, breathable Linen in rich Purple. Ideal choice for Spring."
PRD3349,Jack & Jones Men's Navy Relaxed Fit Linen Summer Shorts,shorts,Linen Summer Shorts,Men,Navy,M,Relaxed Fit,Polyester,Jack & Jones,849,4.3,Summer,"Elevate your look with this stylish Navy linen summer shorts by Jack & Jones. Designed in a comfortable Relaxed Fit using high-grade Polyester, perfect for casual or semi-formal outings."
PRD3350,Adidas Unisex's Yellow Slim Fit Cargo Pocket Shorts,shorts,Cargo Pocket Shorts,Unisex,Yellow,L,Slim Fit,Denim,Adidas,2249,4.3,Summer,Stay fashion-forward with this versatile Yellow cargo pocket shorts from Adidas. Includes a refined Slim Fit profile and high quality Denim fabric.
PRD3351,Zara Women's Olive Regular Fit Athletic Running Shorts,shorts,Athletic Running Shorts,Women,Olive,M,Regular Fit,Denim,Zara,2249,3.8,Summer,"Top-rated Zara athletic running shorts featuring premium Olive Denim. Tailored to a comfortable Regular Fit, ideal for everyday wear during Summer."
PRD3352,Aurelia Women's Blue Regular Fit Athletic Running Shorts,shorts,Athletic Running Shorts,Women,Blue,L,Regular Fit,Cotton,Aurelia,1649,4.6,Summer,"Essential Aurelia Women's athletic running shorts tailored with a modern Regular Fit. Made of soft, breathable Cotton in rich Blue. Ideal choice for Summer."
PRD3353,HRX Men's Yellow Regular Fit Cargo Pocket Shorts,shorts,Cargo Pocket Shorts,Men,Yellow,XXL,Regular Fit,Polyester,HRX,1049,5.0,Summer,"Essential HRX Men's cargo pocket shorts tailored with a modern Regular Fit. Made of soft, breathable Polyester in rich Yellow. Ideal choice for Summer."
PRD3354,HRX Men's Grey Slim Fit Athletic Running Shorts,shorts,Athletic Running Shorts,Men,Grey,XL,Slim Fit,Cotton,HRX,1649,3.7,Spring,"Top-rated HRX athletic running shorts featuring premium Grey Cotton. Tailored to a comfortable Slim Fit, ideal for everyday wear during Spring."
PRD3355,FabIndia Women's Red Relaxed Fit Cargo Pocket Shorts,shorts,Cargo Pocket Shorts,Women,Red,S,Relaxed Fit,Polyester,FabIndia,1849,4.1,Spring,"Top-rated FabIndia cargo pocket shorts featuring premium Red Polyester. Tailored to a comfortable Relaxed Fit, ideal for everyday wear during Spring."
PRD3356,FabIndia Men's Purple Regular Fit Cotton Chino Shorts,shorts,Cotton Chino Shorts,Men,Purple,XXL,Regular Fit,Cotton,FabIndia,1049,4.0,Summer,Stay fashion-forward with this versatile Purple cotton chino shorts from FabIndia. Includes a refined Regular Fit profile and high quality Cotton fabric.
PRD3357,FabIndia Women's White Relaxed Fit Cargo Pocket Shorts,shorts,Cargo Pocket Shorts,Women,White,XXL,Relaxed Fit,Linen,FabIndia,2249,3.9,Summer,"Elevate your look with this stylish White cargo pocket shorts by FabIndia. Designed in a comfortable Relaxed Fit using high-grade Linen, perfect for casual or semi-formal outings."
PRD3358,Levi's Men's Brown Slim Fit Casual Denim Shorts,shorts,Casual Denim Shorts,Men,Brown,S,Slim Fit,Denim,Levi's,1249,4.4,Spring,"Elevate your look with this stylish Brown casual denim shorts by Levi's. Designed in a comfortable Slim Fit using high-grade Denim, perfect for casual or semi-formal outings."
PRD3359,Levi's Unisex's Maroon Relaxed Fit Casual Denim Shorts,shorts,Casual Denim Shorts,Unisex,Maroon,M,Relaxed Fit,Linen,Levi's,2099,4.2,Spring,"Elevate your look with this stylish Maroon casual denim shorts by Levi's. Designed in a comfortable Relaxed Fit using high-grade Linen, perfect for casual or semi-formal outings."
PRD3360,HRX Men's Green Regular Fit Athletic Running Shorts,shorts,Athletic Running Shorts,Men,Green,XL,Regular Fit,Cotton,HRX,1049,3.8,Spring,Stay fashion-forward with this versatile Green athletic running shorts from HRX. Includes a refined Regular Fit profile and high quality Cotton fabric.
PRD3361,US Polo Assn Men's Maroon Slim Fit Casual Denim Shorts,shorts,Casual Denim Shorts,Men,Maroon,S,Slim Fit,Cotton,US Polo Assn,1849,3.8,Summer,"Essential US Polo Assn Men's casual denim shorts tailored with a modern Slim Fit. Made of soft, breathable Cotton in rich Maroon. Ideal choice for Summer."
PRD3362,Allen Solly Unisex's White Slim Fit Linen Summer Shorts,shorts,Linen Summer Shorts,Unisex,White,XL,Slim Fit,Denim,Allen Solly,849,3.6,Spring,"Top-rated Allen Solly linen summer shorts featuring premium White Denim. Tailored to a comfortable Slim Fit, ideal for everyday wear during Spring."
PRD3363,Puma Men's Maroon Slim Fit Athletic Running Shorts,shorts,Athletic Running Shorts,Men,Maroon,XXL,Slim Fit,Linen,Puma,949,4.2,Summer,"Crafted from premium Linen, this Puma Maroon athletic running shorts offers exceptional comfort and durability for Summer wardrobe styling. Features a sleek Slim Fit design."
PRD3364,Tommy Hilfiger Women's Grey Slim Fit Athletic Running Shorts,shorts,Athletic Running Shorts,Women,Grey,XL,Slim Fit,Linen,Tommy Hilfiger,1549,4.8,Summer,Stay fashion-forward with this versatile Grey athletic running shorts from Tommy Hilfiger. Includes a refined Slim Fit profile and high quality Linen fabric.
PRD3365,US Polo Assn Unisex's Yellow Relaxed Fit Cotton Chino Shorts,shorts,Cotton Chino Shorts,Unisex,Yellow,S,Relaxed Fit,Polyester,US Polo Assn,1849,4.0,Summer,Stay fashion-forward with this versatile Yellow cotton chino shorts from US Polo Assn. Includes a refined Relaxed Fit profile and high quality Polyester fabric.
PRD3366,FabIndia Women's Grey Slim Fit Cotton Chino Shorts,shorts,Cotton Chino Shorts,Women,Grey,M,Slim Fit,Linen,FabIndia,1149,4.5,Spring,"Elevate your look with this stylish Grey cotton chino shorts by FabIndia. Designed in a comfortable Slim Fit using high-grade Linen, perfect for casual or semi-formal outings."
PRD3367,Allen Solly Men's Black Relaxed Fit Athletic Running Shorts,shorts,Athletic Running Shorts,Men,Black,S,Relaxed Fit,Polyester,Allen Solly,1549,3.9,Spring,"Elevate your look with this stylish Black athletic running shorts by Allen Solly. Designed in a comfortable Relaxed Fit using high-grade Polyester, perfect for casual or semi-formal outings."
PRD3368,Nike Women's Green Regular Fit Athletic Running Shorts,shorts,Athletic Running Shorts,Women,Green,XL,Regular Fit,Cotton,Nike,1049,4.2,Summer,Stay fashion-forward with this versatile Green athletic running shorts from Nike. Includes a refined Regular Fit profile and high quality Cotton fabric.
PRD3369,Manyavar Women's Grey Slim Fit Cargo Pocket Shorts,shorts,Cargo Pocket Shorts,Women,Grey,L,Slim Fit,Linen,Manyavar,1899,3.9,Summer,"Top-rated Manyavar cargo pocket shorts featuring premium Grey Linen. Tailored to a comfortable Slim Fit, ideal for everyday wear during Summer."
PRD3370,Zara Women's Brown Slim Fit Cargo Pocket Shorts,shorts,Cargo Pocket Shorts,Women,Brown,L,Slim Fit,Linen,Zara,899,4.3,Spring,Stay fashion-forward with this versatile Brown cargo pocket shorts from Zara. Includes a refined Slim Fit profile and high quality Linen fabric.
PRD3371,Levi's Women's Pink Relaxed Fit Casual Denim Shorts,shorts,Casual Denim Shorts,Women,Pink,L,Relaxed Fit,Denim,Levi's,2099,3.8,Summer,"Elevate your look with this stylish Pink casual denim shorts by Levi's. Designed in a comfortable Relaxed Fit using high-grade Denim, perfect for casual or semi-formal outings."
PRD3372,US Polo Assn Men's Beige Regular Fit Linen Summer Shorts,shorts,Linen Summer Shorts,Men,Beige,S,Regular Fit,Polyester,US Polo Assn,2249,4.2,Spring,"Elevate your look with this stylish Beige linen summer shorts by US Polo Assn. Designed in a comfortable Regular Fit using high-grade Polyester, perfect for casual or semi-formal outings."
PRD3373,Adidas Women's Brown Regular Fit Cargo Pocket Shorts,shorts,Cargo Pocket Shorts,Women,Brown,XXL,Regular Fit,Denim,Adidas,1199,4.2,Spring,"Crafted from premium Denim, this Adidas Brown cargo pocket shorts offers exceptional comfort and durability for Spring wardrobe styling. Features a sleek Regular Fit design."
PRD3374,FabIndia Women's Brown Relaxed Fit Cargo Pocket Shorts,shorts,Cargo Pocket Shorts,Women,Brown,XL,Relaxed Fit,Polyester,FabIndia,2249,3.7,Summer,"Top-rated FabIndia cargo pocket shorts featuring premium Brown Polyester. Tailored to a comfortable Relaxed Fit, ideal for everyday wear during Summer."
PRD3375,Under Armour Women's Maroon Regular Fit Casual Denim Shorts,shorts,Casual Denim Shorts,Women,Maroon,XXL,Regular Fit,Denim,Under Armour,1549,4.6,Summer,"Essential Under Armour Women's casual denim shorts tailored with a modern Regular Fit. Made of soft, breathable Denim in rich Maroon. Ideal choice for Summer."
PRD3376,H&M Men's Pink Regular Fit Casual Denim Shorts,shorts,Casual Denim Shorts,Men,Pink,L,Regular Fit,Denim,H&M,1649,4.6,Spring,"Essential H&M Men's casual denim shorts tailored with a modern Regular Fit. Made of soft, breathable Denim in rich Pink. Ideal choice for Spring."
PRD3377,FabIndia Women's Maroon Regular Fit Casual Denim Shorts,shorts,Casual Denim Shorts,Women,Maroon,XXL,Regular Fit,Denim,FabIndia,1899,3.5,Spring,"Crafted from premium Denim, this FabIndia Maroon casual denim shorts offers exceptional comfort and durability for Spring wardrobe styling. Features a sleek Regular Fit design."
PRD3378,Under Armour Women's Yellow Slim Fit Cotton Chino Shorts,shorts,Cotton Chino Shorts,Women,Yellow,S,Slim Fit,Polyester,Under Armour,1299,4.2,Spring,Stay fashion-forward with this versatile Yellow cotton chino shorts from Under Armour. Includes a refined Slim Fit profile and high quality Polyester fabric.
PRD3379,Nike Men's Beige Relaxed Fit Cargo Pocket Shorts,shorts,Cargo Pocket Shorts,Men,Beige,M,Relaxed Fit,Polyester,Nike,1599,3.6,Spring,Stay fashion-forward with this versatile Beige cargo pocket shorts from Nike. Includes a refined Relaxed Fit profile and high quality Polyester fabric.
PRD3380,H&M Women's Purple Relaxed Fit Linen Summer Shorts,shorts,Linen Summer Shorts,Women,Purple,L,Relaxed Fit,Polyester,H&M,1499,4.8,Spring,"Elevate your look with this stylish Purple linen summer shorts by H&M. Designed in a comfortable Relaxed Fit using high-grade Polyester, perfect for casual or semi-formal outings."
PRD3381,Biba Women's Yellow Slim Fit Cotton Chino Shorts,shorts,Cotton Chino Shorts,Women,Yellow,S,Slim Fit,Polyester,Biba,1749,4.1,Spring,"Top-rated Biba cotton chino shorts featuring premium Yellow Polyester. Tailored to a comfortable Slim Fit, ideal for everyday wear during Spring."
PRD3382,Under Armour Men's White Regular Fit Casual Denim Shorts,shorts,Casual Denim Shorts,Men,White,XXL,Regular Fit,Linen,Under Armour,899,3.5,Summer,"Top-rated Under Armour casual denim shorts featuring premium White Linen. Tailored to a comfortable Regular Fit, ideal for everyday wear during Summer."
PRD3383,US Polo Assn Men's Maroon Regular Fit Cargo Pocket Shorts,shorts,Cargo Pocket Shorts,Men,Maroon,L,Regular Fit,Linen,US Polo Assn,1149,4.0,Summer,Stay fashion-forward with this versatile Maroon cargo pocket shorts from US Polo Assn. Includes a refined Regular Fit profile and high quality Linen fabric.
PRD3384,Zara Men's Red Relaxed Fit Cargo Pocket Shorts,shorts,Cargo Pocket Shorts,Men,Red,L,Relaxed Fit,Denim,Zara,1549,4.4,Spring,"Elevate your look with this stylish Red cargo pocket shorts by Zara. Designed in a comfortable Relaxed Fit using high-grade Denim, perfect for casual or semi-formal outings."
PRD3385,Allen Solly Women's Beige Relaxed Fit Casual Denim Shorts,shorts,Casual Denim Shorts,Women,Beige,S,Relaxed Fit,Linen,Allen Solly,1499,4.2,Summer,"Crafted from premium Linen, this Allen Solly Beige casual denim shorts offers exceptional comfort and durability for Summer wardrobe styling. Features a sleek Relaxed Fit design."
PRD3386,Aurelia Men's Maroon Slim Fit Cotton Chino Shorts,shorts,Cotton Chino Shorts,Men,Maroon,XL,Slim Fit,Linen,Aurelia,1849,4.5,Spring,"Crafted from premium Linen, this Aurelia Maroon cotton chino shorts offers exceptional comfort and durability for Spring wardrobe styling. Features a sleek Slim Fit design."
PRD3387,Levi's Women's Yellow Relaxed Fit Linen Summer Shorts,shorts,Linen Summer Shorts,Women,Yellow,M,Relaxed Fit,Linen,Levi's,1699,4.6,Spring,"Top-rated Levi's linen summer shorts featuring premium Yellow Linen. Tailored to a comfortable Relaxed Fit, ideal for everyday wear during Spring."
PRD3388,Zara Women's Brown Slim Fit Athletic Running Shorts,shorts,Athletic Running Shorts,Women,Brown,L,Slim Fit,Linen,Zara,2049,4.7,Summer,"Top-rated Zara athletic running shorts featuring premium Brown Linen. Tailored to a comfortable Slim Fit, ideal for everyday wear during Summer."
PRD3389,Manyavar Women's Black Relaxed Fit Athletic Running Shorts,shorts,Athletic Running Shorts,Women,Black,S,Relaxed Fit,Polyester,Manyavar,2049,4.5,Spring,"Top-rated Manyavar athletic running shorts featuring premium Black Polyester. Tailored to a comfortable Relaxed Fit, ideal for everyday wear during Spring."
PRD3390,Roadster Men's Maroon Regular Fit Cotton Chino Shorts,shorts,Cotton Chino Shorts,Men,Maroon,XXL,Regular Fit,Cotton,Roadster,1549,4.6,Spring,"Crafted from premium Cotton, this Roadster Maroon cotton chino shorts offers exceptional comfort and durability for Spring wardrobe styling. Features a sleek Regular Fit design."
PRD3391,Aurelia Unisex's Maroon Regular Fit Athletic Running Shorts,shorts,Athletic Running Shorts,Unisex,Maroon,XL,Regular Fit,Cotton,Aurelia,1099,3.8,Spring,"Crafted from premium Cotton, this Aurelia Maroon athletic running shorts offers exceptional comfort and durability for Spring wardrobe styling. Features a sleek Regular Fit design."
PRD3392,H&M Men's Pink Relaxed Fit Athletic Running Shorts,shorts,Athletic Running Shorts,Men,Pink,M,Relaxed Fit,Cotton,H&M,1849,4.4,Spring,"Top-rated H&M athletic running shorts featuring premium Pink Cotton. Tailored to a comfortable Relaxed Fit, ideal for everyday wear during Spring."
PRD3393,H&M Unisex's White Regular Fit Linen Summer Shorts,shorts,Linen Summer Shorts,Unisex,White,XL,Regular Fit,Cotton,H&M,2099,4.0,Summer,"Elevate your look with this stylish White linen summer shorts by H&M. Designed in a comfortable Regular Fit using high-grade Cotton, perfect for casual or semi-formal outings."
PRD3394,Puma Men's Beige Relaxed Fit Athletic Running Shorts,shorts,Athletic Running Shorts,Men,Beige,L,Relaxed Fit,Cotton,Puma,1899,3.9,Spring,Stay fashion-forward with this versatile Beige athletic running shorts from Puma. Includes a refined Relaxed Fit profile and high quality Cotton fabric.
PRD3395,Under Armour Men's Black Slim Fit Cargo Pocket Shorts,shorts,Cargo Pocket Shorts,Men,Black,M,Slim Fit,Denim,Under Armour,1349,4.0,Summer,"Top-rated Under Armour cargo pocket shorts featuring premium Black Denim. Tailored to a comfortable Slim Fit, ideal for everyday wear during Summer."
PRD3396,Levi's Women's Navy Relaxed Fit Casual Denim Shorts,shorts,Casual Denim Shorts,Women,Navy,S,Relaxed Fit,Linen,Levi's,1449,4.4,Spring,"Crafted from premium Linen, this Levi's Navy casual denim shorts offers exceptional comfort and durability for Spring wardrobe styling. Features a sleek Relaxed Fit design."
PRD3397,Tommy Hilfiger Women's Red Slim Fit Linen Summer Shorts,shorts,Linen Summer Shorts,Women,Red,XXL,Slim Fit,Polyester,Tommy Hilfiger,1749,3.7,Spring,"Essential Tommy Hilfiger Women's linen summer shorts tailored with a modern Slim Fit. Made of soft, breathable Polyester in rich Red. Ideal choice for Spring."
PRD3398,Puma Unisex's Maroon Regular Fit Linen Summer Shorts,shorts,Linen Summer Shorts,Unisex,Maroon,M,Regular Fit,Denim,Puma,2099,4.5,Summer,"Crafted from premium Denim, this Puma Maroon linen summer shorts offers exceptional comfort and durability for Summer wardrobe styling. Features a sleek Regular Fit design."
PRD3399,Jack & Jones Men's Grey Regular Fit Linen Summer Shorts,shorts,Linen Summer Shorts,Men,Grey,XL,Regular Fit,Cotton,Jack & Jones,1999,3.9,Spring,"Elevate your look with this stylish Grey linen summer shorts by Jack & Jones. Designed in a comfortable Regular Fit using high-grade Cotton, perfect for casual or semi-formal outings."
PRD3400,Nike Unisex's Yellow Relaxed Fit Cargo Pocket Shorts,shorts,Cargo Pocket Shorts,Unisex,Yellow,XL,Relaxed Fit,Cotton,Nike,1999,4.8,Summer,"Top-rated Nike cargo pocket shorts featuring premium Yellow Cotton. Tailored to a comfortable Relaxed Fit, ideal for everyday wear during Summer."
PRD3401,Roadster Men's Navy Slim Fit Linen Summer Shorts,shorts,Linen Summer Shorts,Men,Navy,S,Slim Fit,Denim,Roadster,899,4.2,Spring,"Top-rated Roadster linen summer shorts featuring premium Navy Denim. Tailored to a comfortable Slim Fit, ideal for everyday wear during Spring."
PRD3402,Roadster Unisex's Green Slim Fit Athletic Running Shorts,shorts,Athletic Running Shorts,Unisex,Green,M,Slim Fit,Linen,Roadster,749,4.3,Summer,"Top-rated Roadster athletic running shorts featuring premium Green Linen. Tailored to a comfortable Slim Fit, ideal for everyday wear during Summer."
PRD3403,Zara Unisex's Purple Slim Fit Linen Summer Shorts,shorts,Linen Summer Shorts,Unisex,Purple,XL,Slim Fit,Linen,Zara,999,4.3,Summer,"Top-rated Zara linen summer shorts featuring premium Purple Linen. Tailored to a comfortable Slim Fit, ideal for everyday wear during Summer."
PRD3404,HRX Men's Olive Regular Fit Linen Summer Shorts,shorts,Linen Summer Shorts,Men,Olive,S,Regular Fit,Polyester,HRX,2049,4.8,Spring,Stay fashion-forward with this versatile Olive linen summer shorts from HRX. Includes a refined Regular Fit profile and high quality Polyester fabric.
PRD3405,Roadster Unisex's Olive Relaxed Fit Linen Summer Shorts,shorts,Linen Summer Shorts,Unisex,Olive,XL,Relaxed Fit,Polyester,Roadster,1949,3.9,Summer,"Crafted from premium Polyester, this Roadster Olive linen summer shorts offers exceptional comfort and durability for Summer wardrobe styling. Features a sleek Relaxed Fit design."
PRD3406,HRX Men's Grey Relaxed Fit Linen Summer Shorts,shorts,Linen Summer Shorts,Men,Grey,S,Relaxed Fit,Cotton,HRX,1049,4.7,Spring,Stay fashion-forward with this versatile Grey linen summer shorts from HRX. Includes a refined Relaxed Fit profile and high quality Cotton fabric.
PRD3407,Biba Men's Yellow Slim Fit Cotton Chino Shorts,shorts,Cotton Chino Shorts,Men,Yellow,M,Slim Fit,Denim,Biba,1949,3.7,Summer,"Crafted from premium Denim, this Biba Yellow cotton chino shorts offers exceptional comfort and durability for Summer wardrobe styling. Features a sleek Slim Fit design."
PRD3408,FabIndia Men's Olive Regular Fit Athletic Running Shorts,shorts,Athletic Running Shorts,Men,Olive,M,Regular Fit,Polyester,FabIndia,1349,4.7,Spring,Stay fashion-forward with this versatile Olive athletic running shorts from FabIndia. Includes a refined Regular Fit profile and high quality Polyester fabric.
PRD3409,FabIndia Women's Yellow Relaxed Fit Cargo Pocket Shorts,shorts,Cargo Pocket Shorts,Women,Yellow,S,Relaxed Fit,Linen,FabIndia,1049,3.5,Summer,"Essential FabIndia Women's cargo pocket shorts tailored with a modern Relaxed Fit. Made of soft, breathable Linen in rich Yellow. Ideal choice for Summer."
PRD3410,Roadster Men's Olive Regular Fit Cargo Pocket Shorts,shorts,Cargo Pocket Shorts,Men,Olive,XXL,Regular Fit,Denim,Roadster,699,4.4,Spring,"Elevate your look with this stylish Olive cargo pocket shorts by Roadster. Designed in a comfortable Regular Fit using high-grade Denim, perfect for casual or semi-formal outings."
PRD3411,Puma Women's Red Slim Fit Athletic Running Shorts,shorts,Athletic Running Shorts,Women,Red,XXL,Slim Fit,Denim,Puma,1599,4.1,Spring,"Crafted from premium Denim, this Puma Red athletic running shorts offers exceptional comfort and durability for Spring wardrobe styling. Features a sleek Slim Fit design."
PRD3412,Puma Women's Olive Regular Fit Linen Summer Shorts,shorts,Linen Summer Shorts,Women,Olive,L,Regular Fit,Cotton,Puma,1149,4.1,Summer,"Elevate your look with this stylish Olive linen summer shorts by Puma. Designed in a comfortable Regular Fit using high-grade Cotton, perfect for casual or semi-formal outings."
PRD3413,US Polo Assn Women's Navy Slim Fit Casual Denim Shorts,shorts,Casual Denim Shorts,Women,Navy,XXL,Slim Fit,Linen,US Polo Assn,2199,3.6,Spring,"Top-rated US Polo Assn casual denim shorts featuring premium Navy Linen. Tailored to a comfortable Slim Fit, ideal for everyday wear during Spring."
PRD3414,Jack & Jones Women's Olive Slim Fit Cargo Pocket Shorts,shorts,Cargo Pocket Shorts,Women,Olive,L,Slim Fit,Denim,Jack & Jones,1699,4.3,Spring,"Crafted from premium Denim, this Jack & Jones Olive cargo pocket shorts offers exceptional comfort and durability for Spring wardrobe styling. Features a sleek Slim Fit design."
PRD3415,W Women's Beige Slim Fit Linen Summer Shorts,shorts,Linen Summer Shorts,Women,Beige,XL,Slim Fit,Polyester,W,1499,3.7,Spring,"Elevate your look with this stylish Beige linen summer shorts by W. Designed in a comfortable Slim Fit using high-grade Polyester, perfect for casual or semi-formal outings."
PRD3416,Roadster Women's Black Regular Fit Cotton Chino Shorts,shorts,Cotton Chino Shorts,Women,Black,XXL,Regular Fit,Linen,Roadster,2249,4.4,Spring,"Top-rated Roadster cotton chino shorts featuring premium Black Linen. Tailored to a comfortable Regular Fit, ideal for everyday wear during Spring."
PRD3417,HRX Unisex's Blue Slim Fit Cargo Pocket Shorts,shorts,Cargo Pocket Shorts,Unisex,Blue,XXL,Slim Fit,Polyester,HRX,1649,5.0,Spring,"Elevate your look with this stylish Blue cargo pocket shorts by HRX. Designed in a comfortable Slim Fit using high-grade Polyester, perfect for casual or semi-formal outings."
PRD3418,Roadster Women's White Relaxed Fit Casual Denim Shorts,shorts,Casual Denim Shorts,Women,White,M,Relaxed Fit,Linen,Roadster,1499,4.3,Summer,"Elevate your look with this stylish White casual denim shorts by Roadster. Designed in a comfortable Relaxed Fit using high-grade Linen, perfect for casual or semi-formal outings."
PRD3419,Levi's Women's Grey Slim Fit Athletic Running Shorts,shorts,Athletic Running Shorts,Women,Grey,M,Slim Fit,Linen,Levi's,1049,4.8,Spring,Stay fashion-forward with this versatile Grey athletic running shorts from Levi's. Includes a refined Slim Fit profile and high quality Linen fabric.
PRD3420,Under Armour Unisex's Purple Slim Fit Linen Summer Shorts,shorts,Linen Summer Shorts,Unisex,Purple,L,Slim Fit,Denim,Under Armour,2199,4.3,Summer,Stay fashion-forward with this versatile Purple linen summer shorts from Under Armour. Includes a refined Slim Fit profile and high quality Denim fabric.
PRD3421,Biba Unisex's Beige Relaxed Fit Linen Summer Shorts,shorts,Linen Summer Shorts,Unisex,Beige,XXL,Relaxed Fit,Linen,Biba,1049,4.1,Spring,Stay fashion-forward with this versatile Beige linen summer shorts from Biba. Includes a refined Relaxed Fit profile and high quality Linen fabric.
PRD3422,Levi's Men's Red Regular Fit Cargo Pocket Shorts,shorts,Cargo Pocket Shorts,Men,Red,XXL,Regular Fit,Denim,Levi's,1199,4.8,Summer,"Elevate your look with this stylish Red cargo pocket shorts by Levi's. Designed in a comfortable Regular Fit using high-grade Denim, perfect for casual or semi-formal outings."
PRD3423,Nike Men's Pink Relaxed Fit Cargo Pocket Shorts,shorts,Cargo Pocket Shorts,Men,Pink,M,Relaxed Fit,Denim,Nike,949,4.1,Summer,"Crafted from premium Denim, this Nike Pink cargo pocket shorts offers exceptional comfort and durability for Summer wardrobe styling. Features a sleek Relaxed Fit design."
PRD3424,Levi's Women's Green Slim Fit Casual Denim Shorts,shorts,Casual Denim Shorts,Women,Green,M,Slim Fit,Linen,Levi's,1949,4.6,Spring,"Crafted from premium Linen, this Levi's Green casual denim shorts offers exceptional comfort and durability for Spring wardrobe styling. Features a sleek Slim Fit design."
PRD3425,US Polo Assn Men's Purple Regular Fit Cotton Chino Shorts,shorts,Cotton Chino Shorts,Men,Purple,L,Regular Fit,Cotton,US Polo Assn,899,3.5,Summer,"Top-rated US Polo Assn cotton chino shorts featuring premium Purple Cotton. Tailored to a comfortable Regular Fit, ideal for everyday wear during Summer."
PRD3426,Under Armour Women's White Relaxed Fit Athletic Running Shorts,shorts,Athletic Running Shorts,Women,White,S,Relaxed Fit,Linen,Under Armour,1899,4.4,Summer,Stay fashion-forward with this versatile White athletic running shorts from Under Armour. Includes a refined Relaxed Fit profile and high quality Linen fabric.
PRD3427,Tommy Hilfiger Women's White Relaxed Fit Athletic Running Shorts,shorts,Athletic Running Shorts,Women,White,S,Relaxed Fit,Denim,Tommy Hilfiger,1349,4.4,Spring,"Elevate your look with this stylish White athletic running shorts by Tommy Hilfiger. Designed in a comfortable Relaxed Fit using high-grade Denim, perfect for casual or semi-formal outings."
PRD3428,Zara Men's Red Regular Fit Linen Summer Shorts,shorts,Linen Summer Shorts,Men,Red,XXL,Regular Fit,Denim,Zara,1649,5.0,Summer,Stay fashion-forward with this versatile Red linen summer shorts from Zara. Includes a refined Regular Fit profile and high quality Denim fabric.
PRD3429,Nike Women's Yellow Relaxed Fit Linen Summer Shorts,shorts,Linen Summer Shorts,Women,Yellow,XXL,Relaxed Fit,Linen,Nike,2249,4.3,Summer,"Crafted from premium Linen, this Nike Yellow linen summer shorts offers exceptional comfort and durability for Summer wardrobe styling. Features a sleek Relaxed Fit design."
PRD3430,W Unisex's White Slim Fit Athletic Running Shorts,shorts,Athletic Running Shorts,Unisex,White,L,Slim Fit,Cotton,W,1199,4.4,Spring,"Crafted from premium Cotton, this W White athletic running shorts offers exceptional comfort and durability for Spring wardrobe styling. Features a sleek Slim Fit design."
PRD3431,Jack & Jones Women's Grey Slim Fit Linen Summer Shorts,shorts,Linen Summer Shorts,Women,Grey,XL,Slim Fit,Linen,Jack & Jones,999,4.6,Spring,"Essential Jack & Jones Women's linen summer shorts tailored with a modern Slim Fit. Made of soft, breathable Linen in rich Grey. Ideal choice for Spring."
PRD3432,Levi's Men's Brown Regular Fit Cargo Pocket Shorts,shorts,Cargo Pocket Shorts,Men,Brown,S,Regular Fit,Linen,Levi's,2149,3.7,Spring,"Elevate your look with this stylish Brown cargo pocket shorts by Levi's. Designed in a comfortable Regular Fit using high-grade Linen, perfect for casual or semi-formal outings."
PRD3433,H&M Women's Olive Relaxed Fit Cotton Chino Shorts,shorts,Cotton Chino Shorts,Women,Olive,S,Relaxed Fit,Polyester,H&M,699,3.6,Spring,Stay fashion-forward with this versatile Olive cotton chino shorts from H&M. Includes a refined Relaxed Fit profile and high quality Polyester fabric.
PRD3434,Mango Unisex's White Slim Fit Cotton Chino Shorts,shorts,Cotton Chino Shorts,Unisex,White,S,Slim Fit,Linen,Mango,1149,4.1,Spring,"Top-rated Mango cotton chino shorts featuring premium White Linen. Tailored to a comfortable Slim Fit, ideal for everyday wear during Spring."
PRD3435,FabIndia Men's Maroon Regular Fit Casual Denim Shorts,shorts,Casual Denim Shorts,Men,Maroon,XXL,Regular Fit,Cotton,FabIndia,1649,3.8,Summer,Stay fashion-forward with this versatile Maroon casual denim shorts from FabIndia. Includes a refined Regular Fit profile and high quality Cotton fabric.
PRD3436,Zara Women's Maroon Slim Fit Cotton Chino Shorts,shorts,Cotton Chino Shorts,Women,Maroon,L,Slim Fit,Polyester,Zara,1599,3.9,Spring,"Top-rated Zara cotton chino shorts featuring premium Maroon Polyester. Tailored to a comfortable Slim Fit, ideal for everyday wear during Spring."
PRD3437,Levi's Women's Grey Slim Fit Cargo Pocket Shorts,shorts,Cargo Pocket Shorts,Women,Grey,M,Slim Fit,Linen,Levi's,2249,3.8,Spring,"Crafted from premium Linen, this Levi's Grey cargo pocket shorts offers exceptional comfort and durability for Spring wardrobe styling. Features a sleek Slim Fit design."
PRD3438,Levi's Women's Navy Slim Fit Athletic Running Shorts,shorts,Athletic Running Shorts,Women,Navy,S,Slim Fit,Cotton,Levi's,2099,4.3,Spring,"Essential Levi's Women's athletic running shorts tailored with a modern Slim Fit. Made of soft, breathable Cotton in rich Navy. Ideal choice for Spring."
PRD3439,H&M Unisex's Red Relaxed Fit Athletic Running Shorts,shorts,Athletic Running Shorts,Unisex,Red,S,Relaxed Fit,Denim,H&M,1199,4.0,Spring,"Elevate your look with this stylish Red athletic running shorts by H&M. Designed in a comfortable Relaxed Fit using high-grade Denim, perfect for casual or semi-formal outings."
PRD3440,Adidas Unisex's Purple Slim Fit Casual Denim Shorts,shorts,Casual Denim Shorts,Unisex,Purple,L,Slim Fit,Polyester,Adidas,1399,4.3,Summer,"Crafted from premium Polyester, this Adidas Purple casual denim shorts offers exceptional comfort and durability for Summer wardrobe styling. Features a sleek Slim Fit design."
PRD3441,Nike Women's Green Regular Fit Cargo Pocket Shorts,shorts,Cargo Pocket Shorts,Women,Green,M,Regular Fit,Linen,Nike,1899,4.5,Spring,Stay fashion-forward with this versatile Green cargo pocket shorts from Nike. Includes a refined Regular Fit profile and high quality Linen fabric.
PRD3442,Zara Women's Black Slim Fit Athletic Running Shorts,shorts,Athletic Running Shorts,Women,Black,XXL,Slim Fit,Polyester,Zara,1199,4.8,Summer,"Crafted from premium Polyester, this Zara Black athletic running shorts offers exceptional comfort and durability for Summer wardrobe styling. Features a sleek Slim Fit design."
PRD3443,US Polo Assn Women's Blue Relaxed Fit Cargo Pocket Shorts,shorts,Cargo Pocket Shorts,Women,Blue,M,Relaxed Fit,Polyester,US Polo Assn,1899,4.9,Summer,"Top-rated US Polo Assn cargo pocket shorts featuring premium Blue Polyester. Tailored to a comfortable Relaxed Fit, ideal for everyday wear during Summer."
PRD3444,Roadster Men's Brown Relaxed Fit Cotton Chino Shorts,shorts,Cotton Chino Shorts,Men,Brown,XXL,Relaxed Fit,Cotton,Roadster,1449,4.1,Summer,"Elevate your look with this stylish Brown cotton chino shorts by Roadster. Designed in a comfortable Relaxed Fit using high-grade Cotton, perfect for casual or semi-formal outings."
PRD3445,Zara Unisex's Navy Relaxed Fit Cotton Chino Shorts,shorts,Cotton Chino Shorts,Unisex,Navy,S,Relaxed Fit,Linen,Zara,2049,4.2,Spring,"Top-rated Zara cotton chino shorts featuring premium Navy Linen. Tailored to a comfortable Relaxed Fit, ideal for everyday wear during Spring."
PRD3446,Levi's Women's Navy Slim Fit Cotton Chino Shorts,shorts,Cotton Chino Shorts,Women,Navy,XL,Slim Fit,Polyester,Levi's,1249,4.5,Summer,"Top-rated Levi's cotton chino shorts featuring premium Navy Polyester. Tailored to a comfortable Slim Fit, ideal for everyday wear during Summer."
PRD3447,Allen Solly Unisex's Red Regular Fit Cotton Chino Shorts,shorts,Cotton Chino Shorts,Unisex,Red,M,Regular Fit,Linen,Allen Solly,799,4.9,Summer,"Top-rated Allen Solly cotton chino shorts featuring premium Red Linen. Tailored to a comfortable Regular Fit, ideal for everyday wear during Summer."
PRD3448,Jack & Jones Women's Purple Slim Fit Cargo Pocket Shorts,shorts,Cargo Pocket Shorts,Women,Purple,XL,Slim Fit,Cotton,Jack & Jones,749,4.3,Spring,"Top-rated Jack & Jones cargo pocket shorts featuring premium Purple Cotton. Tailored to a comfortable Slim Fit, ideal for everyday wear during Spring."
PRD3449,Aurelia Men's Pink Slim Fit Athletic Running Shorts,shorts,Athletic Running Shorts,Men,Pink,XXL,Slim Fit,Cotton,Aurelia,2099,4.4,Summer,"Top-rated Aurelia athletic running shorts featuring premium Pink Cotton. Tailored to a comfortable Slim Fit, ideal for everyday wear during Summer."
PRD3450,US Polo Assn Men's Blue Slim Fit Cotton Chino Shorts,shorts,Cotton Chino Shorts,Men,Blue,XL,Slim Fit,Denim,US Polo Assn,899,3.6,Spring,"Top-rated US Polo Assn cotton chino shorts featuring premium Blue Denim. Tailored to a comfortable Slim Fit, ideal for everyday wear during Spring."
PRD3451,Adidas Women's Yellow Slim Fit Linen Summer Shorts,shorts,Linen Summer Shorts,Women,Yellow,XL,Slim Fit,Polyester,Adidas,1149,3.8,Summer,"Crafted from premium Polyester, this Adidas Yellow linen summer shorts offers exceptional comfort and durability for Summer wardrobe styling. Features a sleek Slim Fit design."
PRD3452,Nike Unisex's Grey Slim Fit Linen Summer Shorts,shorts,Linen Summer Shorts,Unisex,Grey,M,Slim Fit,Polyester,Nike,949,3.5,Spring,"Elevate your look with this stylish Grey linen summer shorts by Nike. Designed in a comfortable Slim Fit using high-grade Polyester, perfect for casual or semi-formal outings."
PRD3453,Mango Women's Beige Regular Fit Casual Denim Shorts,shorts,Casual Denim Shorts,Women,Beige,L,Regular Fit,Polyester,Mango,1649,4.6,Spring,"Crafted from premium Polyester, this Mango Beige casual denim shorts offers exceptional comfort and durability for Spring wardrobe styling. Features a sleek Regular Fit design."
PRD3454,Aurelia Unisex's Red Slim Fit Cotton Chino Shorts,shorts,Cotton Chino Shorts,Unisex,Red,L,Slim Fit,Linen,Aurelia,1449,4.6,Summer,"Top-rated Aurelia cotton chino shorts featuring premium Red Linen. Tailored to a comfortable Slim Fit, ideal for everyday wear during Summer."
PRD3455,Under Armour Unisex's Red Relaxed Fit Cargo Pocket Shorts,shorts,Cargo Pocket Shorts,Unisex,Red,XL,Relaxed Fit,Polyester,Under Armour,1449,5.0,Spring,"Elevate your look with this stylish Red cargo pocket shorts by Under Armour. Designed in a comfortable Relaxed Fit using high-grade Polyester, perfect for casual or semi-formal outings."
PRD3456,HRX Men's Navy Relaxed Fit Cotton Chino Shorts,shorts,Cotton Chino Shorts,Men,Navy,L,Relaxed Fit,Linen,HRX,1149,5.0,Summer,"Elevate your look with this stylish Navy cotton chino shorts by HRX. Designed in a comfortable Relaxed Fit using high-grade Linen, perfect for casual or semi-formal outings."
PRD3457,Biba Unisex's Yellow Regular Fit Casual Denim Shorts,shorts,Casual Denim Shorts,Unisex,Yellow,L,Regular Fit,Cotton,Biba,1649,4.7,Summer,Stay fashion-forward with this versatile Yellow casual denim shorts from Biba. Includes a refined Regular Fit profile and high quality Cotton fabric.
PRD3458,Levi's Women's Yellow Regular Fit Cotton Chino Shorts,shorts,Cotton Chino Shorts,Women,Yellow,S,Regular Fit,Cotton,Levi's,1499,3.9,Spring,Stay fashion-forward with this versatile Yellow cotton chino shorts from Levi's. Includes a refined Regular Fit profile and high quality Cotton fabric.
PRD3459,Biba Women's Purple Slim Fit Cotton Chino Shorts,shorts,Cotton Chino Shorts,Women,Purple,M,Slim Fit,Polyester,Biba,2149,4.3,Summer,"Crafted from premium Polyester, this Biba Purple cotton chino shorts offers exceptional comfort and durability for Summer wardrobe styling. Features a sleek Slim Fit design."
PRD3460,HRX Men's Pink Relaxed Fit Cargo Pocket Shorts,shorts,Cargo Pocket Shorts,Men,Pink,M,Relaxed Fit,Cotton,HRX,1899,3.6,Summer,"Crafted from premium Cotton, this HRX Pink cargo pocket shorts offers exceptional comfort and durability for Summer wardrobe styling. Features a sleek Relaxed Fit design."
PRD3461,FabIndia Unisex's Red Relaxed Fit Casual Denim Shorts,shorts,Casual Denim Shorts,Unisex,Red,L,Relaxed Fit,Cotton,FabIndia,949,3.5,Summer,"Essential FabIndia Unisex's casual denim shorts tailored with a modern Relaxed Fit. Made of soft, breathable Cotton in rich Red. Ideal choice for Summer."
PRD3462,Tommy Hilfiger Unisex's Red Regular Fit Cotton Chino Shorts,shorts,Cotton Chino Shorts,Unisex,Red,XXL,Regular Fit,Polyester,Tommy Hilfiger,1399,3.8,Spring,"Crafted from premium Polyester, this Tommy Hilfiger Red cotton chino shorts offers exceptional comfort and durability for Spring wardrobe styling. Features a sleek Regular Fit design."
PRD3463,Under Armour Women's Black Slim Fit Cotton Chino Shorts,shorts,Cotton Chino Shorts,Women,Black,M,Slim Fit,Linen,Under Armour,1599,4.0,Summer,Stay fashion-forward with this versatile Black cotton chino shorts from Under Armour. Includes a refined Slim Fit profile and high quality Linen fabric.
PRD3464,US Polo Assn Women's Brown Regular Fit Cargo Pocket Shorts,shorts,Cargo Pocket Shorts,Women,Brown,L,Regular Fit,Denim,US Polo Assn,1249,4.6,Summer,"Top-rated US Polo Assn cargo pocket shorts featuring premium Brown Denim. Tailored to a comfortable Regular Fit, ideal for everyday wear during Summer."
PRD3465,US Polo Assn Women's Red Relaxed Fit Cargo Pocket Shorts,shorts,Cargo Pocket Shorts,Women,Red,XXL,Relaxed Fit,Cotton,US Polo Assn,699,4.4,Summer,"Crafted from premium Cotton, this US Polo Assn Red cargo pocket shorts offers exceptional comfort and durability for Summer wardrobe styling. Features a sleek Relaxed Fit design."
PRD3466,Aurelia Women's Navy Relaxed Fit Linen Summer Shorts,shorts,Linen Summer Shorts,Women,Navy,L,Relaxed Fit,Polyester,Aurelia,1249,4.6,Summer,Stay fashion-forward with this versatile Navy linen summer shorts from Aurelia. Includes a refined Relaxed Fit profile and high quality Polyester fabric.
PRD3467,Biba Men's Pink Relaxed Fit Cotton Chino Shorts,shorts,Cotton Chino Shorts,Men,Pink,S,Relaxed Fit,Polyester,Biba,1699,4.4,Summer,"Crafted from premium Polyester, this Biba Pink cotton chino shorts offers exceptional comfort and durability for Summer wardrobe styling. Features a sleek Relaxed Fit design."
PRD3468,Tommy Hilfiger Women's Black Slim Fit Athletic Running Shorts,shorts,Athletic Running Shorts,Women,Black,XL,Slim Fit,Linen,Tommy Hilfiger,949,4.0,Summer,Stay fashion-forward with this versatile Black athletic running shorts from Tommy Hilfiger. Includes a refined Slim Fit profile and high quality Linen fabric.
PRD3469,Levi's Men's Green Regular Fit Athletic Running Shorts,shorts,Athletic Running Shorts,Men,Green,XL,Regular Fit,Denim,Levi's,699,3.7,Spring,"Essential Levi's Men's athletic running shorts tailored with a modern Regular Fit. Made of soft, breathable Denim in rich Green. Ideal choice for Spring."
PRD3470,H&M Unisex's Navy Slim Fit Cargo Pocket Shorts,shorts,Cargo Pocket Shorts,Unisex,Navy,M,Slim Fit,Cotton,H&M,2049,3.5,Spring,Stay fashion-forward with this versatile Navy cargo pocket shorts from H&M. Includes a refined Slim Fit profile and high quality Cotton fabric.
PRD3471,Puma Women's Beige Slim Fit Casual Denim Shorts,shorts,Casual Denim Shorts,Women,Beige,S,Slim Fit,Polyester,Puma,1399,4.3,Spring,"Top-rated Puma casual denim shorts featuring premium Beige Polyester. Tailored to a comfortable Slim Fit, ideal for everyday wear during Spring."
PRD3472,Zara Men's White Regular Fit Cargo Pocket Shorts,shorts,Cargo Pocket Shorts,Men,White,M,Regular Fit,Polyester,Zara,1199,4.4,Summer,"Essential Zara Men's cargo pocket shorts tailored with a modern Regular Fit. Made of soft, breathable Polyester in rich White. Ideal choice for Summer."
PRD3473,Jack & Jones Women's Black Relaxed Fit Linen Summer Shorts,shorts,Linen Summer Shorts,Women,Black,L,Relaxed Fit,Linen,Jack & Jones,1099,3.6,Spring,"Essential Jack & Jones Women's linen summer shorts tailored with a modern Relaxed Fit. Made of soft, breathable Linen in rich Black. Ideal choice for Spring."
PRD3474,Jack & Jones Men's Navy Relaxed Fit Linen Summer Shorts,shorts,Linen Summer Shorts,Men,Navy,XXL,Relaxed Fit,Linen,Jack & Jones,2199,3.6,Summer,"Top-rated Jack & Jones linen summer shorts featuring premium Navy Linen. Tailored to a comfortable Relaxed Fit, ideal for everyday wear during Summer."
PRD3475,Under Armour Women's Grey Relaxed Fit Linen Summer Shorts,shorts,Linen Summer Shorts,Women,Grey,XXL,Relaxed Fit,Polyester,Under Armour,1099,4.1,Spring,Stay fashion-forward with this versatile Grey linen summer shorts from Under Armour. Includes a refined Relaxed Fit profile and high quality Polyester fabric.
PRD3476,Nike Men's Red Regular Fit Linen Summer Shorts,shorts,Linen Summer Shorts,Men,Red,XXL,Regular Fit,Linen,Nike,1599,4.1,Spring,"Crafted from premium Linen, this Nike Red linen summer shorts offers exceptional comfort and durability for Spring wardrobe styling. Features a sleek Regular Fit design."
PRD3477,W Men's Brown Slim Fit Athletic Running Shorts,shorts,Athletic Running Shorts,Men,Brown,XL,Slim Fit,Denim,W,2149,3.6,Spring,"Essential W Men's athletic running shorts tailored with a modern Slim Fit. Made of soft, breathable Denim in rich Brown. Ideal choice for Spring."
PRD3478,Puma Unisex's Blue Relaxed Fit Casual Denim Shorts,shorts,Casual Denim Shorts,Unisex,Blue,S,Relaxed Fit,Denim,Puma,1899,4.0,Summer,Stay fashion-forward with this versatile Blue casual denim shorts from Puma. Includes a refined Relaxed Fit profile and high quality Denim fabric.
PRD3479,Puma Men's Purple Slim Fit Cotton Chino Shorts,shorts,Cotton Chino Shorts,Men,Purple,M,Slim Fit,Linen,Puma,1099,4.3,Summer,Stay fashion-forward with this versatile Purple cotton chino shorts from Puma. Includes a refined Slim Fit profile and high quality Linen fabric.
PRD3480,US Polo Assn Men's White Relaxed Fit Cargo Pocket Shorts,shorts,Cargo Pocket Shorts,Men,White,M,Relaxed Fit,Denim,US Polo Assn,2249,3.7,Spring,Stay fashion-forward with this versatile White cargo pocket shorts from US Polo Assn. Includes a refined Relaxed Fit profile and high quality Denim fabric.
PRD3481,Jack & Jones Unisex's Purple Relaxed Fit Athletic Running Shorts,shorts,Athletic Running Shorts,Unisex,Purple,M,Relaxed Fit,Denim,Jack & Jones,1549,4.2,Spring,"Elevate your look with this stylish Purple athletic running shorts by Jack & Jones. Designed in a comfortable Relaxed Fit using high-grade Denim, perfect for casual or semi-formal outings."
PRD3482,FabIndia Unisex's Yellow Regular Fit Cotton Chino Shorts,shorts,Cotton Chino Shorts,Unisex,Yellow,M,Regular Fit,Denim,FabIndia,1149,4.5,Summer,"Crafted from premium Denim, this FabIndia Yellow cotton chino shorts offers exceptional comfort and durability for Summer wardrobe styling. Features a sleek Regular Fit design."
PRD3483,Under Armour Women's Maroon Slim Fit Casual Denim Shorts,shorts,Casual Denim Shorts,Women,Maroon,XXL,Slim Fit,Cotton,Under Armour,1049,3.8,Spring,"Elevate your look with this stylish Maroon casual denim shorts by Under Armour. Designed in a comfortable Slim Fit using high-grade Cotton, perfect for casual or semi-formal outings."
PRD3484,Manyavar Women's White Slim Fit Cargo Pocket Shorts,shorts,Cargo Pocket Shorts,Women,White,S,Slim Fit,Polyester,Manyavar,1899,4.4,Spring,"Elevate your look with this stylish White cargo pocket shorts by Manyavar. Designed in a comfortable Slim Fit using high-grade Polyester, perfect for casual or semi-formal outings."
PRD3485,Levi's Women's Purple Regular Fit Athletic Running Shorts,shorts,Athletic Running Shorts,Women,Purple,L,Regular Fit,Cotton,Levi's,2099,4.0,Spring,Stay fashion-forward with this versatile Purple athletic running shorts from Levi's. Includes a refined Regular Fit profile and high quality Cotton fabric.
PRD3486,Zara Women's Grey Relaxed Fit Athletic Running Shorts,shorts,Athletic Running Shorts,Women,Grey,XXL,Relaxed Fit,Cotton,Zara,1149,3.7,Summer,"Crafted from premium Cotton, this Zara Grey athletic running shorts offers exceptional comfort and durability for Summer wardrobe styling. Features a sleek Relaxed Fit design."
PRD3487,Biba Men's Red Relaxed Fit Cargo Pocket Shorts,shorts,Cargo Pocket Shorts,Men,Red,XL,Relaxed Fit,Denim,Biba,1949,4.6,Summer,"Elevate your look with this stylish Red cargo pocket shorts by Biba. Designed in a comfortable Relaxed Fit using high-grade Denim, perfect for casual or semi-formal outings."
PRD3488,Roadster Women's Beige Regular Fit Athletic Running Shorts,shorts,Athletic Running Shorts,Women,Beige,S,Regular Fit,Denim,Roadster,1499,4.8,Summer,"Top-rated Roadster athletic running shorts featuring premium Beige Denim. Tailored to a comfortable Regular Fit, ideal for everyday wear during Summer."
PRD3489,Zara Women's Green Relaxed Fit Athletic Running Shorts,shorts,Athletic Running Shorts,Women,Green,XL,Relaxed Fit,Linen,Zara,699,3.8,Summer,"Essential Zara Women's athletic running shorts tailored with a modern Relaxed Fit. Made of soft, breathable Linen in rich Green. Ideal choice for Summer."
PRD3490,Zara Women's Brown Slim Fit Cotton Chino Shorts,shorts,Cotton Chino Shorts,Women,Brown,M,Slim Fit,Polyester,Zara,1949,4.3,Spring,"Essential Zara Women's cotton chino shorts tailored with a modern Slim Fit. Made of soft, breathable Polyester in rich Brown. Ideal choice for Spring."
PRD3491,Roadster Men's Maroon Slim Fit Cargo Pocket Shorts,shorts,Cargo Pocket Shorts,Men,Maroon,S,Slim Fit,Linen,Roadster,949,4.8,Spring,"Essential Roadster Men's cargo pocket shorts tailored with a modern Slim Fit. Made of soft, breathable Linen in rich Maroon. Ideal choice for Spring."
PRD3492,Levi's Women's Brown Regular Fit Athletic Running Shorts,shorts,Athletic Running Shorts,Women,Brown,XL,Regular Fit,Denim,Levi's,1549,3.7,Spring,"Top-rated Levi's athletic running shorts featuring premium Brown Denim. Tailored to a comfortable Regular Fit, ideal for everyday wear during Spring."
PRD3493,Levi's Men's Black Slim Fit Athletic Running Shorts,shorts,Athletic Running Shorts,Men,Black,M,Slim Fit,Denim,Levi's,1699,4.5,Spring,"Essential Levi's Men's athletic running shorts tailored with a modern Slim Fit. Made of soft, breathable Denim in rich Black. Ideal choice for Spring."
PRD3494,Biba Women's Maroon Slim Fit Cargo Pocket Shorts,shorts,Cargo Pocket Shorts,Women,Maroon,L,Slim Fit,Polyester,Biba,1299,4.4,Spring,"Top-rated Biba cargo pocket shorts featuring premium Maroon Polyester. Tailored to a comfortable Slim Fit, ideal for everyday wear during Spring."
PRD3495,Allen Solly Unisex's Red Relaxed Fit Casual Denim Shorts,shorts,Casual Denim Shorts,Unisex,Red,XXL,Relaxed Fit,Linen,Allen Solly,849,3.9,Spring,"Top-rated Allen Solly casual denim shorts featuring premium Red Linen. Tailored to a comfortable Relaxed Fit, ideal for everyday wear during Spring."
PRD3496,HRX Unisex's Maroon Relaxed Fit Casual Denim Shorts,shorts,Casual Denim Shorts,Unisex,Maroon,S,Relaxed Fit,Polyester,HRX,1249,4.4,Spring,"Elevate your look with this stylish Maroon casual denim shorts by HRX. Designed in a comfortable Relaxed Fit using high-grade Polyester, perfect for casual or semi-formal outings."
PRD3497,Roadster Women's Green Slim Fit Athletic Running Shorts,shorts,Athletic Running Shorts,Women,Green,M,Slim Fit,Denim,Roadster,1899,3.9,Summer,Stay fashion-forward with this versatile Green athletic running shorts from Roadster. Includes a refined Slim Fit profile and high quality Denim fabric.
PRD3498,Nike Men's White Relaxed Fit Cotton Chino Shorts,shorts,Cotton Chino Shorts,Men,White,L,Relaxed Fit,Cotton,Nike,1949,3.9,Summer,"Essential Nike Men's cotton chino shorts tailored with a modern Relaxed Fit. Made of soft, breathable Cotton in rich White. Ideal choice for Summer."
PRD3499,Puma Men's Black Relaxed Fit Cargo Pocket Shorts,shorts,Cargo Pocket Shorts,Men,Black,XL,Relaxed Fit,Cotton,Puma,1549,4.6,Summer,"Elevate your look with this stylish Black cargo pocket shorts by Puma. Designed in a comfortable Relaxed Fit using high-grade Cotton, perfect for casual or semi-formal outings."
PRD3500,Roadster Unisex's Yellow Relaxed Fit Cotton Chino Shorts,shorts,Cotton Chino Shorts,Unisex,Yellow,L,Relaxed Fit,Polyester,Roadster,1049,4.7,Spring,"Elevate your look with this stylish Yellow cotton chino shorts by Roadster. Designed in a comfortable Relaxed Fit using high-grade Polyester, perfect for casual or semi-formal outings."
PRD3501,Tommy Hilfiger Unisex's Beige Relaxed Fit Athletic Running Shorts,shorts,Athletic Running Shorts,Unisex,Beige,XXL,Relaxed Fit,Linen,Tommy Hilfiger,2249,4.3,Summer,"Elevate your look with this stylish Beige athletic running shorts by Tommy Hilfiger. Designed in a comfortable Relaxed Fit using high-grade Linen, perfect for casual or semi-formal outings."
PRD3502,Roadster Women's Yellow Relaxed Fit Cotton Chino Shorts,shorts,Cotton Chino Shorts,Women,Yellow,L,Relaxed Fit,Linen,Roadster,1999,4.3,Summer,"Essential Roadster Women's cotton chino shorts tailored with a modern Relaxed Fit. Made of soft, breathable Linen in rich Yellow. Ideal choice for Summer."
PRD3503,H&M Unisex's Black Regular Fit Athletic Running Shorts,shorts,Athletic Running Shorts,Unisex,Black,L,Regular Fit,Cotton,H&M,1849,4.5,Summer,Stay fashion-forward with this versatile Black athletic running shorts from H&M. Includes a refined Regular Fit profile and high quality Cotton fabric.
PRD3504,US Polo Assn Unisex's Pink Relaxed Fit Athletic Running Shorts,shorts,Athletic Running Shorts,Unisex,Pink,S,Relaxed Fit,Polyester,US Polo Assn,2199,4.5,Spring,"Top-rated US Polo Assn athletic running shorts featuring premium Pink Polyester. Tailored to a comfortable Relaxed Fit, ideal for everyday wear during Spring."
PRD3505,HRX Unisex's Green Relaxed Fit Athletic Running Shorts,shorts,Athletic Running Shorts,Unisex,Green,XXL,Relaxed Fit,Linen,HRX,1149,5.0,Summer,"Top-rated HRX athletic running shorts featuring premium Green Linen. Tailored to a comfortable Relaxed Fit, ideal for everyday wear during Summer."
PRD3506,Jack & Jones Men's Grey Slim Fit Cotton Chino Shorts,shorts,Cotton Chino Shorts,Men,Grey,XXL,Slim Fit,Cotton,Jack & Jones,949,4.1,Summer,Stay fashion-forward with this versatile Grey cotton chino shorts from Jack & Jones. Includes a refined Slim Fit profile and high quality Cotton fabric.
PRD3507,Biba Men's Blue Regular Fit Cotton Chino Shorts,shorts,Cotton Chino Shorts,Men,Blue,L,Regular Fit,Polyester,Biba,2149,4.2,Spring,"Top-rated Biba cotton chino shorts featuring premium Blue Polyester. Tailored to a comfortable Regular Fit, ideal for everyday wear during Spring."
PRD3508,HRX Women's Beige Relaxed Fit Cargo Pocket Shorts,shorts,Cargo Pocket Shorts,Women,Beige,L,Relaxed Fit,Linen,HRX,2199,4.6,Spring,Stay fashion-forward with this versatile Beige cargo pocket shorts from HRX. Includes a refined Relaxed Fit profile and high quality Linen fabric.
PRD3509,W Men's Green Regular Fit Casual Denim Shorts,shorts,Casual Denim Shorts,Men,Green,S,Regular Fit,Linen,W,699,3.6,Spring,"Top-rated W casual denim shorts featuring premium Green Linen. Tailored to a comfortable Regular Fit, ideal for everyday wear during Spring."
PRD3510,Jack & Jones Unisex's Brown Regular Fit Cargo Pocket Shorts,shorts,Cargo Pocket Shorts,Unisex,Brown,S,Regular Fit,Denim,Jack & Jones,1399,3.6,Spring,Stay fashion-forward with this versatile Brown cargo pocket shorts from Jack & Jones. Includes a refined Regular Fit profile and high quality Denim fabric.
PRD3511,W Women's Blue Slim Fit Cargo Pocket Shorts,shorts,Cargo Pocket Shorts,Women,Blue,L,Slim Fit,Denim,W,1199,3.6,Spring,"Top-rated W cargo pocket shorts featuring premium Blue Denim. Tailored to a comfortable Slim Fit, ideal for everyday wear during Spring."
PRD3512,Under Armour Women's Green Slim Fit Linen Summer Shorts,shorts,Linen Summer Shorts,Women,Green,M,Slim Fit,Denim,Under Armour,1749,4.1,Summer,"Top-rated Under Armour linen summer shorts featuring premium Green Denim. Tailored to a comfortable Slim Fit, ideal for everyday wear during Summer."
PRD3513,HRX Unisex's Brown Slim Fit Casual Denim Shorts,shorts,Casual Denim Shorts,Unisex,Brown,S,Slim Fit,Polyester,HRX,2149,3.6,Spring,"Crafted from premium Polyester, this HRX Brown casual denim shorts offers exceptional comfort and durability for Spring wardrobe styling. Features a sleek Slim Fit design."
PRD3514,Puma Men's Black Relaxed Fit Athletic Running Shorts,shorts,Athletic Running Shorts,Men,Black,M,Relaxed Fit,Polyester,Puma,1099,4.3,Spring,Stay fashion-forward with this versatile Black athletic running shorts from Puma. Includes a refined Relaxed Fit profile and high quality Polyester fabric.
PRD3515,Zara Men's Brown Relaxed Fit Cotton Chino Shorts,shorts,Cotton Chino Shorts,Men,Brown,XXL,Relaxed Fit,Polyester,Zara,1949,4.6,Summer,"Elevate your look with this stylish Brown cotton chino shorts by Zara. Designed in a comfortable Relaxed Fit using high-grade Polyester, perfect for casual or semi-formal outings."
PRD3516,Levi's Women's Maroon Slim Fit Linen Summer Shorts,shorts,Linen Summer Shorts,Women,Maroon,XXL,Slim Fit,Denim,Levi's,699,4.4,Spring,Stay fashion-forward with this versatile Maroon linen summer shorts from Levi's. Includes a refined Slim Fit profile and high quality Denim fabric.
PRD3517,H&M Women's Pink Regular Fit Linen Summer Shorts,shorts,Linen Summer Shorts,Women,Pink,L,Regular Fit,Linen,H&M,1349,5.0,Summer,"Top-rated H&M linen summer shorts featuring premium Pink Linen. Tailored to a comfortable Regular Fit, ideal for everyday wear during Summer."
PRD3518,Adidas Men's Navy Regular Fit Casual Denim Shorts,shorts,Casual Denim Shorts,Men,Navy,L,Regular Fit,Polyester,Adidas,1299,4.9,Summer,Stay fashion-forward with this versatile Navy casual denim shorts from Adidas. Includes a refined Regular Fit profile and high quality Polyester fabric.
PRD3519,Allen Solly Women's Brown Relaxed Fit Cargo Pocket Shorts,shorts,Cargo Pocket Shorts,Women,Brown,XXL,Relaxed Fit,Linen,Allen Solly,699,4.4,Spring,Stay fashion-forward with this versatile Brown cargo pocket shorts from Allen Solly. Includes a refined Relaxed Fit profile and high quality Linen fabric.
PRD3520,Puma Women's Olive Slim Fit Linen Summer Shorts,shorts,Linen Summer Shorts,Women,Olive,M,Slim Fit,Polyester,Puma,1999,5.0,Summer,"Crafted from premium Polyester, this Puma Olive linen summer shorts offers exceptional comfort and durability for Summer wardrobe styling. Features a sleek Slim Fit design."
PRD3521,FabIndia Women's Green Slim Fit Linen Summer Shorts,shorts,Linen Summer Shorts,Women,Green,S,Slim Fit,Cotton,FabIndia,1399,4.9,Summer,"Top-rated FabIndia linen summer shorts featuring premium Green Cotton. Tailored to a comfortable Slim Fit, ideal for everyday wear during Summer."
PRD3522,Roadster Unisex's Green Relaxed Fit Cargo Pocket Shorts,shorts,Cargo Pocket Shorts,Unisex,Green,M,Relaxed Fit,Cotton,Roadster,1299,3.7,Spring,"Elevate your look with this stylish Green cargo pocket shorts by Roadster. Designed in a comfortable Relaxed Fit using high-grade Cotton, perfect for casual or semi-formal outings."
PRD3523,Nike Unisex's Beige Relaxed Fit Linen Summer Shorts,shorts,Linen Summer Shorts,Unisex,Beige,L,Relaxed Fit,Linen,Nike,1749,4.2,Spring,"Essential Nike Unisex's linen summer shorts tailored with a modern Relaxed Fit. Made of soft, breathable Linen in rich Beige. Ideal choice for Spring."
PRD3524,W Unisex's Green Slim Fit Casual Denim Shorts,shorts,Casual Denim Shorts,Unisex,Green,XXL,Slim Fit,Linen,W,2149,3.7,Spring,"Crafted from premium Linen, this W Green casual denim shorts offers exceptional comfort and durability for Spring wardrobe styling. Features a sleek Slim Fit design."
PRD3525,Manyavar Unisex's White Relaxed Fit Linen Summer Shorts,shorts,Linen Summer Shorts,Unisex,White,XXL,Relaxed Fit,Polyester,Manyavar,1249,3.7,Spring,Stay fashion-forward with this versatile White linen summer shorts from Manyavar. Includes a refined Relaxed Fit profile and high quality Polyester fabric.
PRD3526,FabIndia Unisex's Brown Slim Fit Cotton Chino Shorts,shorts,Cotton Chino Shorts,Unisex,Brown,S,Slim Fit,Denim,FabIndia,2199,4.5,Spring,"Top-rated FabIndia cotton chino shorts featuring premium Brown Denim. Tailored to a comfortable Slim Fit, ideal for everyday wear during Spring."
PRD3527,Biba Women's White Regular Fit Linen Summer Shorts,shorts,Linen Summer Shorts,Women,White,L,Regular Fit,Linen,Biba,1749,3.8,Spring,Stay fashion-forward with this versatile White linen summer shorts from Biba. Includes a refined Regular Fit profile and high quality Linen fabric.
PRD3528,Allen Solly Women's Grey Slim Fit Casual Denim Shorts,shorts,Casual Denim Shorts,Women,Grey,L,Slim Fit,Denim,Allen Solly,849,5.0,Summer,"Top-rated Allen Solly casual denim shorts featuring premium Grey Denim. Tailored to a comfortable Slim Fit, ideal for everyday wear during Summer."
PRD3529,H&M Unisex's Yellow Slim Fit Athletic Running Shorts,shorts,Athletic Running Shorts,Unisex,Yellow,XL,Slim Fit,Polyester,H&M,1399,4.7,Summer,"Top-rated H&M athletic running shorts featuring premium Yellow Polyester. Tailored to a comfortable Slim Fit, ideal for everyday wear during Summer."
PRD3530,US Polo Assn Unisex's Yellow Relaxed Fit Athletic Running Shorts,shorts,Athletic Running Shorts,Unisex,Yellow,M,Relaxed Fit,Cotton,US Polo Assn,1149,3.7,Spring,"Elevate your look with this stylish Yellow athletic running shorts by US Polo Assn. Designed in a comfortable Relaxed Fit using high-grade Cotton, perfect for casual or semi-formal outings."
PRD3531,Puma Men's Beige Relaxed Fit Athletic Running Shorts,shorts,Athletic Running Shorts,Men,Beige,M,Relaxed Fit,Cotton,Puma,1149,4.2,Summer,"Top-rated Puma athletic running shorts featuring premium Beige Cotton. Tailored to a comfortable Relaxed Fit, ideal for everyday wear during Summer."
PRD3532,Zara Unisex's Purple Regular Fit Casual Denim Shorts,shorts,Casual Denim Shorts,Unisex,Purple,XXL,Regular Fit,Polyester,Zara,1949,4.5,Spring,"Crafted from premium Polyester, this Zara Purple casual denim shorts offers exceptional comfort and durability for Spring wardrobe styling. Features a sleek Regular Fit design."
PRD3533,Aurelia Women's Beige Relaxed Fit Cargo Pocket Shorts,shorts,Cargo Pocket Shorts,Women,Beige,S,Relaxed Fit,Polyester,Aurelia,1949,4.7,Spring,Stay fashion-forward with this versatile Beige cargo pocket shorts from Aurelia. Includes a refined Relaxed Fit profile and high quality Polyester fabric.
PRD3534,Mango Women's Red Relaxed Fit Cargo Pocket Shorts,shorts,Cargo Pocket Shorts,Women,Red,XL,Relaxed Fit,Cotton,Mango,2199,3.8,Summer,"Top-rated Mango cargo pocket shorts featuring premium Red Cotton. Tailored to a comfortable Relaxed Fit, ideal for everyday wear during Summer."
PRD3535,H&M Unisex's Blue Regular Fit Cargo Pocket Shorts,shorts,Cargo Pocket Shorts,Unisex,Blue,XXL,Regular Fit,Linen,H&M,1849,4.0,Summer,"Top-rated H&M cargo pocket shorts featuring premium Blue Linen. Tailored to a comfortable Regular Fit, ideal for everyday wear during Summer."
PRD3536,Biba Women's Purple Relaxed Fit Cotton Chino Shorts,shorts,Cotton Chino Shorts,Women,Purple,XXL,Relaxed Fit,Denim,Biba,1699,4.2,Spring,"Elevate your look with this stylish Purple cotton chino shorts by Biba. Designed in a comfortable Relaxed Fit using high-grade Denim, perfect for casual or semi-formal outings."
PRD3537,Manyavar Men's Black Relaxed Fit Casual Denim Shorts,shorts,Casual Denim Shorts,Men,Black,S,Relaxed Fit,Linen,Manyavar,999,3.9,Spring,Stay fashion-forward with this versatile Black casual denim shorts from Manyavar. Includes a refined Relaxed Fit profile and high quality Linen fabric.
PRD3538,Nike Men's Olive Relaxed Fit Cotton Chino Shorts,shorts,Cotton Chino Shorts,Men,Olive,S,Relaxed Fit,Cotton,Nike,1799,4.8,Spring,"Top-rated Nike cotton chino shorts featuring premium Olive Cotton. Tailored to a comfortable Relaxed Fit, ideal for everyday wear during Spring."
PRD3539,Nike Unisex's Olive Relaxed Fit Cotton Chino Shorts,shorts,Cotton Chino Shorts,Unisex,Olive,XXL,Relaxed Fit,Linen,Nike,2249,3.7,Summer,"Crafted from premium Linen, this Nike Olive cotton chino shorts offers exceptional comfort and durability for Summer wardrobe styling. Features a sleek Relaxed Fit design."
PRD3540,Mango Women's Grey Relaxed Fit Casual Denim Shorts,shorts,Casual Denim Shorts,Women,Grey,S,Relaxed Fit,Cotton,Mango,1599,4.4,Summer,"Elevate your look with this stylish Grey casual denim shorts by Mango. Designed in a comfortable Relaxed Fit using high-grade Cotton, perfect for casual or semi-formal outings."
PRD3541,Mango Men's Grey Relaxed Fit Anarkali Kurta Set,ethnic wear,Anarkali Kurta Set,Men,Grey,M,Relaxed Fit,Rayon,Mango,3249,4.9,All-Season,"Top-rated Mango anarkali kurta set featuring premium Grey Rayon. Tailored to a comfortable Relaxed Fit, ideal for everyday wear during All-Season."
PRD3542,HRX Women's Black Regular Fit Festive Nehru Jacket,ethnic wear,Festive Nehru Jacket,Women,Black,S,Regular Fit,Rayon,HRX,4399,4.2,Spring,Stay fashion-forward with this versatile Black festive nehru jacket from HRX. Includes a refined Regular Fit profile and high quality Rayon fabric.
PRD3543,Manyavar Women's Purple Relaxed Fit Ethnic Bandhgala Suit,ethnic wear,Ethnic Bandhgala Suit,Women,Purple,M,Relaxed Fit,Rayon,Manyavar,3749,4.0,All-Season,Stay fashion-forward with this versatile Purple ethnic bandhgala suit from Manyavar. Includes a refined Relaxed Fit profile and high quality Rayon fabric.
PRD3544,Levi's Women's Red Relaxed Fit Embroidery Silk Kurta,ethnic wear,Embroidery Silk Kurta,Women,Red,M,Relaxed Fit,Cotton,Levi's,1799,4.0,All-Season,"Essential Levi's Women's embroidery silk kurta tailored with a modern Relaxed Fit. Made of soft, breathable Cotton in rich Red. Ideal choice for All-Season."
PRD3545,Zara Women's Olive Regular Fit Festive Nehru Jacket,ethnic wear,Festive Nehru Jacket,Women,Olive,S,Regular Fit,Silk,Zara,4899,4.4,All-Season,"Elevate your look with this stylish Olive festive nehru jacket by Zara. Designed in a comfortable Regular Fit using high-grade Silk, perfect for casual or semi-formal outings."
PRD3546,Manyavar Women's Green Regular Fit Festive Nehru Jacket,ethnic wear,Festive Nehru Jacket,Women,Green,XXL,Regular Fit,Silk,Manyavar,2699,3.7,Spring,"Crafted from premium Silk, this Manyavar Green festive nehru jacket offers exceptional comfort and durability for Spring wardrobe styling. Features a sleek Regular Fit design."
PRD3547,US Polo Assn Women's Beige Regular Fit Straight Printed Kurta,ethnic wear,Straight Printed Kurta,Women,Beige,S,Regular Fit,Rayon,US Polo Assn,2199,4.9,Summer,"Essential US Polo Assn Women's straight printed kurta tailored with a modern Regular Fit. Made of soft, breathable Rayon in rich Beige. Ideal choice for Summer."
PRD3548,Zara Women's Yellow Slim Fit Anarkali Kurta Set,ethnic wear,Anarkali Kurta Set,Women,Yellow,XL,Slim Fit,Cotton,Zara,1599,4.6,Spring,"Top-rated Zara anarkali kurta set featuring premium Yellow Cotton. Tailored to a comfortable Slim Fit, ideal for everyday wear during Spring."
PRD3549,Jack & Jones Women's Yellow Regular Fit Embroidery Silk Kurta,ethnic wear,Embroidery Silk Kurta,Women,Yellow,L,Regular Fit,Cotton,Jack & Jones,3149,4.0,All-Season,"Top-rated Jack & Jones embroidery silk kurta featuring premium Yellow Cotton. Tailored to a comfortable Regular Fit, ideal for everyday wear during All-Season."
PRD3550,US Polo Assn Women's Beige Relaxed Fit Festive Nehru Jacket,ethnic wear,Festive Nehru Jacket,Women,Beige,M,Relaxed Fit,Silk,US Polo Assn,4449,4.6,All-Season,Stay fashion-forward with this versatile Beige festive nehru jacket from US Polo Assn. Includes a refined Relaxed Fit profile and high quality Silk fabric.
PRD3551,US Polo Assn Men's Grey Regular Fit Straight Printed Kurta,ethnic wear,Straight Printed Kurta,Men,Grey,L,Regular Fit,Cotton,US Polo Assn,4899,3.8,Summer,Stay fashion-forward with this versatile Grey straight printed kurta from US Polo Assn. Includes a refined Regular Fit profile and high quality Cotton fabric.
PRD3552,Manyavar Men's Navy Relaxed Fit Anarkali Kurta Set,ethnic wear,Anarkali Kurta Set,Men,Navy,XL,Relaxed Fit,Silk,Manyavar,2299,4.4,Spring,"Elevate your look with this stylish Navy anarkali kurta set by Manyavar. Designed in a comfortable Relaxed Fit using high-grade Silk, perfect for casual or semi-formal outings."
PRD3553,Jack & Jones Men's Yellow Slim Fit Anarkali Kurta Set,ethnic wear,Anarkali Kurta Set,Men,Yellow,M,Slim Fit,Rayon,Jack & Jones,1299,3.7,Summer,"Crafted from premium Rayon, this Jack & Jones Yellow anarkali kurta set offers exceptional comfort and durability for Summer wardrobe styling. Features a sleek Slim Fit design."
PRD3554,Tommy Hilfiger Women's Maroon Relaxed Fit Ethnic Bandhgala Suit,ethnic wear,Ethnic Bandhgala Suit,Women,Maroon,M,Relaxed Fit,Silk,Tommy Hilfiger,2849,3.8,Summer,"Essential Tommy Hilfiger Women's ethnic bandhgala suit tailored with a modern Relaxed Fit. Made of soft, breathable Silk in rich Maroon. Ideal choice for Summer."
PRD3555,H&M Women's Blue Relaxed Fit Embroidery Silk Kurta,ethnic wear,Embroidery Silk Kurta,Women,Blue,L,Relaxed Fit,Silk,H&M,2999,4.4,Summer,Stay fashion-forward with this versatile Blue embroidery silk kurta from H&M. Includes a refined Relaxed Fit profile and high quality Silk fabric.
PRD3556,Levi's Men's Green Slim Fit Embroidery Silk Kurta,ethnic wear,Embroidery Silk Kurta,Men,Green,L,Slim Fit,Silk,Levi's,4149,3.8,Spring,"Crafted from premium Silk, this Levi's Green embroidery silk kurta offers exceptional comfort and durability for Spring wardrobe styling. Features a sleek Slim Fit design."
PRD3557,W Women's Yellow Slim Fit Ethnic Bandhgala Suit,ethnic wear,Ethnic Bandhgala Suit,Women,Yellow,XL,Slim Fit,Rayon,W,3149,4.6,All-Season,"Top-rated W ethnic bandhgala suit featuring premium Yellow Rayon. Tailored to a comfortable Slim Fit, ideal for everyday wear during All-Season."
PRD3558,Nike Men's Beige Regular Fit Embroidery Silk Kurta,ethnic wear,Embroidery Silk Kurta,Men,Beige,M,Regular Fit,Silk,Nike,2349,3.6,All-Season,"Crafted from premium Silk, this Nike Beige embroidery silk kurta offers exceptional comfort and durability for All-Season wardrobe styling. Features a sleek Regular Fit design."
PRD3559,Biba Men's Olive Slim Fit Ethnic Bandhgala Suit,ethnic wear,Ethnic Bandhgala Suit,Men,Olive,L,Slim Fit,Cotton,Biba,3199,4.5,All-Season,Stay fashion-forward with this versatile Olive ethnic bandhgala suit from Biba. Includes a refined Slim Fit profile and high quality Cotton fabric.
PRD3560,Zara Women's Purple Relaxed Fit Ethnic Bandhgala Suit,ethnic wear,Ethnic Bandhgala Suit,Women,Purple,XL,Relaxed Fit,Cotton,Zara,4649,3.9,Summer,"Elevate your look with this stylish Purple ethnic bandhgala suit by Zara. Designed in a comfortable Relaxed Fit using high-grade Cotton, perfect for casual or semi-formal outings."
PRD3561,Under Armour Women's Green Relaxed Fit Anarkali Kurta Set,ethnic wear,Anarkali Kurta Set,Women,Green,M,Relaxed Fit,Rayon,Under Armour,1199,4.7,All-Season,Stay fashion-forward with this versatile Green anarkali kurta set from Under Armour. Includes a refined Relaxed Fit profile and high quality Rayon fabric.
PRD3562,W Women's Maroon Regular Fit Straight Printed Kurta,ethnic wear,Straight Printed Kurta,Women,Maroon,M,Regular Fit,Cotton,W,4399,4.1,Summer,Stay fashion-forward with this versatile Maroon straight printed kurta from W. Includes a refined Regular Fit profile and high quality Cotton fabric.
PRD3563,Nike Women's Grey Slim Fit Ethnic Bandhgala Suit,ethnic wear,Ethnic Bandhgala Suit,Women,Grey,S,Slim Fit,Silk,Nike,2099,5.0,All-Season,Stay fashion-forward with this versatile Grey ethnic bandhgala suit from Nike. Includes a refined Slim Fit profile and high quality Silk fabric.
PRD3564,Puma Men's Brown Regular Fit Festive Nehru Jacket,ethnic wear,Festive Nehru Jacket,Men,Brown,M,Regular Fit,Cotton,Puma,2799,3.9,All-Season,"Top-rated Puma festive nehru jacket featuring premium Brown Cotton. Tailored to a comfortable Regular Fit, ideal for everyday wear during All-Season."
PRD3565,Aurelia Men's Red Relaxed Fit Straight Printed Kurta,ethnic wear,Straight Printed Kurta,Men,Red,XXL,Relaxed Fit,Silk,Aurelia,2799,4.8,Spring,Stay fashion-forward with this versatile Red straight printed kurta from Aurelia. Includes a refined Relaxed Fit profile and high quality Silk fabric.
PRD3566,W Men's Blue Slim Fit Ethnic Bandhgala Suit,ethnic wear,Ethnic Bandhgala Suit,Men,Blue,S,Slim Fit,Silk,W,3649,3.7,Summer,"Essential W Men's ethnic bandhgala suit tailored with a modern Slim Fit. Made of soft, breathable Silk in rich Blue. Ideal choice for Summer."
PRD3567,Adidas Men's Green Slim Fit Embroidery Silk Kurta,ethnic wear,Embroidery Silk Kurta,Men,Green,M,Slim Fit,Cotton,Adidas,2699,3.9,Summer,"Essential Adidas Men's embroidery silk kurta tailored with a modern Slim Fit. Made of soft, breathable Cotton in rich Green. Ideal choice for Summer."
PRD3568,H&M Women's Purple Slim Fit Embroidery Silk Kurta,ethnic wear,Embroidery Silk Kurta,Women,Purple,L,Slim Fit,Silk,H&M,2099,4.8,Spring,Stay fashion-forward with this versatile Purple embroidery silk kurta from H&M. Includes a refined Slim Fit profile and high quality Silk fabric.
PRD3569,Zara Women's Red Slim Fit Straight Printed Kurta,ethnic wear,Straight Printed Kurta,Women,Red,M,Slim Fit,Cotton,Zara,1499,4.4,Spring,"Essential Zara Women's straight printed kurta tailored with a modern Slim Fit. Made of soft, breathable Cotton in rich Red. Ideal choice for Spring."
PRD3570,Biba Women's Navy Relaxed Fit Ethnic Bandhgala Suit,ethnic wear,Ethnic Bandhgala Suit,Women,Navy,M,Relaxed Fit,Cotton,Biba,4949,4.5,Summer,Stay fashion-forward with this versatile Navy ethnic bandhgala suit from Biba. Includes a refined Relaxed Fit profile and high quality Cotton fabric.
PRD3571,Adidas Women's Pink Regular Fit Straight Printed Kurta,ethnic wear,Straight Printed Kurta,Women,Pink,XXL,Regular Fit,Cotton,Adidas,3599,3.5,All-Season,"Elevate your look with this stylish Pink straight printed kurta by Adidas. Designed in a comfortable Regular Fit using high-grade Cotton, perfect for casual or semi-formal outings."
PRD3572,Tommy Hilfiger Men's Maroon Relaxed Fit Festive Nehru Jacket,ethnic wear,Festive Nehru Jacket,Men,Maroon,L,Relaxed Fit,Cotton,Tommy Hilfiger,3049,4.8,Spring,Stay fashion-forward with this versatile Maroon festive nehru jacket from Tommy Hilfiger. Includes a refined Relaxed Fit profile and high quality Cotton fabric.
PRD3573,Mango Men's Yellow Relaxed Fit Anarkali Kurta Set,ethnic wear,Anarkali Kurta Set,Men,Yellow,S,Relaxed Fit,Cotton,Mango,3449,4.2,Summer,"Elevate your look with this stylish Yellow anarkali kurta set by Mango. Designed in a comfortable Relaxed Fit using high-grade Cotton, perfect for casual or semi-formal outings."
PRD3574,Puma Women's Navy Slim Fit Straight Printed Kurta,ethnic wear,Straight Printed Kurta,Women,Navy,S,Slim Fit,Silk,Puma,4049,4.5,Summer,"Essential Puma Women's straight printed kurta tailored with a modern Slim Fit. Made of soft, breathable Silk in rich Navy. Ideal choice for Summer."
PRD3575,Under Armour Men's Navy Regular Fit Anarkali Kurta Set,ethnic wear,Anarkali Kurta Set,Men,Navy,XXL,Regular Fit,Cotton,Under Armour,4749,4.3,Spring,Stay fashion-forward with this versatile Navy anarkali kurta set from Under Armour. Includes a refined Regular Fit profile and high quality Cotton fabric.
PRD3576,Under Armour Men's Blue Regular Fit Festive Nehru Jacket,ethnic wear,Festive Nehru Jacket,Men,Blue,L,Regular Fit,Rayon,Under Armour,1099,4.4,All-Season,"Essential Under Armour Men's festive nehru jacket tailored with a modern Regular Fit. Made of soft, breathable Rayon in rich Blue. Ideal choice for All-Season."
PRD3577,Puma Women's Olive Slim Fit Embroidery Silk Kurta,ethnic wear,Embroidery Silk Kurta,Women,Olive,XXL,Slim Fit,Silk,Puma,2549,3.6,All-Season,"Top-rated Puma embroidery silk kurta featuring premium Olive Silk. Tailored to a comfortable Slim Fit, ideal for everyday wear during All-Season."
PRD3578,W Men's Black Regular Fit Ethnic Bandhgala Suit,ethnic wear,Ethnic Bandhgala Suit,Men,Black,XXL,Regular Fit,Rayon,W,4899,4.9,Summer,"Crafted from premium Rayon, this W Black ethnic bandhgala suit offers exceptional comfort and durability for Summer wardrobe styling. Features a sleek Regular Fit design."
PRD3579,US Polo Assn Men's Navy Regular Fit Anarkali Kurta Set,ethnic wear,Anarkali Kurta Set,Men,Navy,M,Regular Fit,Cotton,US Polo Assn,4499,4.2,Spring,Stay fashion-forward with this versatile Navy anarkali kurta set from US Polo Assn. Includes a refined Regular Fit profile and high quality Cotton fabric.
PRD3580,FabIndia Men's Beige Relaxed Fit Straight Printed Kurta,ethnic wear,Straight Printed Kurta,Men,Beige,XL,Relaxed Fit,Cotton,FabIndia,1749,3.6,Summer,Stay fashion-forward with this versatile Beige straight printed kurta from FabIndia. Includes a refined Relaxed Fit profile and high quality Cotton fabric.
PRD3581,Manyavar Women's Green Regular Fit Festive Nehru Jacket,ethnic wear,Festive Nehru Jacket,Women,Green,S,Regular Fit,Silk,Manyavar,4299,4.5,Spring,"Crafted from premium Silk, this Manyavar Green festive nehru jacket offers exceptional comfort and durability for Spring wardrobe styling. Features a sleek Regular Fit design."
PRD3582,Roadster Men's Red Relaxed Fit Embroidery Silk Kurta,ethnic wear,Embroidery Silk Kurta,Men,Red,L,Relaxed Fit,Cotton,Roadster,2449,4.6,Spring,"Elevate your look with this stylish Red embroidery silk kurta by Roadster. Designed in a comfortable Relaxed Fit using high-grade Cotton, perfect for casual or semi-formal outings."
PRD3583,Levi's Men's Black Regular Fit Embroidery Silk Kurta,ethnic wear,Embroidery Silk Kurta,Men,Black,M,Regular Fit,Cotton,Levi's,4499,4.8,All-Season,"Essential Levi's Men's embroidery silk kurta tailored with a modern Regular Fit. Made of soft, breathable Cotton in rich Black. Ideal choice for All-Season."
PRD3584,Levi's Men's White Slim Fit Festive Nehru Jacket,ethnic wear,Festive Nehru Jacket,Men,White,S,Slim Fit,Rayon,Levi's,3349,4.7,All-Season,"Crafted from premium Rayon, this Levi's White festive nehru jacket offers exceptional comfort and durability for All-Season wardrobe styling. Features a sleek Slim Fit design."
PRD3585,Biba Women's Black Regular Fit Embroidery Silk Kurta,ethnic wear,Embroidery Silk Kurta,Women,Black,L,Regular Fit,Silk,Biba,3599,4.6,All-Season,"Top-rated Biba embroidery silk kurta featuring premium Black Silk. Tailored to a comfortable Regular Fit, ideal for everyday wear during All-Season."
PRD3586,Roadster Men's Purple Slim Fit Straight Printed Kurta,ethnic wear,Straight Printed Kurta,Men,Purple,M,Slim Fit,Silk,Roadster,2149,3.7,All-Season,"Elevate your look with this stylish Purple straight printed kurta by Roadster. Designed in a comfortable Slim Fit using high-grade Silk, perfect for casual or semi-formal outings."
PRD3587,Adidas Men's Navy Regular Fit Straight Printed Kurta,ethnic wear,Straight Printed Kurta,Men,Navy,M,Regular Fit,Rayon,Adidas,2399,3.6,All-Season,Stay fashion-forward with this versatile Navy straight printed kurta from Adidas. Includes a refined Regular Fit profile and high quality Rayon fabric.
PRD3588,Roadster Men's Olive Relaxed Fit Straight Printed Kurta,ethnic wear,Straight Printed Kurta,Men,Olive,S,Relaxed Fit,Rayon,Roadster,1899,4.6,All-Season,"Essential Roadster Men's straight printed kurta tailored with a modern Relaxed Fit. Made of soft, breathable Rayon in rich Olive. Ideal choice for All-Season."
PRD3589,Aurelia Men's Red Relaxed Fit Festive Nehru Jacket,ethnic wear,Festive Nehru Jacket,Men,Red,M,Relaxed Fit,Cotton,Aurelia,2399,4.0,All-Season,"Top-rated Aurelia festive nehru jacket featuring premium Red Cotton. Tailored to a comfortable Relaxed Fit, ideal for everyday wear during All-Season."
PRD3590,Biba Men's White Regular Fit Straight Printed Kurta,ethnic wear,Straight Printed Kurta,Men,White,L,Regular Fit,Rayon,Biba,3699,4.7,Summer,Stay fashion-forward with this versatile White straight printed kurta from Biba. Includes a refined Regular Fit profile and high quality Rayon fabric.
PRD3591,US Polo Assn Men's Red Slim Fit Festive Nehru Jacket,ethnic wear,Festive Nehru Jacket,Men,Red,XL,Slim Fit,Cotton,US Polo Assn,3399,4.7,Summer,"Essential US Polo Assn Men's festive nehru jacket tailored with a modern Slim Fit. Made of soft, breathable Cotton in rich Red. Ideal choice for Summer."
PRD3592,Jack & Jones Men's White Slim Fit Embroidery Silk Kurta,ethnic wear,Embroidery Silk Kurta,Men,White,XL,Slim Fit,Rayon,Jack & Jones,4499,3.8,Summer,"Elevate your look with this stylish White embroidery silk kurta by Jack & Jones. Designed in a comfortable Slim Fit using high-grade Rayon, perfect for casual or semi-formal outings."
PRD3593,Zara Women's Red Slim Fit Ethnic Bandhgala Suit,ethnic wear,Ethnic Bandhgala Suit,Women,Red,XL,Slim Fit,Silk,Zara,2949,3.9,Summer,"Top-rated Zara ethnic bandhgala suit featuring premium Red Silk. Tailored to a comfortable Slim Fit, ideal for everyday wear during Summer."
PRD3594,Aurelia Men's Pink Slim Fit Festive Nehru Jacket,ethnic wear,Festive Nehru Jacket,Men,Pink,XL,Slim Fit,Cotton,Aurelia,1749,4.0,Spring,"Elevate your look with this stylish Pink festive nehru jacket by Aurelia. Designed in a comfortable Slim Fit using high-grade Cotton, perfect for casual or semi-formal outings."
PRD3595,Biba Women's Purple Slim Fit Embroidery Silk Kurta,ethnic wear,Embroidery Silk Kurta,Women,Purple,L,Slim Fit,Rayon,Biba,4949,4.6,All-Season,Stay fashion-forward with this versatile Purple embroidery silk kurta from Biba. Includes a refined Slim Fit profile and high quality Rayon fabric.
PRD3596,FabIndia Men's Purple Relaxed Fit Festive Nehru Jacket,ethnic wear,Festive Nehru Jacket,Men,Purple,XXL,Relaxed Fit,Rayon,FabIndia,4399,4.1,All-Season,"Crafted from premium Rayon, this FabIndia Purple festive nehru jacket offers exceptional comfort and durability for All-Season wardrobe styling. Features a sleek Relaxed Fit design."
PRD3597,Adidas Women's Red Regular Fit Embroidery Silk Kurta,ethnic wear,Embroidery Silk Kurta,Women,Red,L,Regular Fit,Silk,Adidas,2299,3.9,Summer,Stay fashion-forward with this versatile Red embroidery silk kurta from Adidas. Includes a refined Regular Fit profile and high quality Silk fabric.
PRD3598,Adidas Women's Maroon Slim Fit Embroidery Silk Kurta,ethnic wear,Embroidery Silk Kurta,Women,Maroon,L,Slim Fit,Rayon,Adidas,2699,4.3,All-Season,Stay fashion-forward with this versatile Maroon embroidery silk kurta from Adidas. Includes a refined Slim Fit profile and high quality Rayon fabric.
PRD3599,Roadster Women's Maroon Regular Fit Ethnic Bandhgala Suit,ethnic wear,Ethnic Bandhgala Suit,Women,Maroon,M,Regular Fit,Cotton,Roadster,4149,4.2,Spring,"Top-rated Roadster ethnic bandhgala suit featuring premium Maroon Cotton. Tailored to a comfortable Regular Fit, ideal for everyday wear during Spring."
PRD3600,Roadster Men's Navy Slim Fit Festive Nehru Jacket,ethnic wear,Festive Nehru Jacket,Men,Navy,XL,Slim Fit,Cotton,Roadster,4399,4.9,All-Season,"Top-rated Roadster festive nehru jacket featuring premium Navy Cotton. Tailored to a comfortable Slim Fit, ideal for everyday wear during All-Season."
PRD3601,Puma Women's Red Relaxed Fit Festive Nehru Jacket,ethnic wear,Festive Nehru Jacket,Women,Red,XXL,Relaxed Fit,Silk,Puma,3649,4.3,Spring,Stay fashion-forward with this versatile Red festive nehru jacket from Puma. Includes a refined Relaxed Fit profile and high quality Silk fabric.
PRD3602,Puma Men's Grey Regular Fit Ethnic Bandhgala Suit,ethnic wear,Ethnic Bandhgala Suit,Men,Grey,XXL,Regular Fit,Silk,Puma,2199,3.9,Summer,Stay fashion-forward with this versatile Grey ethnic bandhgala suit from Puma. Includes a refined Regular Fit profile and high quality Silk fabric.
PRD3603,Under Armour Men's Grey Regular Fit Anarkali Kurta Set,ethnic wear,Anarkali Kurta Set,Men,Grey,XXL,Regular Fit,Silk,Under Armour,1649,3.7,All-Season,"Top-rated Under Armour anarkali kurta set featuring premium Grey Silk. Tailored to a comfortable Regular Fit, ideal for everyday wear during All-Season."
PRD3604,Allen Solly Men's Black Regular Fit Embroidery Silk Kurta,ethnic wear,Embroidery Silk Kurta,Men,Black,M,Regular Fit,Cotton,Allen Solly,4849,3.7,Spring,"Crafted from premium Cotton, this Allen Solly Black embroidery silk kurta offers exceptional comfort and durability for Spring wardrobe styling. Features a sleek Regular Fit design."
PRD3605,Mango Men's Blue Slim Fit Anarkali Kurta Set,ethnic wear,Anarkali Kurta Set,Men,Blue,XL,Slim Fit,Rayon,Mango,4899,4.9,Summer,"Crafted from premium Rayon, this Mango Blue anarkali kurta set offers exceptional comfort and durability for Summer wardrobe styling. Features a sleek Slim Fit design."
PRD3606,Aurelia Women's Maroon Slim Fit Anarkali Kurta Set,ethnic wear,Anarkali Kurta Set,Women,Maroon,S,Slim Fit,Rayon,Aurelia,2049,5.0,All-Season,"Essential Aurelia Women's anarkali kurta set tailored with a modern Slim Fit. Made of soft, breathable Rayon in rich Maroon. Ideal choice for All-Season."
PRD3607,Biba Women's Brown Slim Fit Anarkali Kurta Set,ethnic wear,Anarkali Kurta Set,Women,Brown,L,Slim Fit,Silk,Biba,3249,4.8,All-Season,"Top-rated Biba anarkali kurta set featuring premium Brown Silk. Tailored to a comfortable Slim Fit, ideal for everyday wear during All-Season."
PRD3608,FabIndia Women's Navy Slim Fit Embroidery Silk Kurta,ethnic wear,Embroidery Silk Kurta,Women,Navy,XXL,Slim Fit,Cotton,FabIndia,1849,4.2,All-Season,"Top-rated FabIndia embroidery silk kurta featuring premium Navy Cotton. Tailored to a comfortable Slim Fit, ideal for everyday wear during All-Season."
PRD3609,Under Armour Men's Red Slim Fit Festive Nehru Jacket,ethnic wear,Festive Nehru Jacket,Men,Red,XXL,Slim Fit,Rayon,Under Armour,1649,5.0,Spring,"Crafted from premium Rayon, this Under Armour Red festive nehru jacket offers exceptional comfort and durability for Spring wardrobe styling. Features a sleek Slim Fit design."
PRD3610,FabIndia Women's Maroon Slim Fit Embroidery Silk Kurta,ethnic wear,Embroidery Silk Kurta,Women,Maroon,S,Slim Fit,Rayon,FabIndia,4349,4.2,Spring,"Crafted from premium Rayon, this FabIndia Maroon embroidery silk kurta offers exceptional comfort and durability for Spring wardrobe styling. Features a sleek Slim Fit design."
PRD3611,HRX Men's Red Slim Fit Ethnic Bandhgala Suit,ethnic wear,Ethnic Bandhgala Suit,Men,Red,S,Slim Fit,Cotton,HRX,1249,3.7,Summer,Stay fashion-forward with this versatile Red ethnic bandhgala suit from HRX. Includes a refined Slim Fit profile and high quality Cotton fabric.
PRD3612,Nike Women's Brown Relaxed Fit Anarkali Kurta Set,ethnic wear,Anarkali Kurta Set,Women,Brown,XL,Relaxed Fit,Cotton,Nike,2999,4.4,All-Season,"Essential Nike Women's anarkali kurta set tailored with a modern Relaxed Fit. Made of soft, breathable Cotton in rich Brown. Ideal choice for All-Season."
PRD3613,Under Armour Men's Red Regular Fit Straight Printed Kurta,ethnic wear,Straight Printed Kurta,Men,Red,L,Regular Fit,Cotton,Under Armour,2749,4.2,Spring,Stay fashion-forward with this versatile Red straight printed kurta from Under Armour. Includes a refined Regular Fit profile and high quality Cotton fabric.
PRD3614,Mango Women's Yellow Regular Fit Anarkali Kurta Set,ethnic wear,Anarkali Kurta Set,Women,Yellow,XXL,Regular Fit,Silk,Mango,3149,3.6,All-Season,"Crafted from premium Silk, this Mango Yellow anarkali kurta set offers exceptional comfort and durability for All-Season wardrobe styling. Features a sleek Regular Fit design."
PRD3615,H&M Women's Pink Regular Fit Embroidery Silk Kurta,ethnic wear,Embroidery Silk Kurta,Women,Pink,L,Regular Fit,Cotton,H&M,1699,3.7,All-Season,"Crafted from premium Cotton, this H&M Pink embroidery silk kurta offers exceptional comfort and durability for All-Season wardrobe styling. Features a sleek Regular Fit design."
PRD3616,US Polo Assn Men's Brown Regular Fit Ethnic Bandhgala Suit,ethnic wear,Ethnic Bandhgala Suit,Men,Brown,M,Regular Fit,Cotton,US Polo Assn,1299,3.7,Spring,"Top-rated US Polo Assn ethnic bandhgala suit featuring premium Brown Cotton. Tailored to a comfortable Regular Fit, ideal for everyday wear during Spring."
PRD3617,HRX Men's Grey Relaxed Fit Embroidery Silk Kurta,ethnic wear,Embroidery Silk Kurta,Men,Grey,S,Relaxed Fit,Cotton,HRX,1299,3.9,Summer,"Elevate your look with this stylish Grey embroidery silk kurta by HRX. Designed in a comfortable Relaxed Fit using high-grade Cotton, perfect for casual or semi-formal outings."
PRD3618,Nike Women's Yellow Relaxed Fit Anarkali Kurta Set,ethnic wear,Anarkali Kurta Set,Women,Yellow,XXL,Relaxed Fit,Silk,Nike,3099,4.8,Spring,"Crafted from premium Silk, this Nike Yellow anarkali kurta set offers exceptional comfort and durability for Spring wardrobe styling. Features a sleek Relaxed Fit design."
PRD3619,Allen Solly Men's Blue Slim Fit Festive Nehru Jacket,ethnic wear,Festive Nehru Jacket,Men,Blue,XL,Slim Fit,Cotton,Allen Solly,1749,4.2,Summer,"Top-rated Allen Solly festive nehru jacket featuring premium Blue Cotton. Tailored to a comfortable Slim Fit, ideal for everyday wear during Summer."
PRD3620,Nike Women's Black Regular Fit Anarkali Kurta Set,ethnic wear,Anarkali Kurta Set,Women,Black,S,Regular Fit,Silk,Nike,1699,4.7,Spring,"Crafted from premium Silk, this Nike Black anarkali kurta set offers exceptional comfort and durability for Spring wardrobe styling. Features a sleek Regular Fit design."
PRD3621,Allen Solly Men's Pink Relaxed Fit Anarkali Kurta Set,ethnic wear,Anarkali Kurta Set,Men,Pink,M,Relaxed Fit,Silk,Allen Solly,3449,4.9,All-Season,"Crafted from premium Silk, this Allen Solly Pink anarkali kurta set offers exceptional comfort and durability for All-Season wardrobe styling. Features a sleek Relaxed Fit design."
PRD3622,FabIndia Men's Green Regular Fit Ethnic Bandhgala Suit,ethnic wear,Ethnic Bandhgala Suit,Men,Green,XXL,Regular Fit,Cotton,FabIndia,4749,4.8,All-Season,"Essential FabIndia Men's ethnic bandhgala suit tailored with a modern Regular Fit. Made of soft, breathable Cotton in rich Green. Ideal choice for All-Season."
PRD3623,Tommy Hilfiger Women's Maroon Regular Fit Anarkali Kurta Set,ethnic wear,Anarkali Kurta Set,Women,Maroon,XL,Regular Fit,Rayon,Tommy Hilfiger,4899,4.8,All-Season,"Essential Tommy Hilfiger Women's anarkali kurta set tailored with a modern Regular Fit. Made of soft, breathable Rayon in rich Maroon. Ideal choice for All-Season."
PRD3624,Mango Women's Purple Slim Fit Embroidery Silk Kurta,ethnic wear,Embroidery Silk Kurta,Women,Purple,S,Slim Fit,Cotton,Mango,2949,4.3,Summer,"Crafted from premium Cotton, this Mango Purple embroidery silk kurta offers exceptional comfort and durability for Summer wardrobe styling. Features a sleek Slim Fit design."
PRD3625,Zara Women's Pink Regular Fit Embroidery Silk Kurta,ethnic wear,Embroidery Silk Kurta,Women,Pink,S,Regular Fit,Rayon,Zara,3299,3.8,Spring,"Elevate your look with this stylish Pink embroidery silk kurta by Zara. Designed in a comfortable Regular Fit using high-grade Rayon, perfect for casual or semi-formal outings."
PRD3626,Nike Women's Black Regular Fit Festive Nehru Jacket,ethnic wear,Festive Nehru Jacket,Women,Black,S,Regular Fit,Rayon,Nike,3699,3.8,All-Season,"Crafted from premium Rayon, this Nike Black festive nehru jacket offers exceptional comfort and durability for All-Season wardrobe styling. Features a sleek Regular Fit design."
PRD3627,HRX Women's Olive Regular Fit Ethnic Bandhgala Suit,ethnic wear,Ethnic Bandhgala Suit,Women,Olive,XL,Regular Fit,Silk,HRX,3049,4.7,All-Season,"Essential HRX Women's ethnic bandhgala suit tailored with a modern Regular Fit. Made of soft, breathable Silk in rich Olive. Ideal choice for All-Season."
PRD3628,FabIndia Men's Brown Relaxed Fit Festive Nehru Jacket,ethnic wear,Festive Nehru Jacket,Men,Brown,L,Relaxed Fit,Silk,FabIndia,1599,3.5,Summer,"Essential FabIndia Men's festive nehru jacket tailored with a modern Relaxed Fit. Made of soft, breathable Silk in rich Brown. Ideal choice for Summer."
PRD3629,US Polo Assn Men's Maroon Slim Fit Embroidery Silk Kurta,ethnic wear,Embroidery Silk Kurta,Men,Maroon,XXL,Slim Fit,Rayon,US Polo Assn,3249,4.3,Summer,"Essential US Polo Assn Men's embroidery silk kurta tailored with a modern Slim Fit. Made of soft, breathable Rayon in rich Maroon. Ideal choice for Summer."
PRD3630,HRX Women's Yellow Relaxed Fit Embroidery Silk Kurta,ethnic wear,Embroidery Silk Kurta,Women,Yellow,S,Relaxed Fit,Rayon,HRX,1199,4.1,All-Season,"Top-rated HRX embroidery silk kurta featuring premium Yellow Rayon. Tailored to a comfortable Relaxed Fit, ideal for everyday wear during All-Season."
PRD3631,Tommy Hilfiger Women's Navy Relaxed Fit Embroidery Silk Kurta,ethnic wear,Embroidery Silk Kurta,Women,Navy,L,Relaxed Fit,Silk,Tommy Hilfiger,3949,4.7,All-Season,"Essential Tommy Hilfiger Women's embroidery silk kurta tailored with a modern Relaxed Fit. Made of soft, breathable Silk in rich Navy. Ideal choice for All-Season."
PRD3632,Roadster Women's Olive Relaxed Fit Anarkali Kurta Set,ethnic wear,Anarkali Kurta Set,Women,Olive,M,Relaxed Fit,Cotton,Roadster,4149,4.1,Spring,"Essential Roadster Women's anarkali kurta set tailored with a modern Relaxed Fit. Made of soft, breathable Cotton in rich Olive. Ideal choice for Spring."
PRD3633,Biba Men's Green Slim Fit Festive Nehru Jacket,ethnic wear,Festive Nehru Jacket,Men,Green,S,Slim Fit,Cotton,Biba,1299,3.6,Spring,"Essential Biba Men's festive nehru jacket tailored with a modern Slim Fit. Made of soft, breathable Cotton in rich Green. Ideal choice for Spring."
PRD3634,Nike Men's Purple Slim Fit Anarkali Kurta Set,ethnic wear,Anarkali Kurta Set,Men,Purple,XL,Slim Fit,Rayon,Nike,2449,3.9,Summer,"Top-rated Nike anarkali kurta set featuring premium Purple Rayon. Tailored to a comfortable Slim Fit, ideal for everyday wear during Summer."
PRD3635,Jack & Jones Men's Black Relaxed Fit Straight Printed Kurta,ethnic wear,Straight Printed Kurta,Men,Black,XXL,Relaxed Fit,Silk,Jack & Jones,1449,4.5,Spring,"Crafted from premium Silk, this Jack & Jones Black straight printed kurta offers exceptional comfort and durability for Spring wardrobe styling. Features a sleek Relaxed Fit design."
PRD3636,Mango Men's Black Slim Fit Anarkali Kurta Set,ethnic wear,Anarkali Kurta Set,Men,Black,M,Slim Fit,Silk,Mango,1899,3.7,All-Season,"Elevate your look with this stylish Black anarkali kurta set by Mango. Designed in a comfortable Slim Fit using high-grade Silk, perfect for casual or semi-formal outings."
PRD3637,Roadster Men's Yellow Regular Fit Anarkali Kurta Set,ethnic wear,Anarkali Kurta Set,Men,Yellow,XXL,Regular Fit,Cotton,Roadster,2249,3.9,All-Season,"Top-rated Roadster anarkali kurta set featuring premium Yellow Cotton. Tailored to a comfortable Regular Fit, ideal for everyday wear during All-Season."
PRD3638,Adidas Women's Purple Regular Fit Embroidery Silk Kurta,ethnic wear,Embroidery Silk Kurta,Women,Purple,L,Regular Fit,Rayon,Adidas,3399,3.5,All-Season,"Essential Adidas Women's embroidery silk kurta tailored with a modern Regular Fit. Made of soft, breathable Rayon in rich Purple. Ideal choice for All-Season."
PRD3639,H&M Women's Beige Relaxed Fit Straight Printed Kurta,ethnic wear,Straight Printed Kurta,Women,Beige,L,Relaxed Fit,Cotton,H&M,1799,4.6,All-Season,"Elevate your look with this stylish Beige straight printed kurta by H&M. Designed in a comfortable Relaxed Fit using high-grade Cotton, perfect for casual or semi-formal outings."
PRD3640,W Women's Red Slim Fit Straight Printed Kurta,ethnic wear,Straight Printed Kurta,Women,Red,M,Slim Fit,Silk,W,2049,4.9,All-Season,"Crafted from premium Silk, this W Red straight printed kurta offers exceptional comfort and durability for All-Season wardrobe styling. Features a sleek Slim Fit design."
PRD3641,HRX Men's Olive Relaxed Fit Festive Nehru Jacket,ethnic wear,Festive Nehru Jacket,Men,Olive,XL,Relaxed Fit,Rayon,HRX,1299,4.4,Spring,Stay fashion-forward with this versatile Olive festive nehru jacket from HRX. Includes a refined Relaxed Fit profile and high quality Rayon fabric.
PRD3642,Manyavar Men's White Relaxed Fit Anarkali Kurta Set,ethnic wear,Anarkali Kurta Set,Men,White,S,Relaxed Fit,Cotton,Manyavar,3449,3.7,All-Season,"Essential Manyavar Men's anarkali kurta set tailored with a modern Relaxed Fit. Made of soft, breathable Cotton in rich White. Ideal choice for All-Season."
PRD3643,Tommy Hilfiger Women's Blue Relaxed Fit Anarkali Kurta Set,ethnic wear,Anarkali Kurta Set,Women,Blue,XXL,Relaxed Fit,Silk,Tommy Hilfiger,1749,4.9,All-Season,"Essential Tommy Hilfiger Women's anarkali kurta set tailored with a modern Relaxed Fit. Made of soft, breathable Silk in rich Blue. Ideal choice for All-Season."
PRD3644,US Polo Assn Women's Brown Slim Fit Embroidery Silk Kurta,ethnic wear,Embroidery Silk Kurta,Women,Brown,M,Slim Fit,Silk,US Polo Assn,1249,3.8,Summer,"Top-rated US Polo Assn embroidery silk kurta featuring premium Brown Silk. Tailored to a comfortable Slim Fit, ideal for everyday wear during Summer."
PRD3645,Aurelia Men's Black Slim Fit Ethnic Bandhgala Suit,ethnic wear,Ethnic Bandhgala Suit,Men,Black,XL,Slim Fit,Cotton,Aurelia,1199,4.5,Spring,"Elevate your look with this stylish Black ethnic bandhgala suit by Aurelia. Designed in a comfortable Slim Fit using high-grade Cotton, perfect for casual or semi-formal outings."
PRD3646,Jack & Jones Men's Olive Regular Fit Ethnic Bandhgala Suit,ethnic wear,Ethnic Bandhgala Suit,Men,Olive,XXL,Regular Fit,Cotton,Jack & Jones,4599,3.9,All-Season,"Elevate your look with this stylish Olive ethnic bandhgala suit by Jack & Jones. Designed in a comfortable Regular Fit using high-grade Cotton, perfect for casual or semi-formal outings."
PRD3647,Biba Men's Navy Slim Fit Ethnic Bandhgala Suit,ethnic wear,Ethnic Bandhgala Suit,Men,Navy,L,Slim Fit,Rayon,Biba,4999,4.7,Spring,"Top-rated Biba ethnic bandhgala suit featuring premium Navy Rayon. Tailored to a comfortable Slim Fit, ideal for everyday wear during Spring."
PRD3648,Under Armour Men's Yellow Slim Fit Festive Nehru Jacket,ethnic wear,Festive Nehru Jacket,Men,Yellow,S,Slim Fit,Cotton,Under Armour,4399,4.4,Summer,Stay fashion-forward with this versatile Yellow festive nehru jacket from Under Armour. Includes a refined Slim Fit profile and high quality Cotton fabric.
PRD3649,Under Armour Women's Navy Regular Fit Straight Printed Kurta,ethnic wear,Straight Printed Kurta,Women,Navy,XXL,Regular Fit,Rayon,Under Armour,4499,3.5,Summer,"Crafted from premium Rayon, this Under Armour Navy straight printed kurta offers exceptional comfort and durability for Summer wardrobe styling. Features a sleek Regular Fit design."
PRD3650,Zara Women's Grey Slim Fit Embroidery Silk Kurta,ethnic wear,Embroidery Silk Kurta,Women,Grey,XL,Slim Fit,Cotton,Zara,3199,4.1,All-Season,"Crafted from premium Cotton, this Zara Grey embroidery silk kurta offers exceptional comfort and durability for All-Season wardrobe styling. Features a sleek Slim Fit design."
PRD3651,H&M Women's White Slim Fit Embroidery Silk Kurta,ethnic wear,Embroidery Silk Kurta,Women,White,M,Slim Fit,Silk,H&M,4399,4.5,All-Season,"Crafted from premium Silk, this H&M White embroidery silk kurta offers exceptional comfort and durability for All-Season wardrobe styling. Features a sleek Slim Fit design."
PRD3652,US Polo Assn Men's White Slim Fit Ethnic Bandhgala Suit,ethnic wear,Ethnic Bandhgala Suit,Men,White,S,Slim Fit,Cotton,US Polo Assn,3249,3.8,Summer,Stay fashion-forward with this versatile White ethnic bandhgala suit from US Polo Assn. Includes a refined Slim Fit profile and high quality Cotton fabric.
PRD3653,FabIndia Women's Green Slim Fit Ethnic Bandhgala Suit,ethnic wear,Ethnic Bandhgala Suit,Women,Green,XL,Slim Fit,Silk,FabIndia,2449,4.0,Spring,"Crafted from premium Silk, this FabIndia Green ethnic bandhgala suit offers exceptional comfort and durability for Spring wardrobe styling. Features a sleek Slim Fit design."
PRD3654,Aurelia Men's Red Relaxed Fit Festive Nehru Jacket,ethnic wear,Festive Nehru Jacket,Men,Red,M,Relaxed Fit,Cotton,Aurelia,2699,4.0,Spring,"Crafted from premium Cotton, this Aurelia Red festive nehru jacket offers exceptional comfort and durability for Spring wardrobe styling. Features a sleek Relaxed Fit design."
PRD3655,Zara Men's Beige Relaxed Fit Festive Nehru Jacket,ethnic wear,Festive Nehru Jacket,Men,Beige,S,Relaxed Fit,Cotton,Zara,3699,4.0,Spring,Stay fashion-forward with this versatile Beige festive nehru jacket from Zara. Includes a refined Relaxed Fit profile and high quality Cotton fabric.
PRD3656,Nike Women's Navy Slim Fit Festive Nehru Jacket,ethnic wear,Festive Nehru Jacket,Women,Navy,S,Slim Fit,Silk,Nike,4099,3.8,Summer,Stay fashion-forward with this versatile Navy festive nehru jacket from Nike. Includes a refined Slim Fit profile and high quality Silk fabric.
PRD3657,Under Armour Men's White Slim Fit Embroidery Silk Kurta,ethnic wear,Embroidery Silk Kurta,Men,White,XL,Slim Fit,Cotton,Under Armour,1499,3.9,Spring,"Elevate your look with this stylish White embroidery silk kurta by Under Armour. Designed in a comfortable Slim Fit using high-grade Cotton, perfect for casual or semi-formal outings."
PRD3658,Puma Women's Olive Relaxed Fit Anarkali Kurta Set,ethnic wear,Anarkali Kurta Set,Women,Olive,M,Relaxed Fit,Silk,Puma,2799,4.8,Spring,"Essential Puma Women's anarkali kurta set tailored with a modern Relaxed Fit. Made of soft, breathable Silk in rich Olive. Ideal choice for Spring."
PRD3659,Aurelia Women's Red Regular Fit Anarkali Kurta Set,ethnic wear,Anarkali Kurta Set,Women,Red,M,Regular Fit,Silk,Aurelia,4549,4.1,All-Season,"Top-rated Aurelia anarkali kurta set featuring premium Red Silk. Tailored to a comfortable Regular Fit, ideal for everyday wear during All-Season."
PRD3660,H&M Men's Blue Slim Fit Embroidery Silk Kurta,ethnic wear,Embroidery Silk Kurta,Men,Blue,XXL,Slim Fit,Silk,H&M,2099,4.7,All-Season,"Crafted from premium Silk, this H&M Blue embroidery silk kurta offers exceptional comfort and durability for All-Season wardrobe styling. Features a sleek Slim Fit design."
PRD3661,US Polo Assn Women's Beige Relaxed Fit Straight Printed Kurta,ethnic wear,Straight Printed Kurta,Women,Beige,L,Relaxed Fit,Cotton,US Polo Assn,2949,4.4,All-Season,Stay fashion-forward with this versatile Beige straight printed kurta from US Polo Assn. Includes a refined Relaxed Fit profile and high quality Cotton fabric.
PRD3662,Biba Men's Beige Regular Fit Ethnic Bandhgala Suit,ethnic wear,Ethnic Bandhgala Suit,Men,Beige,M,Regular Fit,Silk,Biba,3899,4.6,All-Season,"Elevate your look with this stylish Beige ethnic bandhgala suit by Biba. Designed in a comfortable Regular Fit using high-grade Silk, perfect for casual or semi-formal outings."
PRD3663,Nike Men's Yellow Regular Fit Anarkali Kurta Set,ethnic wear,Anarkali Kurta Set,Men,Yellow,L,Regular Fit,Silk,Nike,1049,3.8,Summer,"Crafted from premium Silk, this Nike Yellow anarkali kurta set offers exceptional comfort and durability for Summer wardrobe styling. Features a sleek Regular Fit design."
PRD3664,HRX Men's Blue Relaxed Fit Straight Printed Kurta,ethnic wear,Straight Printed Kurta,Men,Blue,M,Relaxed Fit,Cotton,HRX,2699,4.1,Summer,"Elevate your look with this stylish Blue straight printed kurta by HRX. Designed in a comfortable Relaxed Fit using high-grade Cotton, perfect for casual or semi-formal outings."
PRD3665,Mango Women's Blue Relaxed Fit Ethnic Bandhgala Suit,ethnic wear,Ethnic Bandhgala Suit,Women,Blue,S,Relaxed Fit,Cotton,Mango,1149,3.8,All-Season,"Top-rated Mango ethnic bandhgala suit featuring premium Blue Cotton. Tailored to a comfortable Relaxed Fit, ideal for everyday wear during All-Season."
PRD3666,Tommy Hilfiger Men's Grey Regular Fit Embroidery Silk Kurta,ethnic wear,Embroidery Silk Kurta,Men,Grey,XL,Regular Fit,Cotton,Tommy Hilfiger,3249,4.6,Spring,"Crafted from premium Cotton, this Tommy Hilfiger Grey embroidery silk kurta offers exceptional comfort and durability for Spring wardrobe styling. Features a sleek Regular Fit design."
PRD3667,Manyavar Women's Pink Slim Fit Festive Nehru Jacket,ethnic wear,Festive Nehru Jacket,Women,Pink,XL,Slim Fit,Cotton,Manyavar,2149,3.8,Summer,"Essential Manyavar Women's festive nehru jacket tailored with a modern Slim Fit. Made of soft, breathable Cotton in rich Pink. Ideal choice for Summer."
PRD3668,W Men's Maroon Regular Fit Anarkali Kurta Set,ethnic wear,Anarkali Kurta Set,Men,Maroon,XL,Regular Fit,Cotton,W,4799,4.9,Spring,"Top-rated W anarkali kurta set featuring premium Maroon Cotton. Tailored to a comfortable Regular Fit, ideal for everyday wear during Spring."
PRD3669,H&M Women's Grey Slim Fit Festive Nehru Jacket,ethnic wear,Festive Nehru Jacket,Women,Grey,L,Slim Fit,Silk,H&M,2999,4.2,Summer,"Crafted from premium Silk, this H&M Grey festive nehru jacket offers exceptional comfort and durability for Summer wardrobe styling. Features a sleek Slim Fit design."
PRD3670,US Polo Assn Men's Olive Relaxed Fit Festive Nehru Jacket,ethnic wear,Festive Nehru Jacket,Men,Olive,S,Relaxed Fit,Rayon,US Polo Assn,4649,5.0,All-Season,Stay fashion-forward with this versatile Olive festive nehru jacket from US Polo Assn. Includes a refined Relaxed Fit profile and high quality Rayon fabric.
PRD3671,HRX Women's Black Slim Fit Embroidery Silk Kurta,ethnic wear,Embroidery Silk Kurta,Women,Black,XL,Slim Fit,Cotton,HRX,4399,3.6,Summer,"Crafted from premium Cotton, this HRX Black embroidery silk kurta offers exceptional comfort and durability for Summer wardrobe styling. Features a sleek Slim Fit design."
PRD3672,Under Armour Men's Purple Relaxed Fit Anarkali Kurta Set,ethnic wear,Anarkali Kurta Set,Men,Purple,XL,Relaxed Fit,Rayon,Under Armour,1399,4.1,Spring,"Crafted from premium Rayon, this Under Armour Purple anarkali kurta set offers exceptional comfort and durability for Spring wardrobe styling. Features a sleek Relaxed Fit design."
PRD3673,Zara Men's Red Regular Fit Anarkali Kurta Set,ethnic wear,Anarkali Kurta Set,Men,Red,XL,Regular Fit,Rayon,Zara,4899,4.4,All-Season,Stay fashion-forward with this versatile Red anarkali kurta set from Zara. Includes a refined Regular Fit profile and high quality Rayon fabric.
PRD3674,Levi's Women's Olive Slim Fit Embroidery Silk Kurta,ethnic wear,Embroidery Silk Kurta,Women,Olive,M,Slim Fit,Cotton,Levi's,2099,3.7,Spring,Stay fashion-forward with this versatile Olive embroidery silk kurta from Levi's. Includes a refined Slim Fit profile and high quality Cotton fabric.
PRD3675,Nike Women's Pink Regular Fit Ethnic Bandhgala Suit,ethnic wear,Ethnic Bandhgala Suit,Women,Pink,XL,Regular Fit,Cotton,Nike,3299,4.5,All-Season,"Essential Nike Women's ethnic bandhgala suit tailored with a modern Regular Fit. Made of soft, breathable Cotton in rich Pink. Ideal choice for All-Season."
PRD3676,HRX Women's Blue Regular Fit Anarkali Kurta Set,ethnic wear,Anarkali Kurta Set,Women,Blue,XXL,Regular Fit,Silk,HRX,3549,3.8,All-Season,"Crafted from premium Silk, this HRX Blue anarkali kurta set offers exceptional comfort and durability for All-Season wardrobe styling. Features a sleek Regular Fit design."
PRD3677,Levi's Women's Purple Slim Fit Anarkali Kurta Set,ethnic wear,Anarkali Kurta Set,Women,Purple,XXL,Slim Fit,Cotton,Levi's,2199,4.8,Summer,"Crafted from premium Cotton, this Levi's Purple anarkali kurta set offers exceptional comfort and durability for Summer wardrobe styling. Features a sleek Slim Fit design."
PRD3678,Allen Solly Women's Grey Slim Fit Anarkali Kurta Set,ethnic wear,Anarkali Kurta Set,Women,Grey,XXL,Slim Fit,Rayon,Allen Solly,4099,4.1,Summer,"Elevate your look with this stylish Grey anarkali kurta set by Allen Solly. Designed in a comfortable Slim Fit using high-grade Rayon, perfect for casual or semi-formal outings."
PRD3679,Roadster Women's Blue Slim Fit Embroidery Silk Kurta,ethnic wear,Embroidery Silk Kurta,Women,Blue,M,Slim Fit,Rayon,Roadster,5049,4.1,Summer,"Top-rated Roadster embroidery silk kurta featuring premium Blue Rayon. Tailored to a comfortable Slim Fit, ideal for everyday wear during Summer."
PRD3680,H&M Men's Yellow Regular Fit Festive Nehru Jacket,ethnic wear,Festive Nehru Jacket,Men,Yellow,S,Regular Fit,Cotton,H&M,3249,4.5,All-Season,"Crafted from premium Cotton, this H&M Yellow festive nehru jacket offers exceptional comfort and durability for All-Season wardrobe styling. Features a sleek Regular Fit design."
PRD3681,Biba Men's Maroon Slim Fit Festive Nehru Jacket,ethnic wear,Festive Nehru Jacket,Men,Maroon,M,Slim Fit,Silk,Biba,4499,4.2,Spring,"Elevate your look with this stylish Maroon festive nehru jacket by Biba. Designed in a comfortable Slim Fit using high-grade Silk, perfect for casual or semi-formal outings."
PRD3682,W Men's Beige Regular Fit Straight Printed Kurta,ethnic wear,Straight Printed Kurta,Men,Beige,L,Regular Fit,Silk,W,2799,4.9,Spring,"Elevate your look with this stylish Beige straight printed kurta by W. Designed in a comfortable Regular Fit using high-grade Silk, perfect for casual or semi-formal outings."
PRD3683,Mango Women's Navy Slim Fit Festive Nehru Jacket,ethnic wear,Festive Nehru Jacket,Women,Navy,XL,Slim Fit,Rayon,Mango,3099,4.3,Spring,"Top-rated Mango festive nehru jacket featuring premium Navy Rayon. Tailored to a comfortable Slim Fit, ideal for everyday wear during Spring."
PRD3684,US Polo Assn Women's White Regular Fit Ethnic Bandhgala Suit,ethnic wear,Ethnic Bandhgala Suit,Women,White,L,Regular Fit,Silk,US Polo Assn,3999,4.7,Summer,"Crafted from premium Silk, this US Polo Assn White ethnic bandhgala suit offers exceptional comfort and durability for Summer wardrobe styling. Features a sleek Regular Fit design."
PRD3685,US Polo Assn Men's Navy Regular Fit Embroidery Silk Kurta,ethnic wear,Embroidery Silk Kurta,Men,Navy,M,Regular Fit,Silk,US Polo Assn,4399,4.0,Summer,"Top-rated US Polo Assn embroidery silk kurta featuring premium Navy Silk. Tailored to a comfortable Regular Fit, ideal for everyday wear during Summer."
PRD3686,Tommy Hilfiger Men's Purple Relaxed Fit Straight Printed Kurta,ethnic wear,Straight Printed Kurta,Men,Purple,M,Relaxed Fit,Cotton,Tommy Hilfiger,4649,4.8,Spring,Stay fashion-forward with this versatile Purple straight printed kurta from Tommy Hilfiger. Includes a refined Relaxed Fit profile and high quality Cotton fabric.
PRD3687,FabIndia Men's Maroon Slim Fit Ethnic Bandhgala Suit,ethnic wear,Ethnic Bandhgala Suit,Men,Maroon,XXL,Slim Fit,Rayon,FabIndia,4599,4.4,All-Season,"Elevate your look with this stylish Maroon ethnic bandhgala suit by FabIndia. Designed in a comfortable Slim Fit using high-grade Rayon, perfect for casual or semi-formal outings."
PRD3688,Adidas Men's Blue Regular Fit Festive Nehru Jacket,ethnic wear,Festive Nehru Jacket,Men,Blue,L,Regular Fit,Rayon,Adidas,4549,4.8,All-Season,"Essential Adidas Men's festive nehru jacket tailored with a modern Regular Fit. Made of soft, breathable Rayon in rich Blue. Ideal choice for All-Season."
PRD3689,Levi's Men's Brown Regular Fit Anarkali Kurta Set,ethnic wear,Anarkali Kurta Set,Men,Brown,XL,Regular Fit,Silk,Levi's,1049,3.9,Spring,"Essential Levi's Men's anarkali kurta set tailored with a modern Regular Fit. Made of soft, breathable Silk in rich Brown. Ideal choice for Spring."
PRD3690,Mango Women's Purple Regular Fit Ethnic Bandhgala Suit,ethnic wear,Ethnic Bandhgala Suit,Women,Purple,XXL,Regular Fit,Silk,Mango,3349,4.5,All-Season,"Crafted from premium Silk, this Mango Purple ethnic bandhgala suit offers exceptional comfort and durability for All-Season wardrobe styling. Features a sleek Regular Fit design."
PRD3691,Jack & Jones Men's Red Relaxed Fit Straight Printed Kurta,ethnic wear,Straight Printed Kurta,Men,Red,M,Relaxed Fit,Rayon,Jack & Jones,1749,3.9,Summer,"Top-rated Jack & Jones straight printed kurta featuring premium Red Rayon. Tailored to a comfortable Relaxed Fit, ideal for everyday wear during Summer."
PRD3692,Roadster Men's Beige Relaxed Fit Anarkali Kurta Set,ethnic wear,Anarkali Kurta Set,Men,Beige,S,Relaxed Fit,Rayon,Roadster,3199,4.0,All-Season,Stay fashion-forward with this versatile Beige anarkali kurta set from Roadster. Includes a refined Relaxed Fit profile and high quality Rayon fabric.
PRD3693,Mango Women's Black Slim Fit Embroidery Silk Kurta,ethnic wear,Embroidery Silk Kurta,Women,Black,M,Slim Fit,Cotton,Mango,2149,4.8,Spring,"Top-rated Mango embroidery silk kurta featuring premium Black Cotton. Tailored to a comfortable Slim Fit, ideal for everyday wear during Spring."
PRD3694,HRX Men's Blue Regular Fit Anarkali Kurta Set,ethnic wear,Anarkali Kurta Set,Men,Blue,S,Regular Fit,Cotton,HRX,1399,4.8,All-Season,"Top-rated HRX anarkali kurta set featuring premium Blue Cotton. Tailored to a comfortable Regular Fit, ideal for everyday wear during All-Season."
PRD3695,US Polo Assn Women's White Slim Fit Ethnic Bandhgala Suit,ethnic wear,Ethnic Bandhgala Suit,Women,White,M,Slim Fit,Silk,US Polo Assn,2649,5.0,Summer,"Elevate your look with this stylish White ethnic bandhgala suit by US Polo Assn. Designed in a comfortable Slim Fit using high-grade Silk, perfect for casual or semi-formal outings."
PRD3696,HRX Women's Black Relaxed Fit Embroidery Silk Kurta,ethnic wear,Embroidery Silk Kurta,Women,Black,XXL,Relaxed Fit,Cotton,HRX,4299,4.2,Summer,"Crafted from premium Cotton, this HRX Black embroidery silk kurta offers exceptional comfort and durability for Summer wardrobe styling. Features a sleek Relaxed Fit design."
PRD3697,Allen Solly Men's Purple Slim Fit Embroidery Silk Kurta,ethnic wear,Embroidery Silk Kurta,Men,Purple,L,Slim Fit,Rayon,Allen Solly,3299,4.8,Summer,"Top-rated Allen Solly embroidery silk kurta featuring premium Purple Rayon. Tailored to a comfortable Slim Fit, ideal for everyday wear during Summer."
PRD3698,Roadster Women's Grey Slim Fit Straight Printed Kurta,ethnic wear,Straight Printed Kurta,Women,Grey,S,Slim Fit,Rayon,Roadster,1899,4.8,Summer,"Elevate your look with this stylish Grey straight printed kurta by Roadster. Designed in a comfortable Slim Fit using high-grade Rayon, perfect for casual or semi-formal outings."
PRD3699,Adidas Women's Brown Regular Fit Ethnic Bandhgala Suit,ethnic wear,Ethnic Bandhgala Suit,Women,Brown,L,Regular Fit,Rayon,Adidas,1399,4.7,All-Season,"Crafted from premium Rayon, this Adidas Brown ethnic bandhgala suit offers exceptional comfort and durability for All-Season wardrobe styling. Features a sleek Regular Fit design."
PRD3700,H&M Women's Green Slim Fit Straight Printed Kurta,ethnic wear,Straight Printed Kurta,Women,Green,L,Slim Fit,Cotton,H&M,1449,4.3,Spring,"Crafted from premium Cotton, this H&M Green straight printed kurta offers exceptional comfort and durability for Spring wardrobe styling. Features a sleek Slim Fit design."
PRD3701,Allen Solly Men's Green Slim Fit Ethnic Bandhgala Suit,ethnic wear,Ethnic Bandhgala Suit,Men,Green,S,Slim Fit,Rayon,Allen Solly,3299,3.6,All-Season,"Elevate your look with this stylish Green ethnic bandhgala suit by Allen Solly. Designed in a comfortable Slim Fit using high-grade Rayon, perfect for casual or semi-formal outings."
PRD3702,H&M Women's Grey Relaxed Fit Festive Nehru Jacket,ethnic wear,Festive Nehru Jacket,Women,Grey,M,Relaxed Fit,Silk,H&M,3699,3.8,All-Season,"Crafted from premium Silk, this H&M Grey festive nehru jacket offers exceptional comfort and durability for All-Season wardrobe styling. Features a sleek Relaxed Fit design."
PRD3703,Adidas Men's Beige Slim Fit Ethnic Bandhgala Suit,ethnic wear,Ethnic Bandhgala Suit,Men,Beige,L,Slim Fit,Silk,Adidas,1399,3.8,Spring,"Top-rated Adidas ethnic bandhgala suit featuring premium Beige Silk. Tailored to a comfortable Slim Fit, ideal for everyday wear during Spring."
PRD3704,Levi's Women's Yellow Slim Fit Straight Printed Kurta,ethnic wear,Straight Printed Kurta,Women,Yellow,XL,Slim Fit,Silk,Levi's,1899,4.2,Spring,Stay fashion-forward with this versatile Yellow straight printed kurta from Levi's. Includes a refined Slim Fit profile and high quality Silk fabric.
PRD3705,Aurelia Men's Blue Relaxed Fit Festive Nehru Jacket,ethnic wear,Festive Nehru Jacket,Men,Blue,XL,Relaxed Fit,Cotton,Aurelia,1799,4.1,All-Season,"Top-rated Aurelia festive nehru jacket featuring premium Blue Cotton. Tailored to a comfortable Relaxed Fit, ideal for everyday wear during All-Season."
PRD3706,Manyavar Men's Beige Relaxed Fit Ethnic Bandhgala Suit,ethnic wear,Ethnic Bandhgala Suit,Men,Beige,S,Relaxed Fit,Cotton,Manyavar,1849,4.0,Spring,Stay fashion-forward with this versatile Beige ethnic bandhgala suit from Manyavar. Includes a refined Relaxed Fit profile and high quality Cotton fabric.
PRD3707,HRX Women's Blue Regular Fit Ethnic Bandhgala Suit,ethnic wear,Ethnic Bandhgala Suit,Women,Blue,XL,Regular Fit,Rayon,HRX,4149,4.2,Summer,"Top-rated HRX ethnic bandhgala suit featuring premium Blue Rayon. Tailored to a comfortable Regular Fit, ideal for everyday wear during Summer."
PRD3708,Manyavar Men's White Slim Fit Anarkali Kurta Set,ethnic wear,Anarkali Kurta Set,Men,White,S,Slim Fit,Cotton,Manyavar,3599,4.8,Spring,"Essential Manyavar Men's anarkali kurta set tailored with a modern Slim Fit. Made of soft, breathable Cotton in rich White. Ideal choice for Spring."
PRD3709,Aurelia Women's Red Slim Fit Anarkali Kurta Set,ethnic wear,Anarkali Kurta Set,Women,Red,XXL,Slim Fit,Silk,Aurelia,1499,4.4,Summer,Stay fashion-forward with this versatile Red anarkali kurta set from Aurelia. Includes a refined Slim Fit profile and high quality Silk fabric.
PRD3710,Tommy Hilfiger Men's Yellow Slim Fit Embroidery Silk Kurta,ethnic wear,Embroidery Silk Kurta,Men,Yellow,M,Slim Fit,Cotton,Tommy Hilfiger,2999,4.4,Spring,"Top-rated Tommy Hilfiger embroidery silk kurta featuring premium Yellow Cotton. Tailored to a comfortable Slim Fit, ideal for everyday wear during Spring."
PRD3711,Manyavar Women's White Slim Fit Anarkali Kurta Set,ethnic wear,Anarkali Kurta Set,Women,White,M,Slim Fit,Silk,Manyavar,1749,4.2,Summer,Stay fashion-forward with this versatile White anarkali kurta set from Manyavar. Includes a refined Slim Fit profile and high quality Silk fabric.
PRD3712,Tommy Hilfiger Men's Blue Relaxed Fit Ethnic Bandhgala Suit,ethnic wear,Ethnic Bandhgala Suit,Men,Blue,L,Relaxed Fit,Silk,Tommy Hilfiger,4449,4.1,Summer,Stay fashion-forward with this versatile Blue ethnic bandhgala suit from Tommy Hilfiger. Includes a refined Relaxed Fit profile and high quality Silk fabric.
PRD3713,Allen Solly Men's Black Regular Fit Straight Printed Kurta,ethnic wear,Straight Printed Kurta,Men,Black,M,Regular Fit,Rayon,Allen Solly,2249,4.9,Spring,Stay fashion-forward with this versatile Black straight printed kurta from Allen Solly. Includes a refined Regular Fit profile and high quality Rayon fabric.
PRD3714,FabIndia Women's Grey Relaxed Fit Embroidery Silk Kurta,ethnic wear,Embroidery Silk Kurta,Women,Grey,M,Relaxed Fit,Rayon,FabIndia,3049,4.0,Summer,"Essential FabIndia Women's embroidery silk kurta tailored with a modern Relaxed Fit. Made of soft, breathable Rayon in rich Grey. Ideal choice for Summer."
PRD3715,Zara Women's White Relaxed Fit Anarkali Kurta Set,ethnic wear,Anarkali Kurta Set,Women,White,XL,Relaxed Fit,Silk,Zara,1849,5.0,Spring,"Crafted from premium Silk, this Zara White anarkali kurta set offers exceptional comfort and durability for Spring wardrobe styling. Features a sleek Relaxed Fit design."
PRD3716,Aurelia Men's Black Relaxed Fit Embroidery Silk Kurta,ethnic wear,Embroidery Silk Kurta,Men,Black,M,Relaxed Fit,Rayon,Aurelia,1049,4.5,Spring,"Elevate your look with this stylish Black embroidery silk kurta by Aurelia. Designed in a comfortable Relaxed Fit using high-grade Rayon, perfect for casual or semi-formal outings."
PRD3717,Aurelia Women's Brown Slim Fit Anarkali Kurta Set,ethnic wear,Anarkali Kurta Set,Women,Brown,S,Slim Fit,Silk,Aurelia,1949,4.8,Spring,"Top-rated Aurelia anarkali kurta set featuring premium Brown Silk. Tailored to a comfortable Slim Fit, ideal for everyday wear during Spring."
PRD3718,US Polo Assn Women's White Relaxed Fit Anarkali Kurta Set,ethnic wear,Anarkali Kurta Set,Women,White,XXL,Relaxed Fit,Rayon,US Polo Assn,4149,3.8,Spring,"Top-rated US Polo Assn anarkali kurta set featuring premium White Rayon. Tailored to a comfortable Relaxed Fit, ideal for everyday wear during Spring."
PRD3719,Zara Women's Blue Regular Fit Straight Printed Kurta,ethnic wear,Straight Printed Kurta,Women,Blue,M,Regular Fit,Cotton,Zara,3249,3.7,All-Season,"Essential Zara Women's straight printed kurta tailored with a modern Regular Fit. Made of soft, breathable Cotton in rich Blue. Ideal choice for All-Season."
PRD3720,US Polo Assn Men's Olive Regular Fit Embroidery Silk Kurta,ethnic wear,Embroidery Silk Kurta,Men,Olive,XL,Regular Fit,Silk,US Polo Assn,4649,5.0,Summer,"Crafted from premium Silk, this US Polo Assn Olive embroidery silk kurta offers exceptional comfort and durability for Summer wardrobe styling. Features a sleek Regular Fit design."
PRD3721,HRX Women's Blue Slim Fit Straight Printed Kurta,ethnic wear,Straight Printed Kurta,Women,Blue,XXL,Slim Fit,Silk,HRX,4549,4.0,Summer,Stay fashion-forward with this versatile Blue straight printed kurta from HRX. Includes a refined Slim Fit profile and high quality Silk fabric.
PRD3722,Biba Women's Green Regular Fit Embroidery Silk Kurta,ethnic wear,Embroidery Silk Kurta,Women,Green,XL,Regular Fit,Rayon,Biba,2899,3.8,Summer,"Essential Biba Women's embroidery silk kurta tailored with a modern Regular Fit. Made of soft, breathable Rayon in rich Green. Ideal choice for Summer."
PRD3723,Levi's Women's White Regular Fit Straight Printed Kurta,ethnic wear,Straight Printed Kurta,Women,White,XL,Regular Fit,Silk,Levi's,3949,3.8,All-Season,Stay fashion-forward with this versatile White straight printed kurta from Levi's. Includes a refined Regular Fit profile and high quality Silk fabric.
PRD3724,Allen Solly Men's Purple Regular Fit Anarkali Kurta Set,ethnic wear,Anarkali Kurta Set,Men,Purple,L,Regular Fit,Rayon,Allen Solly,2949,5.0,All-Season,"Crafted from premium Rayon, this Allen Solly Purple anarkali kurta set offers exceptional comfort and durability for All-Season wardrobe styling. Features a sleek Regular Fit design."
PRD3725,Jack & Jones Women's Maroon Slim Fit Straight Printed Kurta,ethnic wear,Straight Printed Kurta,Women,Maroon,M,Slim Fit,Silk,Jack & Jones,4449,3.6,Summer,"Crafted from premium Silk, this Jack & Jones Maroon straight printed kurta offers exceptional comfort and durability for Summer wardrobe styling. Features a sleek Slim Fit design."
PRD3726,Tommy Hilfiger Men's Blue Slim Fit Embroidery Silk Kurta,ethnic wear,Embroidery Silk Kurta,Men,Blue,S,Slim Fit,Cotton,Tommy Hilfiger,1349,3.6,Summer,"Elevate your look with this stylish Blue embroidery silk kurta by Tommy Hilfiger. Designed in a comfortable Slim Fit using high-grade Cotton, perfect for casual or semi-formal outings."
PRD3727,HRX Men's Yellow Regular Fit Straight Printed Kurta,ethnic wear,Straight Printed Kurta,Men,Yellow,L,Regular Fit,Cotton,HRX,2699,4.5,Spring,Stay fashion-forward with this versatile Yellow straight printed kurta from HRX. Includes a refined Regular Fit profile and high quality Cotton fabric.
PRD3728,Tommy Hilfiger Women's Purple Relaxed Fit Ethnic Bandhgala Suit,ethnic wear,Ethnic Bandhgala Suit,Women,Purple,L,Relaxed Fit,Cotton,Tommy Hilfiger,3349,4.3,All-Season,"Elevate your look with this stylish Purple ethnic bandhgala suit by Tommy Hilfiger. Designed in a comfortable Relaxed Fit using high-grade Cotton, perfect for casual or semi-formal outings."
PRD3729,W Men's Pink Regular Fit Embroidery Silk Kurta,ethnic wear,Embroidery Silk Kurta,Men,Pink,XXL,Regular Fit,Cotton,W,4249,4.2,Spring,"Crafted from premium Cotton, this W Pink embroidery silk kurta offers exceptional comfort and durability for Spring wardrobe styling. Features a sleek Regular Fit design."
PRD3730,Adidas Men's Maroon Relaxed Fit Embroidery Silk Kurta,ethnic wear,Embroidery Silk Kurta,Men,Maroon,XL,Relaxed Fit,Silk,Adidas,3299,4.5,Summer,"Elevate your look with this stylish Maroon embroidery silk kurta by Adidas. Designed in a comfortable Relaxed Fit using high-grade Silk, perfect for casual or semi-formal outings."
PRD3731,Roadster Men's Blue Slim Fit Straight Printed Kurta,ethnic wear,Straight Printed Kurta,Men,Blue,XL,Slim Fit,Rayon,Roadster,4449,4.0,All-Season,"Top-rated Roadster straight printed kurta featuring premium Blue Rayon. Tailored to a comfortable Slim Fit, ideal for everyday wear during All-Season."
PRD3732,Roadster Women's Yellow Slim Fit Festive Nehru Jacket,ethnic wear,Festive Nehru Jacket,Women,Yellow,M,Slim Fit,Silk,Roadster,5049,4.5,Summer,"Essential Roadster Women's festive nehru jacket tailored with a modern Slim Fit. Made of soft, breathable Silk in rich Yellow. Ideal choice for Summer."
PRD3733,Levi's Men's Maroon Relaxed Fit Straight Printed Kurta,ethnic wear,Straight Printed Kurta,Men,Maroon,M,Relaxed Fit,Rayon,Levi's,1149,4.3,Summer,"Crafted from premium Rayon, this Levi's Maroon straight printed kurta offers exceptional comfort and durability for Summer wardrobe styling. Features a sleek Relaxed Fit design."
PRD3734,H&M Women's Brown Regular Fit Festive Nehru Jacket,ethnic wear,Festive Nehru Jacket,Women,Brown,XXL,Regular Fit,Silk,H&M,1149,4.3,All-Season,"Essential H&M Women's festive nehru jacket tailored with a modern Regular Fit. Made of soft, breathable Silk in rich Brown. Ideal choice for All-Season."
PRD3735,Adidas Men's Beige Regular Fit Anarkali Kurta Set,ethnic wear,Anarkali Kurta Set,Men,Beige,M,Regular Fit,Silk,Adidas,1449,4.8,Summer,"Elevate your look with this stylish Beige anarkali kurta set by Adidas. Designed in a comfortable Regular Fit using high-grade Silk, perfect for casual or semi-formal outings."
PRD3736,Puma Women's Purple Relaxed Fit Festive Nehru Jacket,ethnic wear,Festive Nehru Jacket,Women,Purple,XXL,Relaxed Fit,Cotton,Puma,2599,4.7,Spring,"Crafted from premium Cotton, this Puma Purple festive nehru jacket offers exceptional comfort and durability for Spring wardrobe styling. Features a sleek Relaxed Fit design."
PRD3737,Zara Men's Pink Regular Fit Straight Printed Kurta,ethnic wear,Straight Printed Kurta,Men,Pink,XXL,Regular Fit,Rayon,Zara,2899,3.6,Summer,Stay fashion-forward with this versatile Pink straight printed kurta from Zara. Includes a refined Regular Fit profile and high quality Rayon fabric.
PRD3738,Manyavar Men's Brown Slim Fit Straight Printed Kurta,ethnic wear,Straight Printed Kurta,Men,Brown,M,Slim Fit,Rayon,Manyavar,2849,4.0,All-Season,"Essential Manyavar Men's straight printed kurta tailored with a modern Slim Fit. Made of soft, breathable Rayon in rich Brown. Ideal choice for All-Season."
PRD3739,H&M Men's Pink Relaxed Fit Festive Nehru Jacket,ethnic wear,Festive Nehru Jacket,Men,Pink,M,Relaxed Fit,Cotton,H&M,1399,4.9,Summer,"Elevate your look with this stylish Pink festive nehru jacket by H&M. Designed in a comfortable Relaxed Fit using high-grade Cotton, perfect for casual or semi-formal outings."
PRD3740,Jack & Jones Women's Blue Regular Fit Embroidery Silk Kurta,ethnic wear,Embroidery Silk Kurta,Women,Blue,M,Regular Fit,Silk,Jack & Jones,1199,4.3,Spring,"Crafted from premium Silk, this Jack & Jones Blue embroidery silk kurta offers exceptional comfort and durability for Spring wardrobe styling. Features a sleek Regular Fit design."
PRD3741,Roadster Women's Yellow Regular Fit Anarkali Kurta Set,ethnic wear,Anarkali Kurta Set,Women,Yellow,L,Regular Fit,Silk,Roadster,4749,4.8,Summer,"Essential Roadster Women's anarkali kurta set tailored with a modern Regular Fit. Made of soft, breathable Silk in rich Yellow. Ideal choice for Summer."
PRD3742,Jack & Jones Women's Maroon Regular Fit Straight Printed Kurta,ethnic wear,Straight Printed Kurta,Women,Maroon,S,Regular Fit,Cotton,Jack & Jones,3849,4.5,All-Season,"Elevate your look with this stylish Maroon straight printed kurta by Jack & Jones. Designed in a comfortable Regular Fit using high-grade Cotton, perfect for casual or semi-formal outings."
PRD3743,Puma Women's Beige Regular Fit Straight Printed Kurta,ethnic wear,Straight Printed Kurta,Women,Beige,XXL,Regular Fit,Rayon,Puma,3349,5.0,Spring,"Crafted from premium Rayon, this Puma Beige straight printed kurta offers exceptional comfort and durability for Spring wardrobe styling. Features a sleek Regular Fit design."
PRD3744,Aurelia Men's Maroon Slim Fit Ethnic Bandhgala Suit,ethnic wear,Ethnic Bandhgala Suit,Men,Maroon,XL,Slim Fit,Cotton,Aurelia,2899,4.2,Summer,Stay fashion-forward with this versatile Maroon ethnic bandhgala suit from Aurelia. Includes a refined Slim Fit profile and high quality Cotton fabric.
PRD3745,W Men's Grey Slim Fit Straight Printed Kurta,ethnic wear,Straight Printed Kurta,Men,Grey,S,Slim Fit,Silk,W,5049,4.2,Spring,"Elevate your look with this stylish Grey straight printed kurta by W. Designed in a comfortable Slim Fit using high-grade Silk, perfect for casual or semi-formal outings."
PRD3746,Manyavar Men's Grey Regular Fit Ethnic Bandhgala Suit,ethnic wear,Ethnic Bandhgala Suit,Men,Grey,XXL,Regular Fit,Silk,Manyavar,3899,3.5,Summer,Stay fashion-forward with this versatile Grey ethnic bandhgala suit from Manyavar. Includes a refined Regular Fit profile and high quality Silk fabric.
PRD3747,FabIndia Women's White Relaxed Fit Embroidery Silk Kurta,ethnic wear,Embroidery Silk Kurta,Women,White,XL,Relaxed Fit,Cotton,FabIndia,4499,4.2,All-Season,"Top-rated FabIndia embroidery silk kurta featuring premium White Cotton. Tailored to a comfortable Relaxed Fit, ideal for everyday wear during All-Season."
PRD3748,Manyavar Men's Beige Relaxed Fit Straight Printed Kurta,ethnic wear,Straight Printed Kurta,Men,Beige,XL,Relaxed Fit,Silk,Manyavar,3649,3.8,All-Season,"Top-rated Manyavar straight printed kurta featuring premium Beige Silk. Tailored to a comfortable Relaxed Fit, ideal for everyday wear during All-Season."
PRD3749,Aurelia Men's Beige Slim Fit Ethnic Bandhgala Suit,ethnic wear,Ethnic Bandhgala Suit,Men,Beige,M,Slim Fit,Rayon,Aurelia,3599,4.3,Summer,"Crafted from premium Rayon, this Aurelia Beige ethnic bandhgala suit offers exceptional comfort and durability for Summer wardrobe styling. Features a sleek Slim Fit design."
PRD3750,Roadster Women's Pink Slim Fit Festive Nehru Jacket,ethnic wear,Festive Nehru Jacket,Women,Pink,M,Slim Fit,Silk,Roadster,4549,4.0,Spring,"Top-rated Roadster festive nehru jacket featuring premium Pink Silk. Tailored to a comfortable Slim Fit, ideal for everyday wear during Spring."
PRD3751,Mango Women's Black Relaxed Fit Embroidery Silk Kurta,ethnic wear,Embroidery Silk Kurta,Women,Black,L,Relaxed Fit,Cotton,Mango,1199,4.0,Summer,"Crafted from premium Cotton, this Mango Black embroidery silk kurta offers exceptional comfort and durability for Summer wardrobe styling. Features a sleek Relaxed Fit design."
PRD3752,US Polo Assn Women's Blue Slim Fit Straight Printed Kurta,ethnic wear,Straight Printed Kurta,Women,Blue,XXL,Slim Fit,Silk,US Polo Assn,2499,4.4,Spring,"Elevate your look with this stylish Blue straight printed kurta by US Polo Assn. Designed in a comfortable Slim Fit using high-grade Silk, perfect for casual or semi-formal outings."
PRD3753,Under Armour Women's Navy Regular Fit Festive Nehru Jacket,ethnic wear,Festive Nehru Jacket,Women,Navy,XL,Regular Fit,Rayon,Under Armour,1649,4.5,Summer,"Essential Under Armour Women's festive nehru jacket tailored with a modern Regular Fit. Made of soft, breathable Rayon in rich Navy. Ideal choice for Summer."
PRD3754,Manyavar Men's Black Relaxed Fit Embroidery Silk Kurta,ethnic wear,Embroidery Silk Kurta,Men,Black,S,Relaxed Fit,Silk,Manyavar,2499,3.9,All-Season,"Top-rated Manyavar embroidery silk kurta featuring premium Black Silk. Tailored to a comfortable Relaxed Fit, ideal for everyday wear during All-Season."
PRD3755,FabIndia Women's Yellow Slim Fit Ethnic Bandhgala Suit,ethnic wear,Ethnic Bandhgala Suit,Women,Yellow,XL,Slim Fit,Silk,FabIndia,1399,4.4,Summer,"Crafted from premium Silk, this FabIndia Yellow ethnic bandhgala suit offers exceptional comfort and durability for Summer wardrobe styling. Features a sleek Slim Fit design."
PRD3756,Roadster Men's Black Regular Fit Ethnic Bandhgala Suit,ethnic wear,Ethnic Bandhgala Suit,Men,Black,M,Regular Fit,Cotton,Roadster,3749,4.5,Summer,"Crafted from premium Cotton, this Roadster Black ethnic bandhgala suit offers exceptional comfort and durability for Summer wardrobe styling. Features a sleek Regular Fit design."
PRD3757,Manyavar Men's Beige Slim Fit Embroidery Silk Kurta,ethnic wear,Embroidery Silk Kurta,Men,Beige,S,Slim Fit,Cotton,Manyavar,4249,4.5,Summer,"Top-rated Manyavar embroidery silk kurta featuring premium Beige Cotton. Tailored to a comfortable Slim Fit, ideal for everyday wear during Summer."
PRD3758,W Men's White Regular Fit Anarkali Kurta Set,ethnic wear,Anarkali Kurta Set,Men,White,XXL,Regular Fit,Cotton,W,2699,4.7,Spring,"Top-rated W anarkali kurta set featuring premium White Cotton. Tailored to a comfortable Regular Fit, ideal for everyday wear during Spring."
PRD3759,Levi's Men's Black Regular Fit Embroidery Silk Kurta,ethnic wear,Embroidery Silk Kurta,Men,Black,M,Regular Fit,Silk,Levi's,1149,4.9,Summer,"Essential Levi's Men's embroidery silk kurta tailored with a modern Regular Fit. Made of soft, breathable Silk in rich Black. Ideal choice for Summer."
PRD3760,FabIndia Women's White Slim Fit Embroidery Silk Kurta,ethnic wear,Embroidery Silk Kurta,Women,White,XL,Slim Fit,Rayon,FabIndia,3949,3.9,Summer,"Essential FabIndia Women's embroidery silk kurta tailored with a modern Slim Fit. Made of soft, breathable Rayon in rich White. Ideal choice for Summer."
PRD3761,Levi's Women's Brown Relaxed Fit Festive Nehru Jacket,ethnic wear,Festive Nehru Jacket,Women,Brown,L,Relaxed Fit,Cotton,Levi's,3449,4.1,Summer,"Top-rated Levi's festive nehru jacket featuring premium Brown Cotton. Tailored to a comfortable Relaxed Fit, ideal for everyday wear during Summer."
PRD3762,W Women's Green Regular Fit Embroidery Silk Kurta,ethnic wear,Embroidery Silk Kurta,Women,Green,XXL,Regular Fit,Rayon,W,4999,4.7,Spring,"Essential W Women's embroidery silk kurta tailored with a modern Regular Fit. Made of soft, breathable Rayon in rich Green. Ideal choice for Spring."
PRD3763,US Polo Assn Women's Red Slim Fit Festive Nehru Jacket,ethnic wear,Festive Nehru Jacket,Women,Red,S,Slim Fit,Silk,US Polo Assn,3249,4.1,Summer,Stay fashion-forward with this versatile Red festive nehru jacket from US Polo Assn. Includes a refined Slim Fit profile and high quality Silk fabric.
PRD3764,Aurelia Women's Navy Relaxed Fit Ethnic Bandhgala Suit,ethnic wear,Ethnic Bandhgala Suit,Women,Navy,L,Relaxed Fit,Cotton,Aurelia,2599,4.7,Summer,"Top-rated Aurelia ethnic bandhgala suit featuring premium Navy Cotton. Tailored to a comfortable Relaxed Fit, ideal for everyday wear during Summer."
PRD3765,Puma Women's Olive Regular Fit Festive Nehru Jacket,ethnic wear,Festive Nehru Jacket,Women,Olive,M,Regular Fit,Silk,Puma,4549,5.0,Spring,"Essential Puma Women's festive nehru jacket tailored with a modern Regular Fit. Made of soft, breathable Silk in rich Olive. Ideal choice for Spring."
PRD3766,Manyavar Men's White Regular Fit Festive Nehru Jacket,ethnic wear,Festive Nehru Jacket,Men,White,XL,Regular Fit,Rayon,Manyavar,3949,4.3,Spring,"Crafted from premium Rayon, this Manyavar White festive nehru jacket offers exceptional comfort and durability for Spring wardrobe styling. Features a sleek Regular Fit design."
PRD3767,Manyavar Women's Red Regular Fit Ethnic Bandhgala Suit,ethnic wear,Ethnic Bandhgala Suit,Women,Red,XXL,Regular Fit,Rayon,Manyavar,2749,4.5,Spring,"Essential Manyavar Women's ethnic bandhgala suit tailored with a modern Regular Fit. Made of soft, breathable Rayon in rich Red. Ideal choice for Spring."
PRD3768,US Polo Assn Women's Pink Relaxed Fit Anarkali Kurta Set,ethnic wear,Anarkali Kurta Set,Women,Pink,S,Relaxed Fit,Silk,US Polo Assn,3899,3.5,Summer,"Essential US Polo Assn Women's anarkali kurta set tailored with a modern Relaxed Fit. Made of soft, breathable Silk in rich Pink. Ideal choice for Summer."
PRD3769,Tommy Hilfiger Women's Maroon Regular Fit Straight Printed Kurta,ethnic wear,Straight Printed Kurta,Women,Maroon,XXL,Regular Fit,Rayon,Tommy Hilfiger,3199,4.1,All-Season,"Elevate your look with this stylish Maroon straight printed kurta by Tommy Hilfiger. Designed in a comfortable Regular Fit using high-grade Rayon, perfect for casual or semi-formal outings."
PRD3770,Levi's Women's Red Slim Fit Straight Printed Kurta,ethnic wear,Straight Printed Kurta,Women,Red,M,Slim Fit,Cotton,Levi's,1349,4.5,Summer,Stay fashion-forward with this versatile Red straight printed kurta from Levi's. Includes a refined Slim Fit profile and high quality Cotton fabric.
PRD3771,Puma Men's Purple Skinny Fit Athletic Track Pants,activewear,Athletic Track Pants,Men,Purple,L,Skinny Fit,Rayon,Puma,799,3.9,Summer,"Crafted from premium Rayon, this Puma Purple athletic track pants offers exceptional comfort and durability for Summer wardrobe styling. Features a sleek Skinny Fit design."
PRD3772,H&M Men's Navy Skinny Fit Athletic Track Pants,activewear,Athletic Track Pants,Men,Navy,L,Skinny Fit,Rayon,H&M,949,4.5,All-Season,"Crafted from premium Rayon, this H&M Navy athletic track pants offers exceptional comfort and durability for All-Season wardrobe styling. Features a sleek Skinny Fit design."
PRD3773,US Polo Assn Men's Olive Slim Fit Compression Leggings,activewear,Compression Leggings,Men,Olive,L,Slim Fit,Cotton,US Polo Assn,1649,4.0,All-Season,"Crafted from premium Cotton, this US Polo Assn Olive compression leggings offers exceptional comfort and durability for All-Season wardrobe styling. Features a sleek Slim Fit design."
PRD3774,Roadster Unisex's Green Skinny Fit Athletic Track Pants,activewear,Athletic Track Pants,Unisex,Green,M,Skinny Fit,Cotton,Roadster,2799,4.4,All-Season,"Essential Roadster Unisex's athletic track pants tailored with a modern Skinny Fit. Made of soft, breathable Cotton in rich Green. Ideal choice for All-Season."
PRD3775,Allen Solly Unisex's Maroon Slim Fit Dry-Fit Workout Tee,activewear,Dry-Fit Workout Tee,Unisex,Maroon,M,Slim Fit,Polyester,Allen Solly,2199,4.4,All-Season,"Essential Allen Solly Unisex's dry-fit workout tee tailored with a modern Slim Fit. Made of soft, breathable Polyester in rich Maroon. Ideal choice for All-Season."
PRD3776,FabIndia Women's White Regular Fit Athletic Track Pants,activewear,Athletic Track Pants,Women,White,XXL,Regular Fit,Rayon,FabIndia,2549,4.8,All-Season,Stay fashion-forward with this versatile White athletic track pants from FabIndia. Includes a refined Regular Fit profile and high quality Rayon fabric.
PRD3777,FabIndia Men's Maroon Slim Fit Compression Leggings,activewear,Compression Leggings,Men,Maroon,XL,Slim Fit,Cotton,FabIndia,1699,4.3,Summer,"Top-rated FabIndia compression leggings featuring premium Maroon Cotton. Tailored to a comfortable Slim Fit, ideal for everyday wear during Summer."
PRD3778,W Women's Navy Slim Fit Compression Leggings,activewear,Compression Leggings,Women,Navy,S,Slim Fit,Rayon,W,1099,4.4,Summer,"Essential W Women's compression leggings tailored with a modern Slim Fit. Made of soft, breathable Rayon in rich Navy. Ideal choice for Summer."
PRD3779,Nike Women's Olive Regular Fit Dry-Fit Workout Tee,activewear,Dry-Fit Workout Tee,Women,Olive,L,Regular Fit,Rayon,Nike,1649,4.5,Summer,"Crafted from premium Rayon, this Nike Olive dry-fit workout tee offers exceptional comfort and durability for Summer wardrobe styling. Features a sleek Regular Fit design."
PRD3780,HRX Women's White Skinny Fit Running Shorts with Liner,activewear,Running Shorts with Liner,Women,White,XL,Skinny Fit,Polyester,HRX,1599,3.9,Summer,"Essential HRX Women's running shorts with liner tailored with a modern Skinny Fit. Made of soft, breathable Polyester in rich White. Ideal choice for Summer."
PRD3781,Biba Men's Purple Slim Fit Dry-Fit Workout Tee,activewear,Dry-Fit Workout Tee,Men,Purple,XL,Slim Fit,Cotton,Biba,2299,4.9,Summer,"Elevate your look with this stylish Purple dry-fit workout tee by Biba. Designed in a comfortable Slim Fit using high-grade Cotton, perfect for casual or semi-formal outings."
PRD3782,HRX Men's White Regular Fit Compression Leggings,activewear,Compression Leggings,Men,White,XXL,Regular Fit,Polyester,HRX,1249,4.3,Summer,Stay fashion-forward with this versatile White compression leggings from HRX. Includes a refined Regular Fit profile and high quality Polyester fabric.
PRD3783,Biba Men's Pink Skinny Fit Running Shorts with Liner,activewear,Running Shorts with Liner,Men,Pink,XXL,Skinny Fit,Polyester,Biba,1749,3.6,Summer,Stay fashion-forward with this versatile Pink running shorts with liner from Biba. Includes a refined Skinny Fit profile and high quality Polyester fabric.
PRD3784,Puma Men's Pink Skinny Fit Dry-Fit Workout Tee,activewear,Dry-Fit Workout Tee,Men,Pink,XL,Skinny Fit,Rayon,Puma,2799,4.9,All-Season,"Essential Puma Men's dry-fit workout tee tailored with a modern Skinny Fit. Made of soft, breathable Rayon in rich Pink. Ideal choice for All-Season."
PRD3785,Tommy Hilfiger Unisex's Navy Skinny Fit Dry-Fit Workout Tee,activewear,Dry-Fit Workout Tee,Unisex,Navy,M,Skinny Fit,Cotton,Tommy Hilfiger,2499,4.2,All-Season,"Crafted from premium Cotton, this Tommy Hilfiger Navy dry-fit workout tee offers exceptional comfort and durability for All-Season wardrobe styling. Features a sleek Skinny Fit design."
PRD3786,FabIndia Women's Brown Slim Fit Running Shorts with Liner,activewear,Running Shorts with Liner,Women,Brown,L,Slim Fit,Cotton,FabIndia,2849,4.0,All-Season,"Crafted from premium Cotton, this FabIndia Brown running shorts with liner offers exceptional comfort and durability for All-Season wardrobe styling. Features a sleek Slim Fit design."
PRD3787,US Polo Assn Men's White Regular Fit Running Shorts with Liner,activewear,Running Shorts with Liner,Men,White,XL,Regular Fit,Cotton,US Polo Assn,1999,4.0,All-Season,"Elevate your look with this stylish White running shorts with liner by US Polo Assn. Designed in a comfortable Regular Fit using high-grade Cotton, perfect for casual or semi-formal outings."
PRD3788,Aurelia Unisex's Red Slim Fit Running Shorts with Liner,activewear,Running Shorts with Liner,Unisex,Red,M,Slim Fit,Polyester,Aurelia,2699,4.0,Summer,"Essential Aurelia Unisex's running shorts with liner tailored with a modern Slim Fit. Made of soft, breathable Polyester in rich Red. Ideal choice for Summer."
PRD3789,Jack & Jones Women's White Skinny Fit Athletic Track Pants,activewear,Athletic Track Pants,Women,White,S,Skinny Fit,Cotton,Jack & Jones,2149,3.9,All-Season,"Crafted from premium Cotton, this Jack & Jones White athletic track pants offers exceptional comfort and durability for All-Season wardrobe styling. Features a sleek Skinny Fit design."
PRD3790,US Polo Assn Men's Blue Skinny Fit Compression Leggings,activewear,Compression Leggings,Men,Blue,L,Skinny Fit,Cotton,US Polo Assn,1799,4.2,All-Season,"Top-rated US Polo Assn compression leggings featuring premium Blue Cotton. Tailored to a comfortable Skinny Fit, ideal for everyday wear during All-Season."
PRD3791,W Men's Black Skinny Fit Running Shorts with Liner,activewear,Running Shorts with Liner,Men,Black,XXL,Skinny Fit,Cotton,W,2749,4.2,All-Season,"Crafted from premium Cotton, this W Black running shorts with liner offers exceptional comfort and durability for All-Season wardrobe styling. Features a sleek Skinny Fit design."
PRD3792,Tommy Hilfiger Women's White Skinny Fit Dry-Fit Workout Tee,activewear,Dry-Fit Workout Tee,Women,White,XL,Skinny Fit,Cotton,Tommy Hilfiger,1299,4.1,All-Season,"Essential Tommy Hilfiger Women's dry-fit workout tee tailored with a modern Skinny Fit. Made of soft, breathable Cotton in rich White. Ideal choice for All-Season."
PRD3793,H&M Men's Purple Slim Fit Athletic Track Pants,activewear,Athletic Track Pants,Men,Purple,XL,Slim Fit,Cotton,H&M,1349,4.5,All-Season,"Crafted from premium Cotton, this H&M Purple athletic track pants offers exceptional comfort and durability for All-Season wardrobe styling. Features a sleek Slim Fit design."
PRD3794,Zara Women's Red Skinny Fit Performance Training Vest,activewear,Performance Training Vest,Women,Red,S,Skinny Fit,Polyester,Zara,3049,3.9,All-Season,"Top-rated Zara performance training vest featuring premium Red Polyester. Tailored to a comfortable Skinny Fit, ideal for everyday wear during All-Season."
PRD3795,H&M Women's Red Skinny Fit Compression Leggings,activewear,Compression Leggings,Women,Red,XL,Skinny Fit,Rayon,H&M,1249,4.7,Summer,"Essential H&M Women's compression leggings tailored with a modern Skinny Fit. Made of soft, breathable Rayon in rich Red. Ideal choice for Summer."
PRD3796,Roadster Unisex's Olive Regular Fit Performance Training Vest,activewear,Performance Training Vest,Unisex,Olive,XL,Regular Fit,Rayon,Roadster,1949,4.0,All-Season,"Top-rated Roadster performance training vest featuring premium Olive Rayon. Tailored to a comfortable Regular Fit, ideal for everyday wear during All-Season."
PRD3797,H&M Men's Black Regular Fit Compression Leggings,activewear,Compression Leggings,Men,Black,S,Regular Fit,Rayon,H&M,799,4.7,Summer,"Elevate your look with this stylish Black compression leggings by H&M. Designed in a comfortable Regular Fit using high-grade Rayon, perfect for casual or semi-formal outings."
PRD3798,Levi's Unisex's Grey Skinny Fit Running Shorts with Liner,activewear,Running Shorts with Liner,Unisex,Grey,XXL,Skinny Fit,Cotton,Levi's,2799,4.3,All-Season,"Crafted from premium Cotton, this Levi's Grey running shorts with liner offers exceptional comfort and durability for All-Season wardrobe styling. Features a sleek Skinny Fit design."
PRD3799,Allen Solly Unisex's Navy Slim Fit Compression Leggings,activewear,Compression Leggings,Unisex,Navy,XXL,Slim Fit,Polyester,Allen Solly,2399,4.2,Summer,Stay fashion-forward with this versatile Navy compression leggings from Allen Solly. Includes a refined Slim Fit profile and high quality Polyester fabric.
PRD3800,Zara Unisex's Brown Slim Fit Running Shorts with Liner,activewear,Running Shorts with Liner,Unisex,Brown,XXL,Slim Fit,Rayon,Zara,1599,3.9,All-Season,Stay fashion-forward with this versatile Brown running shorts with liner from Zara. Includes a refined Slim Fit profile and high quality Rayon fabric.
PRD3801,W Unisex's Blue Skinny Fit Compression Leggings,activewear,Compression Leggings,Unisex,Blue,M,Skinny Fit,Cotton,W,2499,4.3,All-Season,"Crafted from premium Cotton, this W Blue compression leggings offers exceptional comfort and durability for All-Season wardrobe styling. Features a sleek Skinny Fit design."
PRD3802,Zara Men's Purple Skinny Fit Dry-Fit Workout Tee,activewear,Dry-Fit Workout Tee,Men,Purple,XL,Skinny Fit,Cotton,Zara,1499,3.6,All-Season,"Essential Zara Men's dry-fit workout tee tailored with a modern Skinny Fit. Made of soft, breathable Cotton in rich Purple. Ideal choice for All-Season."
PRD3803,Nike Men's Green Regular Fit Running Shorts with Liner,activewear,Running Shorts with Liner,Men,Green,XXL,Regular Fit,Polyester,Nike,2049,3.7,All-Season,"Crafted from premium Polyester, this Nike Green running shorts with liner offers exceptional comfort and durability for All-Season wardrobe styling. Features a sleek Regular Fit design."
PRD3804,Nike Unisex's Olive Skinny Fit Running Shorts with Liner,activewear,Running Shorts with Liner,Unisex,Olive,M,Skinny Fit,Polyester,Nike,1499,3.5,Summer,"Top-rated Nike running shorts with liner featuring premium Olive Polyester. Tailored to a comfortable Skinny Fit, ideal for everyday wear during Summer."
PRD3805,Allen Solly Unisex's Grey Skinny Fit Dry-Fit Workout Tee,activewear,Dry-Fit Workout Tee,Unisex,Grey,M,Skinny Fit,Polyester,Allen Solly,2499,4.8,Summer,"Elevate your look with this stylish Grey dry-fit workout tee by Allen Solly. Designed in a comfortable Skinny Fit using high-grade Polyester, perfect for casual or semi-formal outings."
PRD3806,Aurelia Unisex's Olive Skinny Fit Performance Training Vest,activewear,Performance Training Vest,Unisex,Olive,M,Skinny Fit,Polyester,Aurelia,2349,4.4,Summer,Stay fashion-forward with this versatile Olive performance training vest from Aurelia. Includes a refined Skinny Fit profile and high quality Polyester fabric.
PRD3807,Manyavar Unisex's Green Skinny Fit Performance Training Vest,activewear,Performance Training Vest,Unisex,Green,XL,Skinny Fit,Rayon,Manyavar,1549,3.6,Summer,"Crafted from premium Rayon, this Manyavar Green performance training vest offers exceptional comfort and durability for Summer wardrobe styling. Features a sleek Skinny Fit design."
PRD3808,W Men's Green Skinny Fit Running Shorts with Liner,activewear,Running Shorts with Liner,Men,Green,S,Skinny Fit,Cotton,W,2699,4.9,All-Season,Stay fashion-forward with this versatile Green running shorts with liner from W. Includes a refined Skinny Fit profile and high quality Cotton fabric.
PRD3809,Nike Men's Green Skinny Fit Athletic Track Pants,activewear,Athletic Track Pants,Men,Green,XXL,Skinny Fit,Rayon,Nike,2099,3.7,All-Season,"Elevate your look with this stylish Green athletic track pants by Nike. Designed in a comfortable Skinny Fit using high-grade Rayon, perfect for casual or semi-formal outings."
PRD3810,Jack & Jones Unisex's Navy Slim Fit Dry-Fit Workout Tee,activewear,Dry-Fit Workout Tee,Unisex,Navy,XXL,Slim Fit,Polyester,Jack & Jones,1849,4.7,All-Season,"Essential Jack & Jones Unisex's dry-fit workout tee tailored with a modern Slim Fit. Made of soft, breathable Polyester in rich Navy. Ideal choice for All-Season."
PRD3811,W Women's Grey Skinny Fit Compression Leggings,activewear,Compression Leggings,Women,Grey,XXL,Skinny Fit,Rayon,W,2399,4.0,All-Season,Stay fashion-forward with this versatile Grey compression leggings from W. Includes a refined Skinny Fit profile and high quality Rayon fabric.
PRD3812,Nike Men's Beige Regular Fit Performance Training Vest,activewear,Performance Training Vest,Men,Beige,M,Regular Fit,Rayon,Nike,2549,4.2,All-Season,"Crafted from premium Rayon, this Nike Beige performance training vest offers exceptional comfort and durability for All-Season wardrobe styling. Features a sleek Regular Fit design."
PRD3813,Manyavar Women's Brown Slim Fit Performance Training Vest,activewear,Performance Training Vest,Women,Brown,XXL,Slim Fit,Rayon,Manyavar,2249,4.1,All-Season,"Elevate your look with this stylish Brown performance training vest by Manyavar. Designed in a comfortable Slim Fit using high-grade Rayon, perfect for casual or semi-formal outings."
PRD3814,Biba Women's Yellow Slim Fit Athletic Track Pants,activewear,Athletic Track Pants,Women,Yellow,L,Slim Fit,Polyester,Biba,2799,3.8,Summer,"Crafted from premium Polyester, this Biba Yellow athletic track pants offers exceptional comfort and durability for Summer wardrobe styling. Features a sleek Slim Fit design."
PRD3815,Allen Solly Unisex's Beige Skinny Fit Performance Training Vest,activewear,Performance Training Vest,Unisex,Beige,M,Skinny Fit,Rayon,Allen Solly,1349,3.8,All-Season,"Essential Allen Solly Unisex's performance training vest tailored with a modern Skinny Fit. Made of soft, breathable Rayon in rich Beige. Ideal choice for All-Season."
PRD3816,Biba Women's Green Regular Fit Dry-Fit Workout Tee,activewear,Dry-Fit Workout Tee,Women,Green,XL,Regular Fit,Rayon,Biba,2499,3.8,All-Season,"Elevate your look with this stylish Green dry-fit workout tee by Biba. Designed in a comfortable Regular Fit using high-grade Rayon, perfect for casual or semi-formal outings."
PRD3817,Levi's Unisex's Blue Slim Fit Compression Leggings,activewear,Compression Leggings,Unisex,Blue,S,Slim Fit,Rayon,Levi's,1999,3.8,Summer,"Crafted from premium Rayon, this Levi's Blue compression leggings offers exceptional comfort and durability for Summer wardrobe styling. Features a sleek Slim Fit design."
PRD3818,W Women's Yellow Slim Fit Running Shorts with Liner,activewear,Running Shorts with Liner,Women,Yellow,XXL,Slim Fit,Polyester,W,2499,3.8,Summer,Stay fashion-forward with this versatile Yellow running shorts with liner from W. Includes a refined Slim Fit profile and high quality Polyester fabric.
PRD3819,Adidas Men's Purple Regular Fit Athletic Track Pants,activewear,Athletic Track Pants,Men,Purple,XL,Regular Fit,Rayon,Adidas,2999,5.0,Summer,Stay fashion-forward with this versatile Purple athletic track pants from Adidas. Includes a refined Regular Fit profile and high quality Rayon fabric.
PRD3820,Under Armour Women's Black Slim Fit Performance Training Vest,activewear,Performance Training Vest,Women,Black,S,Slim Fit,Rayon,Under Armour,899,3.9,All-Season,"Elevate your look with this stylish Black performance training vest by Under Armour. Designed in a comfortable Slim Fit using high-grade Rayon, perfect for casual or semi-formal outings."
PRD3821,Mango Unisex's Red Regular Fit Performance Training Vest,activewear,Performance Training Vest,Unisex,Red,S,Regular Fit,Cotton,Mango,2199,4.4,All-Season,"Elevate your look with this stylish Red performance training vest by Mango. Designed in a comfortable Regular Fit using high-grade Cotton, perfect for casual or semi-formal outings."
PRD3822,Roadster Men's Olive Skinny Fit Performance Training Vest,activewear,Performance Training Vest,Men,Olive,S,Skinny Fit,Polyester,Roadster,2349,4.0,Summer,"Elevate your look with this stylish Olive performance training vest by Roadster. Designed in a comfortable Skinny Fit using high-grade Polyester, perfect for casual or semi-formal outings."
PRD3823,Adidas Men's Green Slim Fit Dry-Fit Workout Tee,activewear,Dry-Fit Workout Tee,Men,Green,XXL,Slim Fit,Rayon,Adidas,1149,3.6,All-Season,Stay fashion-forward with this versatile Green dry-fit workout tee from Adidas. Includes a refined Slim Fit profile and high quality Rayon fabric.
PRD3824,FabIndia Unisex's White Regular Fit Running Shorts with Liner,activewear,Running Shorts with Liner,Unisex,White,XXL,Regular Fit,Rayon,FabIndia,1549,3.5,All-Season,"Top-rated FabIndia running shorts with liner featuring premium White Rayon. Tailored to a comfortable Regular Fit, ideal for everyday wear during All-Season."
PRD3825,Nike Unisex's Pink Regular Fit Athletic Track Pants,activewear,Athletic Track Pants,Unisex,Pink,XL,Regular Fit,Cotton,Nike,2149,4.5,All-Season,"Top-rated Nike athletic track pants featuring premium Pink Cotton. Tailored to a comfortable Regular Fit, ideal for everyday wear during All-Season."
PRD3826,Manyavar Unisex's Beige Regular Fit Compression Leggings,activewear,Compression Leggings,Unisex,Beige,XXL,Regular Fit,Cotton,Manyavar,999,4.0,Summer,"Elevate your look with this stylish Beige compression leggings by Manyavar. Designed in a comfortable Regular Fit using high-grade Cotton, perfect for casual or semi-formal outings."
PRD3827,Nike Men's Blue Regular Fit Athletic Track Pants,activewear,Athletic Track Pants,Men,Blue,L,Regular Fit,Cotton,Nike,2499,4.0,Summer,"Crafted from premium Cotton, this Nike Blue athletic track pants offers exceptional comfort and durability for Summer wardrobe styling. Features a sleek Regular Fit design."
PRD3828,Aurelia Unisex's Olive Slim Fit Performance Training Vest,activewear,Performance Training Vest,Unisex,Olive,S,Slim Fit,Polyester,Aurelia,2799,3.8,Summer,"Essential Aurelia Unisex's performance training vest tailored with a modern Slim Fit. Made of soft, breathable Polyester in rich Olive. Ideal choice for Summer."
PRD3829,HRX Men's Grey Slim Fit Running Shorts with Liner,activewear,Running Shorts with Liner,Men,Grey,XXL,Slim Fit,Polyester,HRX,2649,5.0,All-Season,"Essential HRX Men's running shorts with liner tailored with a modern Slim Fit. Made of soft, breathable Polyester in rich Grey. Ideal choice for All-Season."
PRD3830,W Men's Maroon Regular Fit Athletic Track Pants,activewear,Athletic Track Pants,Men,Maroon,XXL,Regular Fit,Polyester,W,1999,4.4,Summer,"Elevate your look with this stylish Maroon athletic track pants by W. Designed in a comfortable Regular Fit using high-grade Polyester, perfect for casual or semi-formal outings."
PRD3831,Mango Unisex's Blue Slim Fit Performance Training Vest,activewear,Performance Training Vest,Unisex,Blue,XXL,Slim Fit,Cotton,Mango,999,4.1,All-Season,"Elevate your look with this stylish Blue performance training vest by Mango. Designed in a comfortable Slim Fit using high-grade Cotton, perfect for casual or semi-formal outings."
PRD3832,Zara Men's Olive Slim Fit Dry-Fit Workout Tee,activewear,Dry-Fit Workout Tee,Men,Olive,XL,Slim Fit,Rayon,Zara,2799,4.0,All-Season,"Elevate your look with this stylish Olive dry-fit workout tee by Zara. Designed in a comfortable Slim Fit using high-grade Rayon, perfect for casual or semi-formal outings."
PRD3833,Nike Men's Brown Skinny Fit Athletic Track Pants,activewear,Athletic Track Pants,Men,Brown,S,Skinny Fit,Polyester,Nike,1749,3.6,Summer,"Top-rated Nike athletic track pants featuring premium Brown Polyester. Tailored to a comfortable Skinny Fit, ideal for everyday wear during Summer."
PRD3834,Manyavar Women's Pink Slim Fit Compression Leggings,activewear,Compression Leggings,Women,Pink,XXL,Slim Fit,Polyester,Manyavar,999,3.9,Summer,"Elevate your look with this stylish Pink compression leggings by Manyavar. Designed in a comfortable Slim Fit using high-grade Polyester, perfect for casual or semi-formal outings."
PRD3835,W Women's Yellow Regular Fit Compression Leggings,activewear,Compression Leggings,Women,Yellow,L,Regular Fit,Cotton,W,2499,4.9,All-Season,"Elevate your look with this stylish Yellow compression leggings by W. Designed in a comfortable Regular Fit using high-grade Cotton, perfect for casual or semi-formal outings."
PRD3836,Under Armour Men's White Regular Fit Performance Training Vest,activewear,Performance Training Vest,Men,White,XXL,Regular Fit,Rayon,Under Armour,1399,3.7,All-Season,"Essential Under Armour Men's performance training vest tailored with a modern Regular Fit. Made of soft, breathable Rayon in rich White. Ideal choice for All-Season."
PRD3837,Tommy Hilfiger Women's Brown Regular Fit Dry-Fit Workout Tee,activewear,Dry-Fit Workout Tee,Women,Brown,L,Regular Fit,Polyester,Tommy Hilfiger,3049,4.8,All-Season,"Crafted from premium Polyester, this Tommy Hilfiger Brown dry-fit workout tee offers exceptional comfort and durability for All-Season wardrobe styling. Features a sleek Regular Fit design."
PRD3838,Adidas Women's White Slim Fit Athletic Track Pants,activewear,Athletic Track Pants,Women,White,M,Slim Fit,Cotton,Adidas,2449,4.7,All-Season,"Crafted from premium Cotton, this Adidas White athletic track pants offers exceptional comfort and durability for All-Season wardrobe styling. Features a sleek Slim Fit design."
PRD3839,Aurelia Men's Pink Skinny Fit Athletic Track Pants,activewear,Athletic Track Pants,Men,Pink,L,Skinny Fit,Rayon,Aurelia,1149,4.7,Summer,"Top-rated Aurelia athletic track pants featuring premium Pink Rayon. Tailored to a comfortable Skinny Fit, ideal for everyday wear during Summer."
PRD3840,Adidas Men's Blue Regular Fit Compression Leggings,activewear,Compression Leggings,Men,Blue,S,Regular Fit,Rayon,Adidas,1749,3.5,All-Season,Stay fashion-forward with this versatile Blue compression leggings from Adidas. Includes a refined Regular Fit profile and high quality Rayon fabric.
PRD3841,Biba Unisex's Maroon Regular Fit Performance Training Vest,activewear,Performance Training Vest,Unisex,Maroon,XXL,Regular Fit,Cotton,Biba,2549,4.5,All-Season,"Essential Biba Unisex's performance training vest tailored with a modern Regular Fit. Made of soft, breathable Cotton in rich Maroon. Ideal choice for All-Season."
PRD3842,W Unisex's Beige Slim Fit Performance Training Vest,activewear,Performance Training Vest,Unisex,Beige,S,Slim Fit,Cotton,W,1499,4.6,Summer,Stay fashion-forward with this versatile Beige performance training vest from W. Includes a refined Slim Fit profile and high quality Cotton fabric.
PRD3843,Mango Women's Olive Slim Fit Running Shorts with Liner,activewear,Running Shorts with Liner,Women,Olive,XXL,Slim Fit,Rayon,Mango,1049,3.6,Summer,"Elevate your look with this stylish Olive running shorts with liner by Mango. Designed in a comfortable Slim Fit using high-grade Rayon, perfect for casual or semi-formal outings."
PRD3844,Allen Solly Women's Red Regular Fit Performance Training Vest,activewear,Performance Training Vest,Women,Red,XL,Regular Fit,Rayon,Allen Solly,1349,3.7,All-Season,"Elevate your look with this stylish Red performance training vest by Allen Solly. Designed in a comfortable Regular Fit using high-grade Rayon, perfect for casual or semi-formal outings."
PRD3845,US Polo Assn Unisex's White Regular Fit Dry-Fit Workout Tee,activewear,Dry-Fit Workout Tee,Unisex,White,M,Regular Fit,Polyester,US Polo Assn,1899,3.6,All-Season,"Top-rated US Polo Assn dry-fit workout tee featuring premium White Polyester. Tailored to a comfortable Regular Fit, ideal for everyday wear during All-Season."
PRD3846,Manyavar Men's Grey Skinny Fit Running Shorts with Liner,activewear,Running Shorts with Liner,Men,Grey,M,Skinny Fit,Polyester,Manyavar,2549,4.0,All-Season,"Crafted from premium Polyester, this Manyavar Grey running shorts with liner offers exceptional comfort and durability for All-Season wardrobe styling. Features a sleek Skinny Fit design."
PRD3847,Nike Men's Olive Regular Fit Performance Training Vest,activewear,Performance Training Vest,Men,Olive,M,Regular Fit,Rayon,Nike,1999,4.6,Summer,"Top-rated Nike performance training vest featuring premium Olive Rayon. Tailored to a comfortable Regular Fit, ideal for everyday wear during Summer."
PRD3848,Adidas Unisex's Olive Slim Fit Running Shorts with Liner,activewear,Running Shorts with Liner,Unisex,Olive,M,Slim Fit,Polyester,Adidas,2299,3.5,Summer,"Top-rated Adidas running shorts with liner featuring premium Olive Polyester. Tailored to a comfortable Slim Fit, ideal for everyday wear during Summer."
PRD3849,US Polo Assn Women's Navy Skinny Fit Athletic Track Pants,activewear,Athletic Track Pants,Women,Navy,XXL,Skinny Fit,Polyester,US Polo Assn,2499,4.5,All-Season,"Essential US Polo Assn Women's athletic track pants tailored with a modern Skinny Fit. Made of soft, breathable Polyester in rich Navy. Ideal choice for All-Season."
PRD3850,HRX Men's Pink Skinny Fit Compression Leggings,activewear,Compression Leggings,Men,Pink,L,Skinny Fit,Rayon,HRX,2799,4.0,All-Season,"Top-rated HRX compression leggings featuring premium Pink Rayon. Tailored to a comfortable Skinny Fit, ideal for everyday wear during All-Season."
PRD3851,Aurelia Unisex's Blue Slim Fit Performance Training Vest,activewear,Performance Training Vest,Unisex,Blue,L,Slim Fit,Rayon,Aurelia,2049,4.7,All-Season,"Elevate your look with this stylish Blue performance training vest by Aurelia. Designed in a comfortable Slim Fit using high-grade Rayon, perfect for casual or semi-formal outings."
PRD3852,US Polo Assn Men's Olive Skinny Fit Compression Leggings,activewear,Compression Leggings,Men,Olive,XXL,Skinny Fit,Cotton,US Polo Assn,1499,4.1,All-Season,"Crafted from premium Cotton, this US Polo Assn Olive compression leggings offers exceptional comfort and durability for All-Season wardrobe styling. Features a sleek Skinny Fit design."
PRD3853,H&M Unisex's Red Regular Fit Dry-Fit Workout Tee,activewear,Dry-Fit Workout Tee,Unisex,Red,XXL,Regular Fit,Rayon,H&M,1849,3.8,Summer,"Top-rated H&M dry-fit workout tee featuring premium Red Rayon. Tailored to a comfortable Regular Fit, ideal for everyday wear during Summer."
PRD3854,Under Armour Men's Olive Slim Fit Running Shorts with Liner,activewear,Running Shorts with Liner,Men,Olive,XL,Slim Fit,Polyester,Under Armour,2349,4.1,Summer,Stay fashion-forward with this versatile Olive running shorts with liner from Under Armour. Includes a refined Slim Fit profile and high quality Polyester fabric.
PRD3855,FabIndia Unisex's Navy Slim Fit Running Shorts with Liner,activewear,Running Shorts with Liner,Unisex,Navy,S,Slim Fit,Polyester,FabIndia,1799,3.6,Summer,"Crafted from premium Polyester, this FabIndia Navy running shorts with liner offers exceptional comfort and durability for Summer wardrobe styling. Features a sleek Slim Fit design."
PRD3856,Aurelia Unisex's Olive Slim Fit Running Shorts with Liner,activewear,Running Shorts with Liner,Unisex,Olive,L,Slim Fit,Cotton,Aurelia,1299,3.9,All-Season,"Elevate your look with this stylish Olive running shorts with liner by Aurelia. Designed in a comfortable Slim Fit using high-grade Cotton, perfect for casual or semi-formal outings."
PRD3857,US Polo Assn Women's Grey Skinny Fit Dry-Fit Workout Tee,activewear,Dry-Fit Workout Tee,Women,Grey,L,Skinny Fit,Polyester,US Polo Assn,2449,3.8,All-Season,"Essential US Polo Assn Women's dry-fit workout tee tailored with a modern Skinny Fit. Made of soft, breathable Polyester in rich Grey. Ideal choice for All-Season."
PRD3858,Manyavar Unisex's Red Slim Fit Performance Training Vest,activewear,Performance Training Vest,Unisex,Red,XL,Slim Fit,Rayon,Manyavar,2299,3.7,All-Season,"Top-rated Manyavar performance training vest featuring premium Red Rayon. Tailored to a comfortable Slim Fit, ideal for everyday wear during All-Season."
PRD3859,Biba Unisex's Green Skinny Fit Athletic Track Pants,activewear,Athletic Track Pants,Unisex,Green,L,Skinny Fit,Polyester,Biba,1949,3.8,Summer,"Elevate your look with this stylish Green athletic track pants by Biba. Designed in a comfortable Skinny Fit using high-grade Polyester, perfect for casual or semi-formal outings."
PRD3860,Aurelia Women's Pink Slim Fit Running Shorts with Liner,activewear,Running Shorts with Liner,Women,Pink,L,Slim Fit,Cotton,Aurelia,849,4.2,Summer,"Elevate your look with this stylish Pink running shorts with liner by Aurelia. Designed in a comfortable Slim Fit using high-grade Cotton, perfect for casual or semi-formal outings."
PRD3861,Tommy Hilfiger Unisex's Purple Regular Fit Dry-Fit Workout Tee,activewear,Dry-Fit Workout Tee,Unisex,Purple,XXL,Regular Fit,Polyester,Tommy Hilfiger,1899,4.8,Summer,Stay fashion-forward with this versatile Purple dry-fit workout tee from Tommy Hilfiger. Includes a refined Regular Fit profile and high quality Polyester fabric.
PRD3862,Levi's Unisex's Grey Skinny Fit Running Shorts with Liner,activewear,Running Shorts with Liner,Unisex,Grey,L,Skinny Fit,Rayon,Levi's,1649,4.0,Summer,"Crafted from premium Rayon, this Levi's Grey running shorts with liner offers exceptional comfort and durability for Summer wardrobe styling. Features a sleek Skinny Fit design."
PRD3863,Mango Women's Black Regular Fit Athletic Track Pants,activewear,Athletic Track Pants,Women,Black,XXL,Regular Fit,Rayon,Mango,2899,3.8,All-Season,"Crafted from premium Rayon, this Mango Black athletic track pants offers exceptional comfort and durability for All-Season wardrobe styling. Features a sleek Regular Fit design."
PRD3864,Under Armour Women's Green Slim Fit Performance Training Vest,activewear,Performance Training Vest,Women,Green,M,Slim Fit,Cotton,Under Armour,1899,5.0,Summer,"Top-rated Under Armour performance training vest featuring premium Green Cotton. Tailored to a comfortable Slim Fit, ideal for everyday wear during Summer."
PRD3865,Biba Unisex's Grey Regular Fit Athletic Track Pants,activewear,Athletic Track Pants,Unisex,Grey,XL,Regular Fit,Rayon,Biba,849,4.1,Summer,"Crafted from premium Rayon, this Biba Grey athletic track pants offers exceptional comfort and durability for Summer wardrobe styling. Features a sleek Regular Fit design."
PRD3866,Jack & Jones Women's Pink Slim Fit Dry-Fit Workout Tee,activewear,Dry-Fit Workout Tee,Women,Pink,XXL,Slim Fit,Polyester,Jack & Jones,2599,4.9,Summer,"Crafted from premium Polyester, this Jack & Jones Pink dry-fit workout tee offers exceptional comfort and durability for Summer wardrobe styling. Features a sleek Slim Fit design."
PRD3867,Levi's Unisex's Green Skinny Fit Running Shorts with Liner,activewear,Running Shorts with Liner,Unisex,Green,L,Skinny Fit,Rayon,Levi's,2399,4.2,All-Season,"Essential Levi's Unisex's running shorts with liner tailored with a modern Skinny Fit. Made of soft, breathable Rayon in rich Green. Ideal choice for All-Season."
PRD3868,HRX Unisex's Navy Slim Fit Athletic Track Pants,activewear,Athletic Track Pants,Unisex,Navy,S,Slim Fit,Cotton,HRX,2999,4.6,Summer,Stay fashion-forward with this versatile Navy athletic track pants from HRX. Includes a refined Slim Fit profile and high quality Cotton fabric.
PRD3869,Levi's Women's Beige Skinny Fit Dry-Fit Workout Tee,activewear,Dry-Fit Workout Tee,Women,Beige,XXL,Skinny Fit,Rayon,Levi's,1499,3.8,Summer,"Elevate your look with this stylish Beige dry-fit workout tee by Levi's. Designed in a comfortable Skinny Fit using high-grade Rayon, perfect for casual or semi-formal outings."
PRD3870,W Unisex's Grey Skinny Fit Performance Training Vest,activewear,Performance Training Vest,Unisex,Grey,S,Skinny Fit,Cotton,W,1899,4.0,Summer,"Crafted from premium Cotton, this W Grey performance training vest offers exceptional comfort and durability for Summer wardrobe styling. Features a sleek Skinny Fit design."
PRD3871,Tommy Hilfiger Women's Purple Skinny Fit Athletic Track Pants,activewear,Athletic Track Pants,Women,Purple,XL,Skinny Fit,Cotton,Tommy Hilfiger,2199,4.0,All-Season,"Elevate your look with this stylish Purple athletic track pants by Tommy Hilfiger. Designed in a comfortable Skinny Fit using high-grade Cotton, perfect for casual or semi-formal outings."
PRD3872,Adidas Unisex's Grey Slim Fit Running Shorts with Liner,activewear,Running Shorts with Liner,Unisex,Grey,L,Slim Fit,Rayon,Adidas,2599,3.7,All-Season,"Crafted from premium Rayon, this Adidas Grey running shorts with liner offers exceptional comfort and durability for All-Season wardrobe styling. Features a sleek Slim Fit design."
PRD3873,Roadster Men's Purple Skinny Fit Compression Leggings,activewear,Compression Leggings,Men,Purple,XL,Skinny Fit,Polyester,Roadster,2549,4.6,Summer,Stay fashion-forward with this versatile Purple compression leggings from Roadster. Includes a refined Skinny Fit profile and high quality Polyester fabric.
PRD3874,US Polo Assn Men's Olive Regular Fit Performance Training Vest,activewear,Performance Training Vest,Men,Olive,XXL,Regular Fit,Polyester,US Polo Assn,1799,4.6,Summer,Stay fashion-forward with this versatile Olive performance training vest from US Polo Assn. Includes a refined Regular Fit profile and high quality Polyester fabric.
PRD3875,Aurelia Unisex's Grey Slim Fit Dry-Fit Workout Tee,activewear,Dry-Fit Workout Tee,Unisex,Grey,M,Slim Fit,Rayon,Aurelia,849,4.6,Summer,"Crafted from premium Rayon, this Aurelia Grey dry-fit workout tee offers exceptional comfort and durability for Summer wardrobe styling. Features a sleek Slim Fit design."
PRD3876,Levi's Men's Beige Skinny Fit Dry-Fit Workout Tee,activewear,Dry-Fit Workout Tee,Men,Beige,XXL,Skinny Fit,Cotton,Levi's,2149,3.6,Summer,"Top-rated Levi's dry-fit workout tee featuring premium Beige Cotton. Tailored to a comfortable Skinny Fit, ideal for everyday wear during Summer."
PRD3877,Allen Solly Women's Olive Skinny Fit Dry-Fit Workout Tee,activewear,Dry-Fit Workout Tee,Women,Olive,XL,Skinny Fit,Rayon,Allen Solly,2649,4.0,All-Season,Stay fashion-forward with this versatile Olive dry-fit workout tee from Allen Solly. Includes a refined Skinny Fit profile and high quality Rayon fabric.
PRD3878,Mango Men's Grey Regular Fit Dry-Fit Workout Tee,activewear,Dry-Fit Workout Tee,Men,Grey,S,Regular Fit,Rayon,Mango,1549,4.6,All-Season,"Elevate your look with this stylish Grey dry-fit workout tee by Mango. Designed in a comfortable Regular Fit using high-grade Rayon, perfect for casual or semi-formal outings."
PRD3879,Adidas Unisex's Green Slim Fit Compression Leggings,activewear,Compression Leggings,Unisex,Green,XL,Slim Fit,Cotton,Adidas,2849,4.7,Summer,Stay fashion-forward with this versatile Green compression leggings from Adidas. Includes a refined Slim Fit profile and high quality Cotton fabric.
PRD3880,Puma Men's Yellow Slim Fit Running Shorts with Liner,activewear,Running Shorts with Liner,Men,Yellow,M,Slim Fit,Cotton,Puma,1699,4.1,All-Season,Stay fashion-forward with this versatile Yellow running shorts with liner from Puma. Includes a refined Slim Fit profile and high quality Cotton fabric.
PRD3881,H&M Unisex's Purple Skinny Fit Athletic Track Pants,activewear,Athletic Track Pants,Unisex,Purple,M,Skinny Fit,Polyester,H&M,1299,4.8,Summer,"Essential H&M Unisex's athletic track pants tailored with a modern Skinny Fit. Made of soft, breathable Polyester in rich Purple. Ideal choice for Summer."
PRD3882,Adidas Women's Beige Regular Fit Compression Leggings,activewear,Compression Leggings,Women,Beige,M,Regular Fit,Polyester,Adidas,2349,3.9,Summer,Stay fashion-forward with this versatile Beige compression leggings from Adidas. Includes a refined Regular Fit profile and high quality Polyester fabric.
PRD3883,Jack & Jones Women's Maroon Slim Fit Performance Training Vest,activewear,Performance Training Vest,Women,Maroon,XL,Slim Fit,Cotton,Jack & Jones,1849,4.7,Summer,"Essential Jack & Jones Women's performance training vest tailored with a modern Slim Fit. Made of soft, breathable Cotton in rich Maroon. Ideal choice for Summer."
PRD3884,Adidas Unisex's Red Regular Fit Compression Leggings,activewear,Compression Leggings,Unisex,Red,M,Regular Fit,Cotton,Adidas,2199,4.8,Summer,Stay fashion-forward with this versatile Red compression leggings from Adidas. Includes a refined Regular Fit profile and high quality Cotton fabric.
PRD3885,Jack & Jones Men's Brown Slim Fit Compression Leggings,activewear,Compression Leggings,Men,Brown,XL,Slim Fit,Rayon,Jack & Jones,2499,4.3,Summer,"Essential Jack & Jones Men's compression leggings tailored with a modern Slim Fit. Made of soft, breathable Rayon in rich Brown. Ideal choice for Summer."
PRD3886,Levi's Men's Black Regular Fit Compression Leggings,activewear,Compression Leggings,Men,Black,L,Regular Fit,Rayon,Levi's,1099,4.0,Summer,Stay fashion-forward with this versatile Black compression leggings from Levi's. Includes a refined Regular Fit profile and high quality Rayon fabric.
PRD3887,W Women's Blue Slim Fit Running Shorts with Liner,activewear,Running Shorts with Liner,Women,Blue,M,Slim Fit,Rayon,W,1649,3.6,Summer,"Top-rated W running shorts with liner featuring premium Blue Rayon. Tailored to a comfortable Slim Fit, ideal for everyday wear during Summer."
PRD3888,Zara Unisex's Maroon Slim Fit Dry-Fit Workout Tee,activewear,Dry-Fit Workout Tee,Unisex,Maroon,S,Slim Fit,Cotton,Zara,2449,4.1,Summer,"Essential Zara Unisex's dry-fit workout tee tailored with a modern Slim Fit. Made of soft, breathable Cotton in rich Maroon. Ideal choice for Summer."
PRD3889,Manyavar Men's Maroon Regular Fit Running Shorts with Liner,activewear,Running Shorts with Liner,Men,Maroon,L,Regular Fit,Cotton,Manyavar,1749,4.3,Summer,"Essential Manyavar Men's running shorts with liner tailored with a modern Regular Fit. Made of soft, breathable Cotton in rich Maroon. Ideal choice for Summer."
PRD3890,HRX Men's Navy Slim Fit Compression Leggings,activewear,Compression Leggings,Men,Navy,XL,Slim Fit,Polyester,HRX,2549,5.0,All-Season,"Crafted from premium Polyester, this HRX Navy compression leggings offers exceptional comfort and durability for All-Season wardrobe styling. Features a sleek Slim Fit design."
PRD3891,Zara Women's Black Skinny Fit Compression Leggings,activewear,Compression Leggings,Women,Black,S,Skinny Fit,Cotton,Zara,999,4.6,All-Season,"Essential Zara Women's compression leggings tailored with a modern Skinny Fit. Made of soft, breathable Cotton in rich Black. Ideal choice for All-Season."
PRD3892,Under Armour Women's Blue Slim Fit Compression Leggings,activewear,Compression Leggings,Women,Blue,L,Slim Fit,Cotton,Under Armour,1099,3.6,Summer,"Crafted from premium Cotton, this Under Armour Blue compression leggings offers exceptional comfort and durability for Summer wardrobe styling. Features a sleek Slim Fit design."
PRD3893,Tommy Hilfiger Men's Maroon Regular Fit Performance Training Vest,activewear,Performance Training Vest,Men,Maroon,XL,Regular Fit,Rayon,Tommy Hilfiger,1099,4.0,Summer,"Essential Tommy Hilfiger Men's performance training vest tailored with a modern Regular Fit. Made of soft, breathable Rayon in rich Maroon. Ideal choice for Summer."
PRD3894,Mango Women's Blue Skinny Fit Athletic Track Pants,activewear,Athletic Track Pants,Women,Blue,XXL,Skinny Fit,Cotton,Mango,2749,4.5,Summer,"Essential Mango Women's athletic track pants tailored with a modern Skinny Fit. Made of soft, breathable Cotton in rich Blue. Ideal choice for Summer."
PRD3895,Jack & Jones Women's Grey Skinny Fit Performance Training Vest,activewear,Performance Training Vest,Women,Grey,XXL,Skinny Fit,Cotton,Jack & Jones,1399,4.6,Summer,"Crafted from premium Cotton, this Jack & Jones Grey performance training vest offers exceptional comfort and durability for Summer wardrobe styling. Features a sleek Skinny Fit design."
PRD3896,W Women's Grey Regular Fit Running Shorts with Liner,activewear,Running Shorts with Liner,Women,Grey,S,Regular Fit,Cotton,W,2949,4.5,Summer,"Crafted from premium Cotton, this W Grey running shorts with liner offers exceptional comfort and durability for Summer wardrobe styling. Features a sleek Regular Fit design."
PRD3897,Adidas Unisex's Red Skinny Fit Running Shorts with Liner,activewear,Running Shorts with Liner,Unisex,Red,M,Skinny Fit,Polyester,Adidas,1549,4.2,All-Season,"Essential Adidas Unisex's running shorts with liner tailored with a modern Skinny Fit. Made of soft, breathable Polyester in rich Red. Ideal choice for All-Season."
PRD3898,Levi's Women's Purple Regular Fit Compression Leggings,activewear,Compression Leggings,Women,Purple,XXL,Regular Fit,Cotton,Levi's,2949,4.1,All-Season,"Elevate your look with this stylish Purple compression leggings by Levi's. Designed in a comfortable Regular Fit using high-grade Cotton, perfect for casual or semi-formal outings."
PRD3899,H&M Men's Navy Slim Fit Compression Leggings,activewear,Compression Leggings,Men,Navy,XXL,Slim Fit,Polyester,H&M,2349,4.1,All-Season,"Essential H&M Men's compression leggings tailored with a modern Slim Fit. Made of soft, breathable Polyester in rich Navy. Ideal choice for All-Season."
PRD3900,Mango Women's Purple Slim Fit Compression Leggings,activewear,Compression Leggings,Women,Purple,L,Slim Fit,Polyester,Mango,2649,4.6,All-Season,"Top-rated Mango compression leggings featuring premium Purple Polyester. Tailored to a comfortable Slim Fit, ideal for everyday wear during All-Season."
PRD3901,Tommy Hilfiger Women's Beige Regular Fit Running Shorts with Liner,activewear,Running Shorts with Liner,Women,Beige,S,Regular Fit,Rayon,Tommy Hilfiger,1549,4.0,All-Season,"Essential Tommy Hilfiger Women's running shorts with liner tailored with a modern Regular Fit. Made of soft, breathable Rayon in rich Beige. Ideal choice for All-Season."
PRD3902,US Polo Assn Men's Maroon Skinny Fit Dry-Fit Workout Tee,activewear,Dry-Fit Workout Tee,Men,Maroon,XXL,Skinny Fit,Polyester,US Polo Assn,2749,4.5,All-Season,"Essential US Polo Assn Men's dry-fit workout tee tailored with a modern Skinny Fit. Made of soft, breathable Polyester in rich Maroon. Ideal choice for All-Season."
PRD3903,H&M Unisex's Olive Skinny Fit Performance Training Vest,activewear,Performance Training Vest,Unisex,Olive,L,Skinny Fit,Rayon,H&M,2799,4.2,Summer,"Crafted from premium Rayon, this H&M Olive performance training vest offers exceptional comfort and durability for Summer wardrobe styling. Features a sleek Skinny Fit design."
PRD3904,Allen Solly Men's Navy Slim Fit Dry-Fit Workout Tee,activewear,Dry-Fit Workout Tee,Men,Navy,S,Slim Fit,Cotton,Allen Solly,1349,4.0,All-Season,"Essential Allen Solly Men's dry-fit workout tee tailored with a modern Slim Fit. Made of soft, breathable Cotton in rich Navy. Ideal choice for All-Season."
PRD3905,Allen Solly Women's Brown Regular Fit Compression Leggings,activewear,Compression Leggings,Women,Brown,L,Regular Fit,Cotton,Allen Solly,1649,4.9,All-Season,"Top-rated Allen Solly compression leggings featuring premium Brown Cotton. Tailored to a comfortable Regular Fit, ideal for everyday wear during All-Season."
PRD3906,Aurelia Unisex's White Skinny Fit Compression Leggings,activewear,Compression Leggings,Unisex,White,XXL,Skinny Fit,Polyester,Aurelia,2099,4.0,Summer,"Top-rated Aurelia compression leggings featuring premium White Polyester. Tailored to a comfortable Skinny Fit, ideal for everyday wear during Summer."
PRD3907,Zara Unisex's Green Skinny Fit Performance Training Vest,activewear,Performance Training Vest,Unisex,Green,M,Skinny Fit,Cotton,Zara,3049,5.0,All-Season,"Essential Zara Unisex's performance training vest tailored with a modern Skinny Fit. Made of soft, breathable Cotton in rich Green. Ideal choice for All-Season."
PRD3908,W Men's Grey Regular Fit Performance Training Vest,activewear,Performance Training Vest,Men,Grey,M,Regular Fit,Rayon,W,2999,3.8,All-Season,"Crafted from premium Rayon, this W Grey performance training vest offers exceptional comfort and durability for All-Season wardrobe styling. Features a sleek Regular Fit design."
PRD3909,Under Armour Women's Yellow Skinny Fit Running Shorts with Liner,activewear,Running Shorts with Liner,Women,Yellow,S,Skinny Fit,Polyester,Under Armour,1599,4.9,All-Season,"Crafted from premium Polyester, this Under Armour Yellow running shorts with liner offers exceptional comfort and durability for All-Season wardrobe styling. Features a sleek Skinny Fit design."
PRD3910,Adidas Men's Green Slim Fit Athletic Track Pants,activewear,Athletic Track Pants,Men,Green,L,Slim Fit,Cotton,Adidas,1399,3.7,All-Season,"Top-rated Adidas athletic track pants featuring premium Green Cotton. Tailored to a comfortable Slim Fit, ideal for everyday wear during All-Season."
PRD3911,W Women's Maroon Slim Fit Performance Training Vest,activewear,Performance Training Vest,Women,Maroon,M,Slim Fit,Polyester,W,1049,4.3,All-Season,"Elevate your look with this stylish Maroon performance training vest by W. Designed in a comfortable Slim Fit using high-grade Polyester, perfect for casual or semi-formal outings."
PRD3912,Mango Women's Blue Slim Fit Running Shorts with Liner,activewear,Running Shorts with Liner,Women,Blue,S,Slim Fit,Rayon,Mango,1599,3.9,Summer,"Essential Mango Women's running shorts with liner tailored with a modern Slim Fit. Made of soft, breathable Rayon in rich Blue. Ideal choice for Summer."
PRD3913,W Men's Purple Slim Fit Compression Leggings,activewear,Compression Leggings,Men,Purple,M,Slim Fit,Polyester,W,949,3.8,Summer,"Essential W Men's compression leggings tailored with a modern Slim Fit. Made of soft, breathable Polyester in rich Purple. Ideal choice for Summer."
PRD3914,US Polo Assn Women's Beige Skinny Fit Dry-Fit Workout Tee,activewear,Dry-Fit Workout Tee,Women,Beige,S,Skinny Fit,Polyester,US Polo Assn,2449,4.0,All-Season,"Top-rated US Polo Assn dry-fit workout tee featuring premium Beige Polyester. Tailored to a comfortable Skinny Fit, ideal for everyday wear during All-Season."
PRD3915,US Polo Assn Women's Beige Regular Fit Compression Leggings,activewear,Compression Leggings,Women,Beige,M,Regular Fit,Cotton,US Polo Assn,2049,4.0,Summer,"Essential US Polo Assn Women's compression leggings tailored with a modern Regular Fit. Made of soft, breathable Cotton in rich Beige. Ideal choice for Summer."
PRD3916,Nike Unisex's White Skinny Fit Performance Training Vest,activewear,Performance Training Vest,Unisex,White,M,Skinny Fit,Cotton,Nike,2449,4.9,All-Season,"Top-rated Nike performance training vest featuring premium White Cotton. Tailored to a comfortable Skinny Fit, ideal for everyday wear during All-Season."
PRD3917,Adidas Men's Black Regular Fit Compression Leggings,activewear,Compression Leggings,Men,Black,XXL,Regular Fit,Rayon,Adidas,1199,3.5,All-Season,"Crafted from premium Rayon, this Adidas Black compression leggings offers exceptional comfort and durability for All-Season wardrobe styling. Features a sleek Regular Fit design."
PRD3918,Biba Unisex's Pink Slim Fit Athletic Track Pants,activewear,Athletic Track Pants,Unisex,Pink,XXL,Slim Fit,Polyester,Biba,1299,3.7,All-Season,"Essential Biba Unisex's athletic track pants tailored with a modern Slim Fit. Made of soft, breathable Polyester in rich Pink. Ideal choice for All-Season."
PRD3919,Roadster Women's Yellow Slim Fit Dry-Fit Workout Tee,activewear,Dry-Fit Workout Tee,Women,Yellow,M,Slim Fit,Rayon,Roadster,1099,4.4,All-Season,Stay fashion-forward with this versatile Yellow dry-fit workout tee from Roadster. Includes a refined Slim Fit profile and high quality Rayon fabric.
PRD3920,W Men's Olive Regular Fit Athletic Track Pants,activewear,Athletic Track Pants,Men,Olive,M,Regular Fit,Cotton,W,899,4.3,Summer,"Essential W Men's athletic track pants tailored with a modern Regular Fit. Made of soft, breathable Cotton in rich Olive. Ideal choice for Summer."
PRD3921,Mango Unisex's Blue Skinny Fit Performance Training Vest,activewear,Performance Training Vest,Unisex,Blue,L,Skinny Fit,Polyester,Mango,1699,3.7,All-Season,"Essential Mango Unisex's performance training vest tailored with a modern Skinny Fit. Made of soft, breathable Polyester in rich Blue. Ideal choice for All-Season."
PRD3922,Mango Men's Yellow Skinny Fit Running Shorts with Liner,activewear,Running Shorts with Liner,Men,Yellow,M,Skinny Fit,Rayon,Mango,1399,3.7,All-Season,"Crafted from premium Rayon, this Mango Yellow running shorts with liner offers exceptional comfort and durability for All-Season wardrobe styling. Features a sleek Skinny Fit design."
PRD3923,Jack & Jones Unisex's Navy Skinny Fit Compression Leggings,activewear,Compression Leggings,Unisex,Navy,L,Skinny Fit,Rayon,Jack & Jones,1549,4.3,All-Season,"Crafted from premium Rayon, this Jack & Jones Navy compression leggings offers exceptional comfort and durability for All-Season wardrobe styling. Features a sleek Skinny Fit design."
PRD3924,Roadster Women's Blue Regular Fit Performance Training Vest,activewear,Performance Training Vest,Women,Blue,S,Regular Fit,Rayon,Roadster,2149,4.5,All-Season,"Top-rated Roadster performance training vest featuring premium Blue Rayon. Tailored to a comfortable Regular Fit, ideal for everyday wear during All-Season."
PRD3925,Levi's Unisex's Yellow Regular Fit Running Shorts with Liner,activewear,Running Shorts with Liner,Unisex,Yellow,S,Regular Fit,Polyester,Levi's,1949,4.3,Summer,"Elevate your look with this stylish Yellow running shorts with liner by Levi's. Designed in a comfortable Regular Fit using high-grade Polyester, perfect for casual or semi-formal outings."
PRD3926,FabIndia Men's Grey Regular Fit Compression Leggings,activewear,Compression Leggings,Men,Grey,L,Regular Fit,Rayon,FabIndia,2599,4.9,Summer,Stay fashion-forward with this versatile Grey compression leggings from FabIndia. Includes a refined Regular Fit profile and high quality Rayon fabric.
PRD3927,Tommy Hilfiger Unisex's Pink Slim Fit Dry-Fit Workout Tee,activewear,Dry-Fit Workout Tee,Unisex,Pink,XXL,Slim Fit,Rayon,Tommy Hilfiger,2849,4.0,All-Season,Stay fashion-forward with this versatile Pink dry-fit workout tee from Tommy Hilfiger. Includes a refined Slim Fit profile and high quality Rayon fabric.
PRD3928,Adidas Men's Blue Regular Fit Running Shorts with Liner,activewear,Running Shorts with Liner,Men,Blue,XL,Regular Fit,Rayon,Adidas,1349,3.8,Summer,"Top-rated Adidas running shorts with liner featuring premium Blue Rayon. Tailored to a comfortable Regular Fit, ideal for everyday wear during Summer."
PRD3929,Mango Unisex's Yellow Regular Fit Performance Training Vest,activewear,Performance Training Vest,Unisex,Yellow,L,Regular Fit,Cotton,Mango,2499,4.5,Summer,"Top-rated Mango performance training vest featuring premium Yellow Cotton. Tailored to a comfortable Regular Fit, ideal for everyday wear during Summer."
PRD3930,Puma Men's Grey Skinny Fit Dry-Fit Workout Tee,activewear,Dry-Fit Workout Tee,Men,Grey,M,Skinny Fit,Polyester,Puma,1349,4.8,Summer,"Crafted from premium Polyester, this Puma Grey dry-fit workout tee offers exceptional comfort and durability for Summer wardrobe styling. Features a sleek Skinny Fit design."
PRD3931,H&M Unisex's Purple Slim Fit Dry-Fit Workout Tee,activewear,Dry-Fit Workout Tee,Unisex,Purple,S,Slim Fit,Cotton,H&M,1899,4.2,Summer,"Top-rated H&M dry-fit workout tee featuring premium Purple Cotton. Tailored to a comfortable Slim Fit, ideal for everyday wear during Summer."
PRD3932,Adidas Men's Brown Skinny Fit Athletic Track Pants,activewear,Athletic Track Pants,Men,Brown,M,Skinny Fit,Cotton,Adidas,2849,3.5,All-Season,"Essential Adidas Men's athletic track pants tailored with a modern Skinny Fit. Made of soft, breathable Cotton in rich Brown. Ideal choice for All-Season."
PRD3933,Nike Unisex's Pink Regular Fit Compression Leggings,activewear,Compression Leggings,Unisex,Pink,XXL,Regular Fit,Cotton,Nike,1449,4.9,All-Season,"Top-rated Nike compression leggings featuring premium Pink Cotton. Tailored to a comfortable Regular Fit, ideal for everyday wear during All-Season."
PRD3934,US Polo Assn Men's Pink Skinny Fit Compression Leggings,activewear,Compression Leggings,Men,Pink,XL,Skinny Fit,Polyester,US Polo Assn,949,4.9,Summer,"Elevate your look with this stylish Pink compression leggings by US Polo Assn. Designed in a comfortable Skinny Fit using high-grade Polyester, perfect for casual or semi-formal outings."
PRD3935,US Polo Assn Men's Yellow Slim Fit Athletic Track Pants,activewear,Athletic Track Pants,Men,Yellow,S,Slim Fit,Cotton,US Polo Assn,2449,4.2,Summer,"Crafted from premium Cotton, this US Polo Assn Yellow athletic track pants offers exceptional comfort and durability for Summer wardrobe styling. Features a sleek Slim Fit design."
PRD3936,Under Armour Unisex's Red Slim Fit Compression Leggings,activewear,Compression Leggings,Unisex,Red,XL,Slim Fit,Cotton,Under Armour,799,4.7,Summer,"Essential Under Armour Unisex's compression leggings tailored with a modern Slim Fit. Made of soft, breathable Cotton in rich Red. Ideal choice for Summer."
PRD3937,Manyavar Women's Purple Skinny Fit Performance Training Vest,activewear,Performance Training Vest,Women,Purple,L,Skinny Fit,Cotton,Manyavar,2349,4.5,Summer,"Elevate your look with this stylish Purple performance training vest by Manyavar. Designed in a comfortable Skinny Fit using high-grade Cotton, perfect for casual or semi-formal outings."
PRD3938,Under Armour Women's Brown Skinny Fit Running Shorts with Liner,activewear,Running Shorts with Liner,Women,Brown,M,Skinny Fit,Cotton,Under Armour,2949,4.9,All-Season,"Top-rated Under Armour running shorts with liner featuring premium Brown Cotton. Tailored to a comfortable Skinny Fit, ideal for everyday wear during All-Season."
PRD3939,Levi's Unisex's Red Slim Fit Dry-Fit Workout Tee,activewear,Dry-Fit Workout Tee,Unisex,Red,M,Slim Fit,Polyester,Levi's,949,4.2,Summer,"Top-rated Levi's dry-fit workout tee featuring premium Red Polyester. Tailored to a comfortable Slim Fit, ideal for everyday wear during Summer."
PRD3940,Manyavar Women's Yellow Skinny Fit Compression Leggings,activewear,Compression Leggings,Women,Yellow,XL,Skinny Fit,Rayon,Manyavar,2449,4.5,Summer,"Top-rated Manyavar compression leggings featuring premium Yellow Rayon. Tailored to a comfortable Skinny Fit, ideal for everyday wear during Summer."
PRD3941,Levi's Women's Green Regular Fit Performance Training Vest,activewear,Performance Training Vest,Women,Green,XL,Regular Fit,Cotton,Levi's,1899,4.6,All-Season,"Top-rated Levi's performance training vest featuring premium Green Cotton. Tailored to a comfortable Regular Fit, ideal for everyday wear during All-Season."
PRD3942,Tommy Hilfiger Women's Navy Slim Fit Performance Training Vest,activewear,Performance Training Vest,Women,Navy,L,Slim Fit,Polyester,Tommy Hilfiger,1599,3.6,All-Season,Stay fashion-forward with this versatile Navy performance training vest from Tommy Hilfiger. Includes a refined Slim Fit profile and high quality Polyester fabric.
PRD3943,Tommy Hilfiger Unisex's Brown Skinny Fit Compression Leggings,activewear,Compression Leggings,Unisex,Brown,XXL,Skinny Fit,Rayon,Tommy Hilfiger,2799,3.9,All-Season,Stay fashion-forward with this versatile Brown compression leggings from Tommy Hilfiger. Includes a refined Skinny Fit profile and high quality Rayon fabric.
PRD3944,Adidas Unisex's Blue Skinny Fit Dry-Fit Workout Tee,activewear,Dry-Fit Workout Tee,Unisex,Blue,XXL,Skinny Fit,Cotton,Adidas,2349,4.5,Summer,"Elevate your look with this stylish Blue dry-fit workout tee by Adidas. Designed in a comfortable Skinny Fit using high-grade Cotton, perfect for casual or semi-formal outings."
PRD3945,HRX Women's Brown Slim Fit Athletic Track Pants,activewear,Athletic Track Pants,Women,Brown,XXL,Slim Fit,Cotton,HRX,2799,4.1,All-Season,"Essential HRX Women's athletic track pants tailored with a modern Slim Fit. Made of soft, breathable Cotton in rich Brown. Ideal choice for All-Season."
PRD3946,Puma Unisex's Grey Regular Fit Compression Leggings,activewear,Compression Leggings,Unisex,Grey,L,Regular Fit,Rayon,Puma,2549,4.0,All-Season,"Crafted from premium Rayon, this Puma Grey compression leggings offers exceptional comfort and durability for All-Season wardrobe styling. Features a sleek Regular Fit design."
PRD3947,Biba Unisex's Pink Regular Fit Athletic Track Pants,activewear,Athletic Track Pants,Unisex,Pink,S,Regular Fit,Polyester,Biba,1599,4.0,All-Season,"Top-rated Biba athletic track pants featuring premium Pink Polyester. Tailored to a comfortable Regular Fit, ideal for everyday wear during All-Season."
PRD3948,FabIndia Men's Grey Slim Fit Dry-Fit Workout Tee,activewear,Dry-Fit Workout Tee,Men,Grey,L,Slim Fit,Polyester,FabIndia,2699,4.5,All-Season,"Elevate your look with this stylish Grey dry-fit workout tee by FabIndia. Designed in a comfortable Slim Fit using high-grade Polyester, perfect for casual or semi-formal outings."
PRD3949,FabIndia Men's White Skinny Fit Compression Leggings,activewear,Compression Leggings,Men,White,L,Skinny Fit,Rayon,FabIndia,1449,4.2,All-Season,Stay fashion-forward with this versatile White compression leggings from FabIndia. Includes a refined Skinny Fit profile and high quality Rayon fabric.
PRD3950,Aurelia Unisex's Olive Skinny Fit Dry-Fit Workout Tee,activewear,Dry-Fit Workout Tee,Unisex,Olive,S,Skinny Fit,Rayon,Aurelia,1099,4.7,Summer,"Top-rated Aurelia dry-fit workout tee featuring premium Olive Rayon. Tailored to a comfortable Skinny Fit, ideal for everyday wear during Summer."
PRD3951,Zara Men's Brown Slim Fit Compression Leggings,activewear,Compression Leggings,Men,Brown,XXL,Slim Fit,Polyester,Zara,799,3.6,Summer,"Essential Zara Men's compression leggings tailored with a modern Slim Fit. Made of soft, breathable Polyester in rich Brown. Ideal choice for Summer."
PRD3952,Puma Unisex's Red Regular Fit Athletic Track Pants,activewear,Athletic Track Pants,Unisex,Red,XL,Regular Fit,Cotton,Puma,2749,3.7,Summer,"Essential Puma Unisex's athletic track pants tailored with a modern Regular Fit. Made of soft, breathable Cotton in rich Red. Ideal choice for Summer."
PRD3953,Tommy Hilfiger Women's Grey Slim Fit Compression Leggings,activewear,Compression Leggings,Women,Grey,XXL,Slim Fit,Rayon,Tommy Hilfiger,1399,4.8,All-Season,"Crafted from premium Rayon, this Tommy Hilfiger Grey compression leggings offers exceptional comfort and durability for All-Season wardrobe styling. Features a sleek Slim Fit design."
PRD3954,HRX Women's Maroon Regular Fit Athletic Track Pants,activewear,Athletic Track Pants,Women,Maroon,XL,Regular Fit,Cotton,HRX,1349,3.6,All-Season,"Essential HRX Women's athletic track pants tailored with a modern Regular Fit. Made of soft, breathable Cotton in rich Maroon. Ideal choice for All-Season."
PRD3955,Allen Solly Unisex's Purple Regular Fit Athletic Track Pants,activewear,Athletic Track Pants,Unisex,Purple,S,Regular Fit,Cotton,Allen Solly,1399,4.6,All-Season,"Essential Allen Solly Unisex's athletic track pants tailored with a modern Regular Fit. Made of soft, breathable Cotton in rich Purple. Ideal choice for All-Season."
PRD3956,HRX Unisex's Olive Skinny Fit Athletic Track Pants,activewear,Athletic Track Pants,Unisex,Olive,S,Skinny Fit,Polyester,HRX,1449,5.0,Summer,"Essential HRX Unisex's athletic track pants tailored with a modern Skinny Fit. Made of soft, breathable Polyester in rich Olive. Ideal choice for Summer."
PRD3957,Tommy Hilfiger Unisex's Red Slim Fit Running Shorts with Liner,activewear,Running Shorts with Liner,Unisex,Red,XL,Slim Fit,Cotton,Tommy Hilfiger,2149,4.8,Summer,"Top-rated Tommy Hilfiger running shorts with liner featuring premium Red Cotton. Tailored to a comfortable Slim Fit, ideal for everyday wear during Summer."
PRD3958,Roadster Men's Grey Slim Fit Dry-Fit Workout Tee,activewear,Dry-Fit Workout Tee,Men,Grey,M,Slim Fit,Rayon,Roadster,2299,4.1,Summer,"Top-rated Roadster dry-fit workout tee featuring premium Grey Rayon. Tailored to a comfortable Slim Fit, ideal for everyday wear during Summer."
PRD3959,Adidas Unisex's Grey Slim Fit Compression Leggings,activewear,Compression Leggings,Unisex,Grey,XL,Slim Fit,Rayon,Adidas,2199,3.6,All-Season,"Top-rated Adidas compression leggings featuring premium Grey Rayon. Tailored to a comfortable Slim Fit, ideal for everyday wear during All-Season."
PRD3960,Under Armour Unisex's Yellow Slim Fit Dry-Fit Workout Tee,activewear,Dry-Fit Workout Tee,Unisex,Yellow,L,Slim Fit,Rayon,Under Armour,2299,3.6,Summer,"Top-rated Under Armour dry-fit workout tee featuring premium Yellow Rayon. Tailored to a comfortable Slim Fit, ideal for everyday wear during Summer."
PRD3961,Adidas Men's Brown Regular Fit Compression Leggings,activewear,Compression Leggings,Men,Brown,L,Regular Fit,Cotton,Adidas,1599,4.5,All-Season,Stay fashion-forward with this versatile Brown compression leggings from Adidas. Includes a refined Regular Fit profile and high quality Cotton fabric.
PRD3962,Adidas Unisex's White Skinny Fit Performance Training Vest,activewear,Performance Training Vest,Unisex,White,XXL,Skinny Fit,Cotton,Adidas,2149,4.5,All-Season,Stay fashion-forward with this versatile White performance training vest from Adidas. Includes a refined Skinny Fit profile and high quality Cotton fabric.
PRD3963,Adidas Women's Grey Regular Fit Athletic Track Pants,activewear,Athletic Track Pants,Women,Grey,XXL,Regular Fit,Rayon,Adidas,899,4.2,Summer,"Essential Adidas Women's athletic track pants tailored with a modern Regular Fit. Made of soft, breathable Rayon in rich Grey. Ideal choice for Summer."
PRD3964,Tommy Hilfiger Unisex's Pink Regular Fit Compression Leggings,activewear,Compression Leggings,Unisex,Pink,L,Regular Fit,Cotton,Tommy Hilfiger,1699,5.0,All-Season,Stay fashion-forward with this versatile Pink compression leggings from Tommy Hilfiger. Includes a refined Regular Fit profile and high quality Cotton fabric.
PRD3965,Aurelia Unisex's Beige Slim Fit Athletic Track Pants,activewear,Athletic Track Pants,Unisex,Beige,XXL,Slim Fit,Rayon,Aurelia,1499,4.9,Summer,"Crafted from premium Rayon, this Aurelia Beige athletic track pants offers exceptional comfort and durability for Summer wardrobe styling. Features a sleek Slim Fit design."
PRD3966,Under Armour Unisex's Purple Slim Fit Compression Leggings,activewear,Compression Leggings,Unisex,Purple,M,Slim Fit,Rayon,Under Armour,1999,4.8,Summer,"Essential Under Armour Unisex's compression leggings tailored with a modern Slim Fit. Made of soft, breathable Rayon in rich Purple. Ideal choice for Summer."
PRD3967,Allen Solly Unisex's Beige Regular Fit Compression Leggings,activewear,Compression Leggings,Unisex,Beige,S,Regular Fit,Polyester,Allen Solly,1199,3.7,All-Season,"Essential Allen Solly Unisex's compression leggings tailored with a modern Regular Fit. Made of soft, breathable Polyester in rich Beige. Ideal choice for All-Season."
PRD3968,Adidas Women's Purple Slim Fit Athletic Track Pants,activewear,Athletic Track Pants,Women,Purple,M,Slim Fit,Rayon,Adidas,1049,4.7,Summer,"Essential Adidas Women's athletic track pants tailored with a modern Slim Fit. Made of soft, breathable Rayon in rich Purple. Ideal choice for Summer."
PRD3969,Aurelia Men's White Regular Fit Athletic Track Pants,activewear,Athletic Track Pants,Men,White,XXL,Regular Fit,Rayon,Aurelia,2149,4.1,Summer,"Crafted from premium Rayon, this Aurelia White athletic track pants offers exceptional comfort and durability for Summer wardrobe styling. Features a sleek Regular Fit design."
PRD3970,Puma Women's Olive Skinny Fit Compression Leggings,activewear,Compression Leggings,Women,Olive,L,Skinny Fit,Cotton,Puma,1149,4.1,Summer,"Essential Puma Women's compression leggings tailored with a modern Skinny Fit. Made of soft, breathable Cotton in rich Olive. Ideal choice for Summer."
PRD3971,W Men's Pink Skinny Fit Athletic Track Pants,activewear,Athletic Track Pants,Men,Pink,M,Skinny Fit,Rayon,W,1349,4.3,All-Season,"Essential W Men's athletic track pants tailored with a modern Skinny Fit. Made of soft, breathable Rayon in rich Pink. Ideal choice for All-Season."
PRD3972,W Men's Purple Skinny Fit Performance Training Vest,activewear,Performance Training Vest,Men,Purple,XL,Skinny Fit,Cotton,W,1999,4.7,Summer,"Essential W Men's performance training vest tailored with a modern Skinny Fit. Made of soft, breathable Cotton in rich Purple. Ideal choice for Summer."
PRD3973,Manyavar Unisex's Grey Regular Fit Dry-Fit Workout Tee,activewear,Dry-Fit Workout Tee,Unisex,Grey,XXL,Regular Fit,Polyester,Manyavar,1849,4.4,All-Season,"Crafted from premium Polyester, this Manyavar Grey dry-fit workout tee offers exceptional comfort and durability for All-Season wardrobe styling. Features a sleek Regular Fit design."
PRD3974,Allen Solly Men's Red Slim Fit Athletic Track Pants,activewear,Athletic Track Pants,Men,Red,XL,Slim Fit,Cotton,Allen Solly,799,4.0,Summer,Stay fashion-forward with this versatile Red athletic track pants from Allen Solly. Includes a refined Slim Fit profile and high quality Cotton fabric.
PRD3975,Nike Women's Brown Skinny Fit Compression Leggings,activewear,Compression Leggings,Women,Brown,L,Skinny Fit,Rayon,Nike,2799,4.5,All-Season,Stay fashion-forward with this versatile Brown compression leggings from Nike. Includes a refined Skinny Fit profile and high quality Rayon fabric.
PRD3976,Puma Men's Yellow Regular Fit Compression Leggings,activewear,Compression Leggings,Men,Yellow,XXL,Regular Fit,Cotton,Puma,2149,5.0,Summer,"Top-rated Puma compression leggings featuring premium Yellow Cotton. Tailored to a comfortable Regular Fit, ideal for everyday wear during Summer."
PRD3977,Allen Solly Women's Navy Skinny Fit Athletic Track Pants,activewear,Athletic Track Pants,Women,Navy,S,Skinny Fit,Rayon,Allen Solly,2649,3.5,All-Season,"Top-rated Allen Solly athletic track pants featuring premium Navy Rayon. Tailored to a comfortable Skinny Fit, ideal for everyday wear during All-Season."
PRD3978,Biba Men's Blue Regular Fit Dry-Fit Workout Tee,activewear,Dry-Fit Workout Tee,Men,Blue,S,Regular Fit,Rayon,Biba,1199,4.2,All-Season,"Crafted from premium Rayon, this Biba Blue dry-fit workout tee offers exceptional comfort and durability for All-Season wardrobe styling. Features a sleek Regular Fit design."
PRD3979,Biba Unisex's Brown Skinny Fit Athletic Track Pants,activewear,Athletic Track Pants,Unisex,Brown,XL,Skinny Fit,Rayon,Biba,2999,4.1,All-Season,"Top-rated Biba athletic track pants featuring premium Brown Rayon. Tailored to a comfortable Skinny Fit, ideal for everyday wear during All-Season."
PRD3980,FabIndia Women's Navy Skinny Fit Performance Training Vest,activewear,Performance Training Vest,Women,Navy,M,Skinny Fit,Polyester,FabIndia,1199,4.6,Summer,"Essential FabIndia Women's performance training vest tailored with a modern Skinny Fit. Made of soft, breathable Polyester in rich Navy. Ideal choice for Summer."
PRD3981,Under Armour Unisex's Yellow Skinny Fit Running Shorts with Liner,activewear,Running Shorts with Liner,Unisex,Yellow,XL,Skinny Fit,Rayon,Under Armour,1799,4.0,Summer,"Elevate your look with this stylish Yellow running shorts with liner by Under Armour. Designed in a comfortable Skinny Fit using high-grade Rayon, perfect for casual or semi-formal outings."
PRD3982,HRX Men's Navy Skinny Fit Athletic Track Pants,activewear,Athletic Track Pants,Men,Navy,S,Skinny Fit,Rayon,HRX,2799,3.6,Summer,"Elevate your look with this stylish Navy athletic track pants by HRX. Designed in a comfortable Skinny Fit using high-grade Rayon, perfect for casual or semi-formal outings."
PRD3983,Roadster Unisex's Red Regular Fit Performance Training Vest,activewear,Performance Training Vest,Unisex,Red,M,Regular Fit,Polyester,Roadster,2199,4.7,All-Season,"Elevate your look with this stylish Red performance training vest by Roadster. Designed in a comfortable Regular Fit using high-grade Polyester, perfect for casual or semi-formal outings."
PRD3984,Levi's Women's Red Slim Fit Dry-Fit Workout Tee,activewear,Dry-Fit Workout Tee,Women,Red,L,Slim Fit,Cotton,Levi's,1449,4.2,Summer,"Essential Levi's Women's dry-fit workout tee tailored with a modern Slim Fit. Made of soft, breathable Cotton in rich Red. Ideal choice for Summer."
PRD3985,Puma Women's Purple Skinny Fit Athletic Track Pants,activewear,Athletic Track Pants,Women,Purple,XL,Skinny Fit,Polyester,Puma,2449,4.2,Summer,"Crafted from premium Polyester, this Puma Purple athletic track pants offers exceptional comfort and durability for Summer wardrobe styling. Features a sleek Skinny Fit design."
PRD3986,Adidas Men's Red Skinny Fit Performance Training Vest,activewear,Performance Training Vest,Men,Red,S,Skinny Fit,Cotton,Adidas,2649,4.5,All-Season,"Elevate your look with this stylish Red performance training vest by Adidas. Designed in a comfortable Skinny Fit using high-grade Cotton, perfect for casual or semi-formal outings."
PRD3987,W Women's Yellow Slim Fit Athletic Track Pants,activewear,Athletic Track Pants,Women,Yellow,XXL,Slim Fit,Rayon,W,1499,5.0,All-Season,"Essential W Women's athletic track pants tailored with a modern Slim Fit. Made of soft, breathable Rayon in rich Yellow. Ideal choice for All-Season."
PRD3988,FabIndia Men's Maroon Regular Fit Athletic Track Pants,activewear,Athletic Track Pants,Men,Maroon,S,Regular Fit,Cotton,FabIndia,1349,4.8,Summer,"Top-rated FabIndia athletic track pants featuring premium Maroon Cotton. Tailored to a comfortable Regular Fit, ideal for everyday wear during Summer."
PRD3989,Biba Unisex's Blue Slim Fit Athletic Track Pants,activewear,Athletic Track Pants,Unisex,Blue,M,Slim Fit,Polyester,Biba,1449,3.6,All-Season,"Elevate your look with this stylish Blue athletic track pants by Biba. Designed in a comfortable Slim Fit using high-grade Polyester, perfect for casual or semi-formal outings."
PRD3990,Tommy Hilfiger Women's Blue Slim Fit Running Shorts with Liner,activewear,Running Shorts with Liner,Women,Blue,XXL,Slim Fit,Cotton,Tommy Hilfiger,1399,4.8,Summer,"Top-rated Tommy Hilfiger running shorts with liner featuring premium Blue Cotton. Tailored to a comfortable Slim Fit, ideal for everyday wear during Summer."
PRD3991,US Polo Assn Women's Beige Regular Fit Athletic Track Pants,activewear,Athletic Track Pants,Women,Beige,XL,Regular Fit,Cotton,US Polo Assn,2299,4.6,Summer,"Elevate your look with this stylish Beige athletic track pants by US Polo Assn. Designed in a comfortable Regular Fit using high-grade Cotton, perfect for casual or semi-formal outings."
PRD3992,W Women's Green Slim Fit Compression Leggings,activewear,Compression Leggings,Women,Green,XXL,Slim Fit,Polyester,W,2199,3.6,All-Season,Stay fashion-forward with this versatile Green compression leggings from W. Includes a refined Slim Fit profile and high quality Polyester fabric.
PRD3993,Jack & Jones Unisex's Black Skinny Fit Running Shorts with Liner,activewear,Running Shorts with Liner,Unisex,Black,S,Skinny Fit,Rayon,Jack & Jones,1599,4.3,All-Season,"Top-rated Jack & Jones running shorts with liner featuring premium Black Rayon. Tailored to a comfortable Skinny Fit, ideal for everyday wear during All-Season."
PRD3994,Nike Men's Beige Skinny Fit Performance Training Vest,activewear,Performance Training Vest,Men,Beige,S,Skinny Fit,Rayon,Nike,2949,4.7,Summer,"Essential Nike Men's performance training vest tailored with a modern Skinny Fit. Made of soft, breathable Rayon in rich Beige. Ideal choice for Summer."
PRD3995,Mango Women's Grey Skinny Fit Dry-Fit Workout Tee,activewear,Dry-Fit Workout Tee,Women,Grey,S,Skinny Fit,Polyester,Mango,1099,3.9,All-Season,"Top-rated Mango dry-fit workout tee featuring premium Grey Polyester. Tailored to a comfortable Skinny Fit, ideal for everyday wear during All-Season."
PRD3996,Puma Men's Navy Regular Fit Running Shorts with Liner,activewear,Running Shorts with Liner,Men,Navy,S,Regular Fit,Polyester,Puma,1549,4.2,All-Season,"Top-rated Puma running shorts with liner featuring premium Navy Polyester. Tailored to a comfortable Regular Fit, ideal for everyday wear during All-Season."
PRD3997,Allen Solly Men's Red Slim Fit Athletic Track Pants,activewear,Athletic Track Pants,Men,Red,XL,Slim Fit,Cotton,Allen Solly,1949,4.2,Summer,Stay fashion-forward with this versatile Red athletic track pants from Allen Solly. Includes a refined Slim Fit profile and high quality Cotton fabric.
PRD3998,Zara Men's Grey Skinny Fit Performance Training Vest,activewear,Performance Training Vest,Men,Grey,XL,Skinny Fit,Cotton,Zara,1199,5.0,Summer,"Elevate your look with this stylish Grey performance training vest by Zara. Designed in a comfortable Skinny Fit using high-grade Cotton, perfect for casual or semi-formal outings."
PRD3999,Jack & Jones Men's Maroon Skinny Fit Athletic Track Pants,activewear,Athletic Track Pants,Men,Maroon,XL,Skinny Fit,Rayon,Jack & Jones,2499,4.5,All-Season,"Crafted from premium Rayon, this Jack & Jones Maroon athletic track pants offers exceptional comfort and durability for All-Season wardrobe styling. Features a sleek Skinny Fit design."
PRD4000,HRX Men's Beige Slim Fit Running Shorts with Liner,activewear,Running Shorts with Liner,Men,Beige,XXL,Slim Fit,Polyester,HRX,2899,4.8,Summer,Stay fashion-forward with this versatile Beige running shorts with liner from HRX. Includes a refined Slim Fit profile and high quality Polyester fabric.
